track_id,track_name,track_artist,track_album_name,track_album_release_date,playlist_genre,playlist_subgenre,energy,tempo,danceability,loudness,liveness,valence,speechiness,acousticness,instrumentalness,track_popularity,duration_ms,mode,key,time_signature,release_year,release_month,release_quarter,playlist_specified_genre
2plbrEY59IikOBgBGLjaoe,Die With A Smile,"Lady Gaga, Bruno Mars",Die With A Smile,2024-08-01,pop,mainstream,0.592,157.969,0.521,-7.777,0.122,0.535,0.0304,0.308,0.0,100,251668,0,6,3,2024,8,3,pop_mainstream
6dOtVTDdiauQNBQEDOtlAB,BIRDS OF A FEATHER,Billie Eilish,HIT ME HARD AND SOFT,2024-05-01,pop,mainstream,0.507,104.978,0.747,-10.171,0.117,0.438,0.0358,0.2,0.0608,97,210373,1,2,4,2024,5,2,pop_mainstream
7ne4VBA60CxGM75vw0EYad,That’s So True,Gracie Abrams,The Secret of Us (Deluxe),2024-10-01,pop,mainstream,0.808,108.548,0.554,-4.169,0.159,0.372,0.0368,0.214,0.0,93,166300,1,1,4,2024,10,4,pop_mainstream
1d7Ptw3qYcfpdLNL5REhtJ,Taste,Sabrina Carpenter,Short n' Sweet,2024-08-01,pop,mainstream,0.91,112.966,0.67,-4.07,0.304,0.786,0.0634,0.0939,0.0,81,157280,0,0,4,2024,8,3,pop_mainstream
5vNRhkKd0yEAg8suGBpjeY,APT.,"ROSÉ, Bruno Mars",APT.,2024-10-01,pop,mainstream,0.783,149.027,0.777,-4.477,0.355,0.939,0.26,0.0283,0.0,98,169917,0,0,4,2024,10,4,pop_mainstream
0WbMK4wrZ1wFSty9F7FCgu,"Good Luck, Babe!",Chappell Roan,"Good Luck, Babe!",2024-04-01,pop,mainstream,0.582,116.712,0.7,-5.96,0.0881,0.785,0.0356,0.0502,0.0,94,218424,0,11,4,2024,4,2,pop_mainstream
6MzofobZt2dm0Kf1hTThFz,Diet Pepsi,Addison Rae,Diet Pepsi,2024-08-01,pop,mainstream,0.561,150.069,0.669,-6.538,0.0954,0.841,0.0411,0.495,0.00962,88,169698,1,10,4,2024,8,3,pop_mainstream
3QaPy1KgI7nu9FJEQUgn6h,WILDFLOWER,Billie Eilish,HIT ME HARD AND SOFT,2024-05-01,pop,mainstream,0.247,148.101,0.467,-12.002,0.17,0.126,0.0431,0.612,0.000271,93,261467,0,6,4,2024,5,2,pop_mainstream
0UYnhUfnUj5adChuAXvLUB,Sailor Song,Gigi Perez,Sailor Song,2024-07-01,pop,mainstream,0.416,94.926,0.492,-10.439,0.203,0.297,0.0254,0.686,8.61e-05,71,211979,1,11,4,2024,7,3,pop_mainstream
1Es7AUAhQvapIcoh3qMKDL,Timeless (with Playboi Carti),"The Weeknd, Playboi Carti",Timeless,2024-09-01,hip-hop,mainstream,0.722,119.973,0.769,-5.485,0.111,0.57,0.0507,0.0584,2.56e-06,92,256000,0,11,4,2024,9,3,hip-hop_mainstream
3WOhcATHxK2SLNeP5W3v1v,Guess featuring billie eilish,"Charli xcx, Billie Eilish",Guess featuring Billie Eilish,2024-08-01,gaming,mainstream,0.667,130.019,0.776,-6.622,0.0761,0.618,0.0983,0.0146,0.3,85,145219,1,7,4,2024,8,3,gaming_mainstream
5N3hjp1WNayUPZrA8kJmJP,Please Please Please,Sabrina Carpenter,Please Please Please,2024-06-01,gaming,mainstream,0.586,107.071,0.669,-6.073,0.104,0.579,0.054,0.274,0.0,88,186365,1,9,4,2024,6,2,gaming_mainstream
1f18HzFpegqvH4ibGJyeMJ,2 hands,Tate McRae,2 hands,2024-11-01,pop,mainstream,0.806,104.032,0.608,-3.443,0.191,0.587,0.0486,0.121,0.0,79,181821,1,1,4,2024,11,4,pop_mainstream
2FQrifJ1N335Ljm3TjTVVf,A Bar Song (Tipsy),Shaboozey,A Bar Song (Tipsy),2024-04-01,gaming,mainstream,0.709,81.012,0.722,-4.95,0.0804,0.604,0.0273,0.0633,0.0,86,171292,1,9,4,2024,4,2,gaming_mainstream
4xdBrk0nFZaP54vvZj0yx7,HOT TO GO!,Chappell Roan,The Rise and Fall of a Midwest Princess,2023-09-01,gaming,mainstream,0.757,139.982,0.742,-4.981,0.305,0.957,0.0421,0.0187,0.0,88,184841,1,6,4,2023,9,3,gaming_mainstream
19KlZwqlT3fguP2BeHF1Q1,Disease,Lady Gaga,Disease,2024-10-01,pop,mainstream,0.917,100.987,0.562,-2.768,0.488,0.501,0.117,0.0513,0.0,86,229997,0,11,4,2024,10,4,pop_mainstream
5G345YEhvleYxQLfYUlEFv,Moonlit Floor (Kiss Me),LISA,Moonlit Floor (Kiss Me),2024-10-01,pop,mainstream,0.787,109.939,0.734,-3.951,0.312,0.672,0.116,0.126,0.0,82,155757,0,5,4,2024,10,4,pop_mainstream
7hR22TOX3RorxJPcsz5Wbo,Love Somebody,Morgan Wallen,Love Somebody,2024-10-01,pop,mainstream,0.843,122.064,0.619,-5.348,0.164,0.746,0.0284,0.00948,0.000118,86,204829,0,5,4,2024,10,4,pop_mainstream
51rfRCiUSvxXlCSCfIztBy,"I Love You, I'm Sorry",Gracie Abrams,The Secret of Us,2024-06-01,pop,mainstream,0.406,115.94,0.53,-7.507,0.133,0.338,0.033,0.656,0.0,90,157147,1,10,3,2024,6,2,pop_mainstream
1BJJbSX6muJVF2AK7uH1x4,Move,"Adam Port, Stryv, Keinemusik, Orso, Malachiii",Move,2024-06-01,gaming,mainstream,0.782,119.992,0.727,-8.529,0.225,0.655,0.042,0.0563,0.336,86,177599,0,8,4,2024,6,2,gaming_mainstream
3tFed7YsjGnIfxeLEQwx3R,"Sticky (feat. GloRilla, Sexyy Red & Lil Wayne)","Tyler TheCreator|, GloRilla, Sexyy Red, Lil Wayne",CHROMAKOPIA,2024-10-01,pop,mainstream,0.812,80.09,0.505,-3.986,0.444,0.664,0.461,0.285,0.0,88,255916,1,1,4,2024,10,4,pop_mainstream
2qSkIjg1o9h3YT9RAgYN75,Espresso,Sabrina Carpenter,Espresso,2024-04-01,gaming,mainstream,0.76,103.969,0.701,-5.478,0.185,0.69,0.0285,0.107,6.54e-05,90,175459,1,0,4,2024,4,2,gaming_mainstream
2CspwnypzT7rcWI9RfsoSb,Mantra,JENNIE,Mantra,2024-10-01,pop,mainstream,0.725,116.988,0.894,-4.984,0.0815,0.838,0.0432,0.00434,1.15e-05,89,136627,0,10,4,2024,10,4,pop_mainstream
0l0vcZMU7AOeQmUIREoI2U,Qué Pasaría...,"Rauw Alejandro, Bad Bunny",Cosa Nuestra,2024-11-01,pop,mainstream,0.563,105.008,0.833,-5.593,0.139,0.343,0.204,0.528,1.27e-05,82,182857,0,4,4,2024,11,4,pop_mainstream
2c7z5oRcPBbqRaBY2mLWcf,NEW DROP,Don Toliver,HARDSTONE PSYCHO,2024-06-01,hip-hop,mainstream,0.628,119.98,0.757,-6.715,0.221,0.321,0.101,0.189,0.0209,85,217333,0,4,4,2024,6,2,hip-hop_mainstream
7221xIgOnuakPdLqT0F3nP,I Had Some Help (Feat. Morgan Wallen),"Post Malone, Morgan Wallen",I Had Some Help,2024-05-01,gaming,mainstream,0.855,127.986,0.638,-4.86,0.245,0.731,0.0264,0.00757,0.0,84,178206,1,7,4,2024,5,2,gaming_mainstream
4IadxL6BUymXlh8RCJJu7T,Too Sweet,Hozier,Unheard,2024-03-01,gaming,mainstream,0.62,117.038,0.741,-5.505,0.0398,0.934,0.0412,0.0295,0.000809,77,251424,1,10,4,2024,3,1,gaming_mainstream
3siwsiaEoU4Kuuc9WKMUy5,No One Noticed,The Marías,Submarine,2024-05-01,pop,mainstream,0.339,97.989,0.705,-10.612,0.12,0.457,0.0278,0.552,0.0814,84,236907,1,7,4,2024,5,2,pop_mainstream
1cOboCuWYI2osTOfolMRS6,Tu Boda,"Oscar Maydon, Fuerza Regida",Tu Boda,2024-09-01,pop,mainstream,0.651,112.648,0.694,-6.968,0.0787,0.471,0.0784,0.496,1.36e-05,93,225881,1,6,3,2024,9,3,pop_mainstream
3Vr3zh0r7ALn8VLqCiRR10,Stargazing,Myles Smith,Stargazing,2024-05-01,gaming,mainstream,0.601,123.994,0.635,-6.129,0.11,0.332,0.0295,0.246,0.0,88,172533,0,1,4,2024,5,2,gaming_mainstream
4VI2Y5xg4gYynQqNQNQbTN,WHATCHU KNO ABOUT ME (with Sexyy Red),"GloRilla, Sexyy Red",WHATCHU KNO ABOUT ME (with Sexyy Red),2024-10-01,pop,mainstream,0.691,167.029,0.836,-4.222,0.282,0.703,0.363,0.00586,0.0,70,149461,1,1,4,2024,10,4,pop_mainstream
46kspZSY3aKmwQe7O77fCC,we can't be friends (wait for your love),Ariana Grande,eternal sunshine,2024-03-01,gaming,mainstream,0.646,115.842,0.645,-8.334,0.074,0.295,0.0427,0.0615,3.04e-05,81,228639,1,5,4,2024,3,1,gaming_mainstream
6tNQ70jh4OwmPGpYy6R2o9,Beautiful Things,Benson Boone,Beautiful Things,2024-01-01,gaming,mainstream,0.471,105.029,0.472,-5.692,0.14,0.219,0.0603,0.151,0.0,85,180304,1,10,3,2024,1,1,gaming_mainstream
0qeIFEGRQqHoaJtLCl0U73,DEGENERE 👑 (feat. benny blanco),"Myke Towers, benny blanco",LA PANTERA NEGRA (DELUXE),2024-10-01,pop,mainstream,0.709,194.055,0.744,-5.778,0.0847,0.712,0.284,0.0501,0.0,84,130880,0,6,4,2024,10,4,pop_mainstream
6aJn7Cst74cj4lNIiPRgav,Touch,KATSEYE,Touch,2024-07-01,pop,mainstream,0.904,167.033,0.739,-2.655,0.0948,0.788,0.0442,0.549,1.03e-05,85,129883,0,5,4,2024,7,3,pop_mainstream
17phhZDn6oGtzMe56NuWvj,Lose Control,Teddy Swims,I've Tried Everything But Therapy (Part 1),2023-09-01,pop,mainstream,0.604,159.92,0.561,-4.409,0.104,0.242,0.0337,0.199,1.9e-05,89,210689,1,9,3,2023,9,3,pop_mainstream
5uQ7de4EWjb3rkcFxyEOpu,Belong Together,Mark Ambor,Belong Together,2024-02-01,gaming,mainstream,0.668,90.969,0.646,-5.203,0.212,0.64,0.0282,0.491,0.0,82,148318,1,2,4,2024,2,1,gaming_mainstream
6WatFBLVB0x077xWeoVc2k,Si Antes Te Hubiera Conocido,KAROL G,Si Antes Te Hubiera Conocido,2024-06-01,latin,mainstream,0.668,128.027,0.924,-6.795,0.0678,0.787,0.0469,0.446,0.000594,93,195824,1,11,4,2024,6,2,latin_mainstream
3qhlB30KknSejmIvZZLjOD,End of Beginning,Djo,DECIDE,2022-09-01,pop,mainstream,0.454,159.982,0.689,-7.643,0.0707,0.912,0.0584,0.0351,0.00259,89,159246,1,2,4,2022,9,3,pop_mainstream
2OzhQlSqBEmt7hmkYxfT6m,Fortnight (feat. Post Malone),"Taylor Swift, Post Malone",THE TORTURED POETS DEPARTMENT,2024-04-01,pop,mainstream,0.386,192.004,0.504,-10.976,0.0961,0.281,0.0308,0.502,1.53e-05,84,228965,1,11,4,2024,4,2,pop_mainstream
0Sr7ssScx54yxdM2ols7nW,Q U E V A S H A C E R H O Y ?,"Omar Courtz, De La Rose",PRIMERA MUSA,2024-09-01,latin,mainstream,0.681,155.079,0.56,-6.304,0.106,0.388,0.244,0.103,0.0,89,223320,0,6,4,2024,9,3,latin_mainstream
6AI3ezQ4o3HUoP6Dhudph3,Not Like Us,Kendrick Lamar,Not Like Us,2024-05-01,hip-hop,mainstream,0.472,101.061,0.898,-7.001,0.141,0.214,0.0776,0.0107,0.0,88,274192,1,1,4,2024,5,2,hip-hop_mainstream
4p7DTkyrKqT98xlIwYYfXz,Running Wild,Jin,Happy,2024-11-01,pop,mainstream,0.711,146.921,0.487,-4.22,0.152,0.317,0.0322,0.000175,0.0,85,151647,1,8,4,2024,11,4,pop_mainstream
3mg9jYNC1NihbthlglzrWP,+57,"KAROL G, Feid, DFZM, Ovy On The Drums, J Balvin, Maluma, Ryan Castro, Blessd",+57,2024-11-01,latin,mainstream,0.712,91.98,0.848,-3.574,0.106,0.692,0.0981,0.221,0.0,84,298131,0,1,4,2024,11,4,latin_mainstream
0io16MKpbeDIdYzmGpQaES,Embrace It,Ndotz,Embrace It,2024-08-01,pop,mainstream,0.645,114.933,0.882,-7.233,0.057,0.788,0.0601,0.475,4.13e-05,87,104419,1,1,4,2024,8,3,pop_mainstream
2PnlsTsOTLE5jnBnNe2K0A,The Emptiness Machine,Linkin Park,The Emptiness Machine,2024-09-01,pop,mainstream,0.872,184.115,0.466,-3.344,0.121,0.806,0.0336,0.0156,0.0,89,190428,1,7,4,2024,9,3,pop_mainstream
7tI8dRuH2Yc6RuoTjxo4dU,Who,Jimin,MUSE,2024-07-01,pop,mainstream,0.756,116.034,0.66,-3.743,0.193,0.838,0.032,0.00289,0.0,92,170888,0,0,4,2024,7,3,pop_mainstream
40riOy7x9W7GXjyGp4pjAv,Hotel California - 2013 Remaster,Eagles,Hotel California (2013 Remaster),1976-12-01,rock,classic,0.508,147.125,0.579,-9.484,0.0575,0.609,0.027,0.00574,0.000494,81,391376,1,2,4,1976,12,4,rock_classic
57bgtoPSgt236HzfBOd8kj,Thunderstruck,AC/DC,The Razors Edge,1990-09-01,rock,classic,0.89,133.52,0.502,-5.175,0.217,0.259,0.0364,0.000147,0.0117,83,292880,1,4,4,1990,9,3,rock_classic
3dPQuX8Gs42Y7b454ybpMR,Seven Nation Army,The White Stripes,Elephant,2003-04-01,rock,classic,0.446,123.596,0.743,-7.807,0.337,0.278,0.0683,0.0039,0.118,82,232107,0,4,4,2003,4,2,rock_classic
70LcF31zb1H0PyJoS1Sx1r,Creep,Radiohead,Pablo Honey,1993-02-01,rock,classic,0.43,91.844,0.515,-9.935,0.129,0.104,0.0372,0.0097,0.000133,86,238640,1,7,4,1993,2,1,rock_classic
4P5KoWXOxwuobLmHXLMobV,Come As You Are,Nirvana,Nevermind (Remastered),1991-09-01,rock,classic,0.824,120.125,0.5,-5.846,0.0916,0.539,0.0388,0.00016,0.00161,76,218920,0,4,4,1991,9,3,rock_classic
48UPSzbZjgc449aqz8bxox,Californication,Red Hot Chili Peppers,Californication (Deluxe Edition),1999-06-01,rock,classic,0.767,96.483,0.592,-2.788,0.127,0.328,0.027,0.0021,0.00165,81,329733,0,9,4,1999,6,2,rock_classic
7snQQk1zcKl8gZ92AnueZW,Sweet Child O' Mine,Guns N' Roses,Appetite For Destruction,1987-07-01,rock,classic,0.952,125.304,0.445,-5.321,0.112,0.624,0.0522,0.09,0.0843,84,356067,1,6,4,1987,7,3,rock_classic
63T7DJ1AFDD6Bn8VzG6JE8,"Paint It, Black",The Rolling Stones,Aftermath,1966-04-01,rock,classic,0.795,158.691,0.464,-9.267,0.399,0.612,0.0926,0.0493,0.00244,81,202267,1,1,4,1966,4,2,rock_classic
0ofHAoxe9vBkTCp2UQIavz,Dreams - 2004 Remaster,Fleetwood Mac,Rumours (Super Deluxe),1977-02-01,rock,classic,0.492,120.151,0.828,-9.744,0.128,0.789,0.0276,0.0644,0.00428,84,257800,1,0,4,1977,2,1,rock_classic
5UWwZ5lm5PKu6eKsHAGxOk,Everlong,Foo Fighters,The Colour And The Shape,1997-05-01,rock,classic,0.881,158.066,0.413,-5.541,0.0805,0.364,0.0367,5.99e-05,0.000308,81,250547,0,11,4,1997,5,2,rock_classic
2Cdvbe2G4hZsnhNMKyGrie,I Love Rock 'N Roll,Joan Jett & the Blackhearts,I Love Rock 'N' Roll (Expanded Edition),1981-11-01,rock,classic,0.716,94.379,0.535,-5.025,0.659,0.901,0.0431,0.326,0.0,77,175173,1,4,4,1981,11,4,rock_classic
6zeE5tKyr8Nu882DQhhSQI,Dust in the Wind,Kansas,Point Of Know Return (Expanded Edition),1977-02-01,rock,classic,0.322,93.503,0.475,-10.687,0.11,0.387,0.0283,0.367,0.00056,79,206267,1,7,4,1977,2,1,rock_classic
4gMgiXfqyzZLMhsksGmbQV,"Another Brick in the Wall, Pt. 2",Pink Floyd,The Wall,1979-11-01,rock,classic,0.394,104.114,0.693,-15.882,0.247,0.721,0.0428,0.0782,0.000694,74,238747,1,0,4,1979,11,4,rock_classic
0X1sqQ652p1sceKM2nJlIJ,Runaway,Bon Jovi,Bon Jovi,1984-01-01,rock,classic,0.899,152.445,0.475,-4.321,0.14,0.603,0.0637,0.00375,1.91e-05,72,230667,0,9,4,1984,1,1,rock_classic
6L89mwZXSOwYl76YXfX13s,Basket Case,Green Day,Dookie,1994-02-01,rock,classic,0.943,85.064,0.442,-3.205,0.091,0.781,0.0602,0.00293,8.71e-06,80,181533,1,3,4,1994,2,1,rock_classic
3d9DChrdc6BOeFsbrZ3Is0,Under the Bridge,Red Hot Chili Peppers,Blood Sugar Sex Magik (Deluxe Edition),1991-09-01,rock,classic,0.345,84.581,0.559,-13.496,0.141,0.458,0.0459,0.0576,0.000105,82,264307,1,4,4,1991,9,3,rock_classic
1gzIbdFnGJ226LTl0Cn2SX,White Wedding - Pt. 1,Billy Idol,Billy Idol,1982-01-01,rock,classic,0.814,147.193,0.673,-5.411,0.343,0.728,0.0367,0.0134,0.00293,70,252200,1,9,4,1982,1,1,rock_classic
2SiXAy7TuUkycRVbbWDEpo,You Shook Me All Night Long,AC/DC,Back In Black,1980-07-01,rock,classic,0.767,127.361,0.532,-5.509,0.39,0.755,0.0574,0.00287,0.000513,81,210173,1,7,4,1980,7,3,rock_classic
2PzU4IB8Dr6mxV3lHuaG34,(I Can't Get No) Satisfaction - Mono Version,The Rolling Stones,Out Of Our Heads,1965-07-01,rock,classic,0.863,136.302,0.723,-7.89,0.128,0.931,0.0338,0.0383,0.0317,76,222813,1,2,4,1965,7,3,rock_classic
0pQskrTITgmCMyr85tb9qq,Starman - 2012 Remaster,David Bowie,The Rise and Fall of Ziggy Stardust and the Spiders from Mars (2012 Remaster),1972-06-01,rock,classic,0.449,100.456,0.486,-10.298,0.54,0.549,0.0267,0.166,2.23e-06,76,254293,1,5,4,1972,6,2,rock_classic
0hCB0YR03f6AmQaHbwWDe8,Whole Lotta Love - 1990 Remaster,Led Zeppelin,Led Zeppelin II (1994 Remaster),1969-10-01,rock,classic,0.902,89.74,0.412,-11.6,0.405,0.422,0.405,0.0484,0.131,72,333893,1,9,4,1969,10,4,rock_classic
14XWXWv5FoCbFzLksawpEe,Riders on the Storm,The Doors,L.A. Woman,1971-04-01,rock,classic,0.722,103.886,0.55,-11.729,0.11,0.716,0.0283,0.25,0.0129,70,434720,0,11,4,1971,4,2,rock_classic
6QewNVIDKdSl8Y3ycuHIei,Even Flow,Pearl Jam,Ten,1991-08-01,rock,classic,0.944,105.338,0.394,-6.506,0.298,0.265,0.0761,0.00178,4.54e-06,77,292581,0,10,4,1991,8,3,rock_classic
0dOg1ySSI7NkpAe89Zo0b9,Born in the U.S.A.,Bruce Springsteen,Born In The U.S.A.,1984-06-01,rock,classic,0.952,122.093,0.398,-6.042,0.1,0.584,0.061,0.000373,7.75e-05,72,278680,1,4,4,1984,6,2,rock_classic
57iDDD9N9tTWe75x6qhStw,Bitter Sweet Symphony - Remastered 2016,The Verve,Urban Hymns (Remastered 2016),1997-09-01,rock,classic,0.917,171.176,0.356,-6.006,0.406,0.518,0.0479,0.0335,0.0,79,357267,1,9,4,1997,9,3,rock_classic
2N2yrmodOnVF10mKvItC9P,Don't Cry (Original),Guns N' Roses,Use Your Illusion I,1991-09-01,rock,classic,0.589,124.634,0.455,-8.64,0.104,0.254,0.0328,0.00184,0.00358,75,283733,1,11,4,1991,9,3,rock_classic
2aoo2jlRnM3A0NyLQqMN2f,All Along the Watchtower,Jimi Hendrix,Electric Ladyland,1968-10-01,rock,classic,0.805,113.253,0.438,-6.237,0.0842,0.564,0.0624,0.00255,5.69e-05,72,240800,1,8,4,1968,10,4,rock_classic
18AXbzPzBS8Y3AkgSxzJPb,In The Air Tonight - 2015 Remastered,Phil Collins,Face Value (Deluxe Editon),1981-01-01,rock,classic,0.239,189.507,0.446,-13.945,0.0697,0.298,0.0316,0.551,4.1e-06,76,336453,1,0,4,1981,1,1,rock_classic
1i6N76fftMZhijOzFQ5ZtL,Psycho Killer - 2005 Remaster,Talking Heads,Talking Heads '77 (Deluxe Version),1977-09-01,rock,classic,0.521,123.118,0.721,-8.123,0.127,0.942,0.0613,0.0708,0.00545,76,261413,1,2,4,1977,9,3,rock_classic
45Ia1U4KtIjAPPU7Wv1Sea,Are You Gonna Go My Way,Lenny Kravitz,Are You Gonna Go My Way,1993-03-01,rock,classic,0.67,129.269,0.619,-10.322,0.331,0.777,0.0353,0.00165,0.0109,71,211933,0,11,4,1993,3,1,rock_classic
54bm2e3tk8cliUz3VSdCPZ,Master of Puppets (Remastered),Metallica,Master of Puppets (Remastered Deluxe Box Set),1986-03-01,rock,classic,0.828,105.25,0.539,-9.108,0.154,0.562,0.035,0.00067,0.421,70,515387,0,4,4,1986,3,1,rock_classic
254bXAqt3zP6P50BdQvEsq,Everywhere - 2017 Remaster,Fleetwood Mac,Tango In the Night (Deluxe Edition),1987-04-01,rock,classic,0.487,114.965,0.73,-10.991,0.0852,0.731,0.0303,0.258,0.01,79,226653,1,4,4,1987,4,2,rock_classic
2LawezPeJhN4AWuSB0GtAU,Have You Ever Seen The Rain,Creedence Clearwater Revival,Pendulum (Expanded Edition),1970-12-01,rock,classic,0.697,116.109,0.741,-7.028,0.133,0.774,0.0277,0.0664,2.28e-05,84,160133,1,0,4,1970,12,4,rock_classic
4alHo6RGd0D3OUbTPExTHN,Just What I Needed,The Cars,The Cars,1978-06-01,rock,classic,0.579,127.215,0.62,-9.307,0.0858,0.691,0.0473,0.0152,6.4e-05,69,225627,1,4,4,1978,6,2,rock_classic
5ghIJDpPoe3CfHMGu71E6T,Smells Like Teen Spirit,Nirvana,Nevermind (Remastered),1991-09-01,rock,classic,0.912,116.761,0.502,-4.556,0.106,0.72,0.0564,2.55e-05,0.000173,76,301920,1,1,4,1991,9,3,rock_classic
59WN2psjkt1tyaxjspN8fp,Killing In The Name,Rage Against The Machine,Rage Against The Machine - XX (20th Anniversary Special Edition),1992-09-01,rock,classic,0.833,88.785,0.466,-4.215,0.0327,0.661,0.304,0.0266,0.0,78,313573,1,7,4,1992,9,3,rock_classic
2EqlS6tkEnglzr7tkKAAYD,Come Together - Remastered 2009,The Beatles,Abbey Road (Remastered),1969-09-01,rock,classic,0.376,164.775,0.53,-11.913,0.0926,0.188,0.04,0.0304,0.247,75,259947,0,9,4,1969,9,3,rock_classic
4DMKwE2E2iYDKY01C335Uw,Carry on Wayward Son,Kansas,Leftoverture (Expanded Edition),1976-12-01,rock,classic,0.786,126.755,0.482,-5.735,0.446,0.793,0.032,0.00321,8.88e-05,73,323000,1,7,4,1976,12,4,rock_classic
1FTSo4v6BOZH9QxKc3MbVM,Song 2 - 2012 Remaster,Blur,Blur (Special Edition),1997-02-01,rock,classic,0.789,129.802,0.674,-6.903,0.0753,0.918,0.0676,0.00178,0.00708,78,121160,1,8,4,1997,2,1,rock_classic
7wCmS9TTVUcIhRalDYFgPy,Where Is My Mind? - 2007 Remaster,Pixies,Surfer Rosa (2007 Remaster),1988-03-01,rock,classic,0.441,81.334,0.519,-14.178,0.076,0.25,0.0353,0.0204,0.000453,76,234973,1,4,4,1988,3,1,rock_classic
39shmbIHICJ2Wxnk1fPSdz,Should I Stay or Should I Go - Remastered,The Clash,Combat Rock (Remastered),1982-01-01,rock,classic,0.836,113.375,0.743,-6.465,0.384,0.82,0.116,0.0804,0.0,80,188987,1,2,4,1982,1,1,rock_classic
57JVGBtBLCfHw2muk5416J,Another One Bites The Dust - Remastered 2011,Queen,The Game (Deluxe Remastered Version),1980-06-01,rock,classic,0.528,109.975,0.932,-6.472,0.163,0.757,0.161,0.115,0.329,71,214653,0,5,4,1980,6,2,rock_classic
4VqPOruhp5EdPBeR92t6lQ,Uprising,Muse,The Resistance,2009-09-01,rock,classic,0.905,128.019,0.602,-4.046,0.117,0.411,0.0775,0.000202,0.064,75,304840,1,2,4,2009,9,3,rock_classic
1qRA5BS78u3gME0loMl9AA,For What It's Worth,Buffalo Springfield,Buffalo Springfield,1966-12-01,rock,classic,0.519,98.883,0.653,-10.164,0.101,0.822,0.0497,0.406,0.0209,76,153693,1,2,4,1966,12,4,rock_classic
0upLyFR8Rr52ZpMp5esQoq,You Really Got Me - 2015 Remaster,Van Halen,Van Halen (Remastered),1978-02-01,rock,classic,0.946,138.18,0.454,-5.978,0.173,0.647,0.13,0.0223,0.0,68,156147,0,1,4,1978,2,1,rock_classic
2EoOZnxNgtmZaD8uUmz2nD,Black Hole Sun,Soundgarden,Superunknown (Deluxe Edition),1994-03-01,rock,classic,0.828,105.435,0.35,-5.373,0.0774,0.147,0.041,0.000217,0.000161,76,318587,1,6,4,1994,3,1,rock_classic
4YMQXzscifAREG0a7KNGhB,Black Magic Woman - Single Version,Santana,Santana's Greatest Hits,1994-07-01,rock,classic,0.349,124.348,0.489,-14.295,0.0866,0.622,0.0323,0.676,0.0789,70,196467,0,2,4,1994,7,3,rock_classic
1OxcIUqVmVYxT6427tbhDW,Fly Away,Lenny Kravitz,5,1998-05-01,rock,classic,0.872,159.925,0.587,-5.066,0.622,0.735,0.0484,0.018,0.0,73,221333,1,7,4,1998,5,2,rock_classic
1oYYd2gnWZYrt89EBXdFiO,Message In A Bottle,The Police,Reggatta De Blanc (Remastered 2003),1979-10-01,rock,classic,0.808,151.008,0.577,-7.04,0.221,0.869,0.039,0.0338,1.33e-05,75,290280,0,1,4,1979,10,4,rock_classic
7Jh1bpe76CNTCgdgAdBw4Z,Heroes - 2017 Remaster,David Bowie,"""Heroes"" (2017 Remaster)",1977-02-01,rock,classic,0.758,112.113,0.489,-6.491,0.092,0.435,0.0297,0.000678,0.49,72,371413,1,7,4,1977,2,1,rock_classic
78lgmZwycJ3nzsdgmPPGNx,Immigrant Song - Remaster,Led Zeppelin,Led Zeppelin III (Remaster),1970-12-01,rock,classic,0.932,112.937,0.564,-10.068,0.349,0.619,0.0554,0.013,0.169,75,146250,1,11,4,1970,12,4,rock_classic
2RlgNHKcydI9sayD2Df2xp,Mr. Blue Sky,Electric Light Orchestra,Out of the Blue,1977-02-01,rock,classic,0.338,177.765,0.388,-10.054,0.248,0.478,0.0329,0.652,3.73e-06,76,303373,1,10,4,1977,2,1,rock_classic
08mG3Y1vljYA6bvDt4Wqkj,Back In Black,AC/DC,Back In Black,1980-07-01,rock,classic,0.7,188.386,0.31,-5.678,0.0828,0.763,0.047,0.011,0.00965,83,255493,1,9,4,1980,7,3,rock_classic
4KfSdst7rW39C0sfhArdrz,Barracuda,Heart,Little Queen,1977-05-01,rock,classic,0.691,137.145,0.548,-13.553,0.144,0.667,0.0369,0.015,0.106,74,261933,0,4,4,1977,5,2,rock_classic
3gdewACMIVMEWVbyb8O9sY,"Rocket Man (I Think It's Going To Be A Long, Long Time)",Elton John,Honky Chateau,1972-05-01,rock,classic,0.532,136.576,0.601,-9.119,0.0925,0.342,0.0286,0.433,5.95e-06,79,281613,1,10,4,1972,5,2,rock_classic
11LmqTE2naFULdEP94AUBa,Heart-Shaped Box,Nirvana,In Utero (Deluxe Edition),1993-09-01,rock,classic,0.641,203.006,0.256,-10.283,0.0853,0.382,0.0552,0.199,0.0329,79,281160,1,1,4,1993,9,3,rock_classic
6gXrEUzibufX9xYPk3HD5p,Life in the Fast Lane - 2013 Remaster,Eagles,Hotel California (2013 Remaster),1976-12-01,rock,classic,0.755,109.535,0.667,-7.246,0.0523,0.883,0.069,0.0966,6.94e-05,68,286220,1,9,4,1976,12,4,rock_classic
2374M0fQpWi3dLnB54qaLX,Africa,TOTO,Toto IV,1982-04-01,rock,classic,0.373,92.718,0.671,-18.064,0.0481,0.732,0.0323,0.257,8.01e-05,83,295893,1,9,4,1982,4,2,rock_classic
5QTxFnGygVM4jFQiBovmRo,(Don't Fear) The Reaper,Blue Öyster Cult,Agents Of Fortune,1976-12-01,rock,classic,0.927,141.466,0.333,-8.55,0.297,0.385,0.0733,0.0029,0.000208,75,308120,0,9,4,1976,12,4,rock_classic
5QLHGv0DfpeXLNFo7SFEy1,1979 - Remastered 2012,The Smashing Pumpkins,Mellon Collie And The Infinite Sadness (Deluxe Edition),1995-04-01,rock,classic,0.787,126.879,0.767,-9.897,0.0513,0.964,0.0331,0.0163,0.583,77,266200,1,3,4,1995,4,2,rock_classic
5HNCy40Ni5BZJFw1TKzRsC,Comfortably Numb,Pink Floyd,The Wall,1979-11-01,rock,classic,0.366,127.163,0.472,-12.595,0.0837,0.171,0.0286,0.15,0.312,71,382297,0,11,4,1979,11,4,rock_classic
3qT4bUD1MaWpGrTwcvguhb,Black Dog - Remaster,Led Zeppelin,Led Zeppelin IV (Deluxe Edition),1971-11-01,rock,classic,0.864,81.394,0.437,-7.842,0.242,0.749,0.0904,0.396,0.0314,69,295387,0,4,4,1971,11,4,rock_classic
6y20BV5L33R8YXM0YuI38N,No One Knows,Queens of the Stone Age,Songs For The Deaf,2002-01-01,rock,classic,0.584,170.411,0.509,-4.907,0.384,0.685,0.057,0.0368,9.96e-05,69,278747,1,0,4,2002,1,1,rock_classic
4nXkbcTj3nyww1cHkw5RAP,Long Train Runnin',The Doobie Brothers,The Captain and Me,1973-01-01,rock,classic,0.912,117.399,0.575,-7.275,0.0562,0.843,0.0393,0.0916,0.00211,69,207267,0,7,4,1973,1,1,rock_classic
5PntSbMHC1ud6Vvl8x56qd,Loser,Beck,Mellow Gold,1994-03-01,rock,classic,0.611,85.387,0.654,-10.45,0.405,0.786,0.119,0.0337,0.000178,69,235000,1,2,4,1994,3,1,rock_classic
1fDsrQ23eTAVFElUMaf38X,American Pie,Don McLean,American Pie,1971-04-01,rock,classic,0.482,138.453,0.529,-11.709,0.0842,0.492,0.0599,0.7,0.0,74,516893,0,4,4,1971,4,2,rock_classic
3EYOJ48Et32uATr9ZmLnAo,Roxanne,The Police,Outlandos D'Amour (Remastered 2003),1978-11-01,rock,classic,0.748,134.114,0.618,-8.905,0.0473,0.663,0.358,0.0384,4.1e-06,77,191947,1,0,4,1978,11,4,rock_classic
1HOMkjp0nHMaTnfAkslCQj,My Sharona,The Knack,Get The Knack,1979-01-01,rock,classic,0.7,147.245,0.586,-9.558,0.0318,0.897,0.0363,0.0589,0.00125,69,295400,1,0,4,1979,1,1,rock_classic
5p3JunprHCxClJjOmcLV8G,Walk On the Wild Side,Lou Reed,Transformer,1972-12-01,rock,classic,0.318,104.522,0.575,-16.729,0.0934,0.385,0.109,0.683,0.000202,74,254173,1,0,4,1972,12,4,rock_classic
43DeSV93pJPT4lCZaWZ6b1,The Boys Are Back In Town,Thin Lizzy,Jailbreak (Deluxe Edition),1976-12-01,rock,classic,0.706,80.823,0.445,-9.803,0.205,0.768,0.0461,0.234,0.000252,70,266720,1,8,4,1976,12,4,rock_classic
2zYzyRzz6pRmhPzyfMEC8s,Highway to Hell,AC/DC,Highway to Hell,1979-07-01,rock,classic,0.913,115.728,0.574,-4.793,0.156,0.423,0.133,0.061,0.00158,84,208400,0,6,4,1979,7,3,rock_classic
4U45aEWtQhrm8A5mxPaFZ7,Vienna,Billy Joel,The Stranger (Legacy Edition),1977-02-01,rock,classic,0.495,124.936,0.532,-6.662,0.0754,0.308,0.0343,0.659,0.0,79,214240,1,10,4,1977,2,1,rock_classic
1L94M3KIu7QluZe63g64rv,Alive,Pearl Jam,Ten,1991-08-01,rock,classic,0.875,75.009,0.284,-6.069,0.402,0.595,0.0422,0.00752,0.000461,73,340907,0,11,4,1991,8,3,rock_classic
6pPWRBubXOBAHnjl5ZIujB,The Best,Tina Turner,Foreign Affair,1989-09-01,rock,classic,0.737,103.867,0.662,-9.54,0.119,0.744,0.0296,0.108,0.0191,69,329800,1,0,4,1989,9,3,rock_classic
0uppYCG86ajpV2hSR3dJJ0,Give It Away,Red Hot Chili Peppers,Blood Sugar Sex Magik (Deluxe Edition),1991-09-01,rock,classic,0.936,91.577,0.666,-9.919,0.153,0.776,0.0476,0.00244,0.086,72,282907,1,7,4,1991,9,3,rock_classic
6ORqU0bHbVCRjXm9AjyHyZ,Good Riddance (Time of Your Life),Green Day,Nimrod,1997-10-01,rock,classic,0.432,94.605,0.475,-7.844,0.161,0.648,0.0302,0.183,0.0,79,153467,1,7,4,1997,10,4,rock_classic
4gvea7UlDkAvsJBPZAd4oB,The Boys Of Summer,Don Henley,Building The Perfect Beast,1984-11-01,rock,classic,0.549,176.941,0.516,-13.741,0.184,0.907,0.0373,0.501,0.00572,73,288733,1,6,4,1984,11,4,rock_classic
6ToM0uwxtPKo9CMpbPGYvM,Break on Through (To the Other Side),The Doors,The Doors,1967-01-01,rock,classic,0.751,89.839,0.421,-9.584,0.17,0.789,0.0472,0.2,0.0,72,145867,1,9,4,1967,1,1,rock_classic
0Puj4YlTm6xNzDDADXHMI9,Sabotage,Beastie Boys,Ill Communication,1994-05-01,rock,classic,0.938,168.131,0.324,-7.332,0.0961,0.543,0.102,0.032,0.0321,71,178440,0,6,4,1994,5,2,rock_classic
0PdM2a6oIjqepoEfcJo0RO,Pour Some Sugar On Me - Remastered 2017,Def Leppard,Hysteria (Super Deluxe),1987-08-01,rock,classic,0.953,84.989,0.267,-4.899,0.283,0.568,0.096,0.00211,0.0,72,267307,0,1,4,1987,8,3,rock_classic
5OQsiBsky2k2kDKy2bX2eT,Learn to Fly,Foo Fighters,There Is Nothing Left To Lose,1999-11-01,rock,classic,0.919,135.997,0.465,-4.025,0.262,0.537,0.0408,1.83e-05,2.07e-05,73,235293,1,4,4,1999,11,4,rock_classic
0vOkmmJEtjuFZDzrQSFzEE,Hit Me With Your Best Shot,Pat Benatar,Crimes Of Passion,1980-08-01,rock,classic,0.58,127.402,0.741,-9.05,0.212,0.944,0.0304,0.117,3.61e-05,70,171267,1,4,4,1980,8,3,rock_classic
6GtX0jaNL8IjVQfrDBx81z,Bullet With Butterfly Wings - Remastered 2012,The Smashing Pumpkins,Mellon Collie And The Infinite Sadness (Deluxe Edition),1995-04-01,rock,classic,0.72,121.864,0.404,-9.18,0.0466,0.475,0.0623,5.59e-05,0.836,73,258467,0,10,4,1995,4,2,rock_classic
6qLEOZvf5gI7kWE63JE7p3,Interstate Love Song - 2019 Remaster,Stone Temple Pilots,Purple (2019 Remaster),1994-06-01,rock,classic,0.927,170.814,0.215,-7.327,0.126,0.49,0.0452,0.000273,0.00661,72,194853,1,9,4,1994,6,2,rock_classic
5jzma6gCzYtKB1DbEwFZKH,London Calling - Remastered,The Clash,London Calling (Remastered),1979-11-01,rock,classic,0.801,133.769,0.651,-7.34,0.0825,0.776,0.0514,0.123,0.0,70,200480,1,0,4,1979,11,4,rock_classic
6mFkJmJqdDVQ1REhVfGgd1,Wish You Were Here,Pink Floyd,Wish You Were Here,1975-09-01,rock,classic,0.262,122.861,0.481,-15.73,0.832,0.375,0.0414,0.735,0.0114,75,334744,1,7,4,1975,9,3,rock_classic
5tVA6TkbaAH9QMITTQRrNv,Free Fallin',Tom Petty,Full Moon Fever,1989-01-01,rock,classic,0.449,84.383,0.623,-13.333,0.0613,0.573,0.0253,0.212,0.0,75,256000,1,5,4,1989,1,1,rock_classic
6txWz9UapYHVxEd7dDIHXT,No Rain,Blind Melon,Blind Melon,1992-01-01,rock,classic,0.476,148.117,0.389,-9.342,0.255,0.566,0.0316,0.619,5.09e-05,73,217107,1,9,4,1992,1,1,rock_classic
05RgAMGypEvqhNs5hPCbMS,Panama - 2015 Remaster,Van Halen,1984 (Remastered),1984-01-01,rock,classic,0.978,141.167,0.526,-5.436,0.0744,0.451,0.108,0.00122,4.75e-05,72,210227,1,8,4,1984,1,1,rock_classic
5sFDReWLrZHLFZFjHsjUTS,Would? (2022 Remaster),Alice In Chains,Dirt (2022 Remaster),1992-09-01,rock,classic,0.842,100.127,0.297,-7.457,0.0848,0.586,0.0488,0.000286,9.1e-06,72,206773,1,6,4,1992,9,3,rock_classic
6hTcuIQa0sxrrByu9wTD7s,Born to Run,Bruce Springsteen,Born To Run,1975-08-01,rock,classic,0.944,146.347,0.27,-4.199,0.116,0.606,0.0975,0.00501,2.05e-05,70,269920,1,4,4,1975,8,3,rock_classic
648TTtYB0bH0P8Hfy0FmkL,Unforgettable,Nat King Cole,Unforgettable,1954-01-01,jazz,classic,0.182,136.094,0.349,-13.507,0.143,0.178,0.031,0.92,0.0152,69,191973,1,5,3,1954,1,1,jazz_classic
2xizRhme7pYeITbH1NLLGt,"Tchaikovsky: Swan Lake, Op. 20, Act 2: No. 10, Scene. Moderato","Pyotr Ilyich Tchaikovsky, André Previn, London Symphony Orchestra",Tchaikovsky: Swan Lake,1976-01-01,classical,essential,0.164,58.303,0.136,-18.756,0.109,0.071,0.0364,0.911,0.916,68,166867,0,4,4,1976,1,1,classical_essential
3DNRdudZ2SstnDCVKFdXxG,"Sonata No. 14 ""Moonlight"" in C-Sharp Minor"", Op. 27 No. 2: I. Adagio sostenuto","Ludwig van Beethoven, Paul Lewis","Beethoven: Piano Sonatas, Vol.3",2007-09-01,classical,essential,0.00527,170.612,0.184,-37.264,0.173,0.151,0.0432,0.995,0.887,68,315427,0,1,3,2007,9,3,classical_essential
1BncfTJAWxrsxyT9culBrj,Experience,"Ludovico Einaudi, Daniel Hope, I Virtuosi Italiani",In A Time Lapse,2013-01-01,classical,essential,0.449,92.468,0.447,-10.634,0.0697,0.036,0.0376,0.934,0.961,75,315427,1,2,4,2013,1,1,classical_essential
2EKL77lwxvo615Ga7VjEUl,HIM ALL ALONG,Gunna,HIM ALL ALONG,2024-10-01,hip-hop,modern,0.507,130.007,0.872,-6.323,0.111,0.506,0.072,0.195,0.0,76,158667,0,4,4,2024,10,4,hip-hop_modern
4CkbpelT92r4dVkceDX9g1,Leave Me Alone,BigXthaPlug,TAKE CARE,2024-10-01,hip-hop,modern,0.802,128.085,0.835,-4.286,0.0882,0.374,0.243,0.0311,7.33e-06,71,143778,1,7,4,2024,10,4,hip-hop_modern
2t4H61OtTYgmDe61KxkjKH,PLUTOSKI,Future,MIXTAPE PLUTO,2024-09-01,hip-hop,modern,0.533,120.011,0.794,-8.206,0.207,0.15,0.0591,0.14,2.76e-05,73,179023,1,9,4,2024,9,3,hip-hop_modern
5xeSd4HgzrYpNLEf3LfYLK,WHATCHU KNO ABOUT ME (feat. Sexyy Red),"GloRilla, Sexyy Red",GLORIOUS,2024-10-01,hip-hop,modern,0.684,166.976,0.832,-4.691,0.229,0.68,0.359,0.00449,0.0,78,149461,1,1,4,2024,10,4,hip-hop_modern
6afQ4fJDJ9QqU5BKIH99Ej,Insecurities,Lil Baby,Insecurities,2024-11-01,hip-hop,modern,0.642,111.907,0.65,-5.332,0.0855,0.186,0.04,0.00502,0.0,70,127154,1,2,4,2024,11,4,hip-hop_modern
76Ku9OBFK1NjMylR8r4WLK,Gang Baby,NLE Choppa,SLUT SZN,2024-09-01,hip-hop,modern,0.699,129.054,0.92,-6.635,0.0745,0.484,0.358,0.00768,0.0,72,138180,1,11,4,2024,9,3,hip-hop_modern
487JCvAXVblflZyDJn3fSp,Help Me,Real Boston Richey,Help Me,2024-05-01,hip-hop,modern,0.709,78.53,0.749,-6.385,0.329,0.564,0.259,0.155,0.0,73,181166,1,6,4,2024,5,2,hip-hop_modern
1560osUcXrnov6yuOjXvc1,No Face,Drake,No Face,2024-08-01,hip-hop,modern,0.69,125.951,0.853,-5.858,0.0835,0.471,0.0647,0.0771,0.0,78,137143,1,10,4,2024,8,3,hip-hop_modern
3aCPResPDNae3pXTocGpYe,LIL DEMON,Future,MIXTAPE PLUTO,2024-09-01,hip-hop,modern,0.754,131.001,0.863,-5.851,0.0913,0.301,0.0611,0.00125,0.0,77,139197,1,11,4,2024,9,3,hip-hop_modern
62oLxos6R04SVYL1lXidvu,2 Slippery (feat. BossMan Dlow),"Luh Tyler, BossMan Dlow",Mr. Skii,2024-08-01,hip-hop,modern,0.4,106.682,0.608,-9.519,0.119,0.089,0.32,0.029,0.000327,69,159228,1,1,5,2024,8,3,hip-hop_modern
4lwfqyQXSDJ7kELpMErMih,Sorry Not Sorry,"Lil Yachty, Veeze",Sorry Not Sorry,2024-08-01,hip-hop,modern,0.509,157.94,0.662,-9.159,0.266,0.549,0.322,0.247,0.0,70,136709,1,1,4,2024,8,3,hip-hop_modern
2cZOYofOX4d6g0OXxkaIjA,ALL RED,Playboi Carti,ALL RED,2024-09-01,hip-hop,modern,0.663,143.082,0.76,-4.763,0.305,0.209,0.0551,0.109,0.0,81,148053,0,9,4,2024,9,3,hip-hop_modern
1Ftb0PK0Qqwax3gofiMd2X,I CAN’T LET GO,"Lil Tecca, Don Toliver",PLAN A,2024-09-01,hip-hop,modern,0.761,147.216,0.649,-4.204,0.207,0.313,0.152,0.00694,0.0,73,150204,1,8,4,2024,9,3,hip-hop_modern
4ppKM7xnkSAwSyKqD4QTY4,Chill Bae,Lil Uzi Vert,Eternal Atake 2,2024-11-01,hip-hop,modern,0.663,184.057,0.672,-5.984,0.134,0.381,0.243,0.112,0.0,76,138324,1,3,4,2024,11,4,hip-hop_modern
26TX1oZbaDeKxfTYDclSAo,2AM,BigXthaPlug,TAKE CARE,2024-10-01,hip-hop,modern,0.681,114.991,0.884,-5.839,0.277,0.324,0.149,0.0439,0.0,69,184294,1,8,4,2024,10,4,hip-hop_modern
1qIwin7JMVuX70qN6wD8ww,It's Up (feat. Young Thug & 21 Savage),"Drake, Young Thug, 21 Savage",100 GIGS,2024-08-01,hip-hop,modern,0.723,139.942,0.783,-4.881,0.159,0.294,0.135,0.0264,0.0,76,278001,1,1,4,2024,8,3,hip-hop_modern
2JapCT0xikq6Fy1PQiJz1C,The Viper,BabyChiefDoit,The Viper,2024-09-01,hip-hop,modern,0.831,139.905,0.652,-5.972,0.269,0.648,0.264,0.0111,0.0,68,150997,0,10,4,2024,9,3,hip-hop_modern
1JF8LkQWZ8grXb2emqrNKn,Brokey,Latto,Sugar Honey Iced Tea,2024-08-01,hip-hop,modern,0.525,75.013,0.776,-6.723,0.108,0.467,0.137,0.0366,0.0,70,217613,1,1,4,2024,8,3,hip-hop_modern
0U60hgxzGit7juEuHul2y3,25,Rod Wave,Last Lap,2024-10-01,hip-hop,modern,0.5,63.925,0.427,-8.269,0.127,0.269,0.141,0.286,0.0,76,180000,1,0,5,2024,10,4,hip-hop_modern
3lUYO6zvXI88sNDpyKvIJ2,Or What,"NLE Choppa, 41, Kyle Richh",Or What,2024-09-01,hip-hop,modern,0.586,125.845,0.731,-7.564,0.0987,0.147,0.172,0.116,0.0,77,199165,0,1,4,2024,9,3,hip-hop_modern
28drn6tQo95MRvO0jQEo5C,Type Shit,"Future, Metro Boomin, Travis Scott, Playboi Carti",WE DON'T TRUST YOU,2024-03-01,hip-hop,modern,0.552,144.941,0.64,-5.679,0.119,0.112,0.129,0.0215,0.0,84,228267,1,2,4,2024,3,1,hip-hop_modern
2aYHxnMF2umAavtgBvmkY1,Thought I Was Dead (feat. ScHoolboy Q & Santigold),"Tyler TheCreator|, ScHoolboy Q, Santigold",CHROMAKOPIA,2024-10-01,hip-hop,modern,0.859,129.77,0.77,-3.382,0.673,0.64,0.275,0.362,0.0,85,207273,0,10,4,2024,10,4,hip-hop_modern
3lCb7ZYE3Fvie4JOPqpXfY,FIELD TRIP,"¥$, Playboi Carti, Don Toliver, Kodak Black",FIELD TRIP,2024-08-01,hip-hop,modern,0.685,121.991,0.731,-4.707,0.0865,0.458,0.12,0.054,0.0,72,167229,0,11,4,2024,8,3,hip-hop_modern
2jnezASa7o0lP6aif6VrIf,TEFLON DON,Future,MIXTAPE PLUTO,2024-09-01,hip-hop,modern,0.578,124.005,0.916,-6.275,0.113,0.192,0.124,0.00349,0.00402,74,159894,1,11,4,2024,9,3,hip-hop_modern
1eroCliWpJrEu1V7VSObcO,Circadian Rhythm,Drake,100 GIGS,2024-08-01,hip-hop,modern,0.574,146.007,0.694,-6.144,0.082,0.286,0.0483,0.193,0.0,79,126356,0,1,4,2024,8,3,hip-hop_modern
1F5Qp0SJS0QUfqIoQggrLz,The Largest,BigXthaPlug,The Largest,2024-08-01,hip-hop,modern,0.867,131.041,0.902,-3.108,0.142,0.799,0.225,0.0678,0.0,68,132338,0,10,4,2024,8,3,hip-hop_modern
3NE6g9h77FZbQqCLzUpGRt,Light Year (Practice),Lil Uzi Vert,Eternal Atake 2,2024-11-01,hip-hop,modern,0.692,140.203,0.637,-7.231,0.345,0.427,0.164,0.0153,0.0,73,164366,0,1,4,2024,11,4,hip-hop_modern
3rXlcLZk3MCaRPND5g9QiW,Blow for Blow (feat. J. Cole),"Tee Grizzley, J. Cole",Blow for Blow (feat. J. Cole),2024-09-01,hip-hop,modern,0.478,104.563,0.675,-10.201,0.127,0.39,0.512,0.0731,7.8e-06,69,210286,1,1,4,2024,9,3,hip-hop_modern
5RePVWy39tLpHH0WwXgBsK,Rah Tah Tah,Tyler TheCreator|,CHROMAKOPIA,2024-10-01,hip-hop,modern,0.878,82.557,0.661,-4.099,0.381,0.514,0.31,0.00289,0.0,87,165413,1,1,4,2024,10,4,hip-hop_modern
2FRc9wqgIjg2E3bH13ww6U,Both Ways,Juice WRLD,The Pre-Party (Extended),2024-10-01,hip-hop,modern,0.396,78.022,0.726,-9.121,0.527,0.413,0.283,0.269,0.0,73,197428,0,5,4,2024,10,4,hip-hop_modern
2dKkVF2m160z0RNDN2dddc,NISSAN ALTIMA,Doechii,Alligator Bites Never Heal,2024-08-01,hip-hop,modern,0.711,117.038,0.974,-5.206,0.0888,0.328,0.194,0.0988,3.92e-05,72,126832,0,11,4,2024,8,3,hip-hop_modern
5xMjhZKSo8yh5r9b5vrYRr,Tailor Swif,A$AP Rocky,Tailor Swif,2024-08-01,gaming,modern,0.527,77.499,0.824,-5.506,0.368,0.212,0.118,0.149,0.0,74,155391,1,8,4,2024,8,3,gaming_modern
32ioWMgkyA6mFcXJMggBoz,GEEK TIMË,Yeat,LYFESTYLE,2024-10-01,hip-hop,modern,0.752,158.042,0.638,-6.227,0.17,0.242,0.0385,0.0066,0.734,72,170188,0,1,4,2024,10,4,hip-hop_modern
2I9foKseoFQh07p6sD2voE,Many Men (Wish Death),50 Cent,Get Rich Or Die Tryin',2003-02-01,hip-hop,gangster,0.826,108.52,0.654,-2.93,0.131,0.417,0.354,0.0153,0.00146,71,256227,0,6,5,2003,2,1,hip-hop_gangster
7iabz12vAuVQYyekFIWJxD,BAND4BAND (feat. Lil Baby),"Central Cee, Lil Baby",BAND4BAND (feat. Lil Baby),2024-05-01,arabic,gangster,0.764,140.113,0.882,-5.241,0.119,0.886,0.204,0.359,0.0,81,140733,1,11,4,2024,5,2,arabic_gangster
1haa8GXT0cl9wzRnpZG0YH,"Bent (with Kyle Richh, Jenn Carter & TaTa)","41, Kyle Richh, Jenn Carter, TaTa",41 World: Not The Album,2023-11-01,hip-hop,gangster,0.632,123.987,0.848,-7.381,0.282,0.253,0.277,0.398,0.0,68,171198,1,2,4,2023,11,4,hip-hop_gangster
79s5XnCN4TJKTVMSmOx8Ep,Dior,Pop Smoke,Meet The Woo,2019-07-01,hip-hop,gangster,0.805,142.096,0.548,-5.732,0.408,0.649,0.351,0.212,0.000405,76,216387,1,7,4,2019,7,3,hip-hop_gangster
2Gk6fi0dqt91NKvlzGsmm7,SAY MY GRACE (feat. Travis Scott),"Offset, Travis Scott",SET IT OFF,2023-10-01,hip-hop,gangster,0.631,121.854,0.772,-5.082,0.129,0.433,0.0431,0.0648,0.0,70,173253,1,10,4,2023,10,4,hip-hop_gangster
3WCXvxgQ7U3mznWsQjiEMu,6locc 6a6y,Lil Loaded,6locc 6a6y,2019-12-01,hip-hop,gangster,0.702,125.089,0.871,-8.025,0.0912,0.675,0.253,0.296,0.0,69,131286,1,5,4,2019,12,4,hip-hop_gangster
6HgWWaMu31KdOpEG5l28BG,All My Life (feat. J. Cole),"Lil Durk, J. Cole",All My Life (feat. J. Cole),2023-05-01,hip-hop,gangster,0.57,142.974,0.787,-5.881,0.135,0.733,0.225,0.0449,0.0,69,223879,1,3,4,2023,5,2,hip-hop_gangster
0vjeOZ3Ft5jvAi9SBFJm1j,Superhero (Heroes & Villains) [with Future & Chris Brown],"Metro Boomin, Future, Chris Brown",HEROES & VILLAINS,2022-12-01,hip-hop,gangster,0.583,116.624,0.709,-5.298,0.195,0.533,0.204,0.138,2.97e-06,79,182667,0,5,4,2022,12,4,hip-hop_gangster
7fEoXCZTZFosUFvFQg1BmW,Took Her To The O,King Von,Levon James,2020-03-01,hip-hop,gangster,0.592,159.98,0.82,-7.002,0.121,0.4,0.29,0.0149,4.71e-06,78,196180,1,1,4,2020,3,1,hip-hop_gangster
4vzJrkfHbCGaodPA5RY5BV,Loading,Central Cee,Wild West,2021-03-01,hip-hop,gangster,0.68,144.006,0.85,-6.18,0.0964,0.694,0.338,0.732,0.0,70,173333,0,3,1,2021,3,1,hip-hop_gangster
2yUzr8Sr6ldG8vmHhZwTnz,née-nah,"21 Savage, Travis Scott, Metro Boomin",american dream,2024-01-01,gaming,gangster,0.758,165.409,0.681,-6.524,0.555,0.331,0.188,0.00465,0.0,73,220584,1,1,4,2024,1,1,gaming_gangster
01Lr5YepbgjXAWR9iOEyH1,Love Sosa,Chief Keef,Finally Rich,2012-01-01,hip-hop,gangster,0.413,131.964,0.772,-8.194,0.111,0.211,0.0891,0.0361,0.0,77,246213,0,0,4,2012,1,1,hip-hop_gangster
0k7wmahjkn389wAZdz19Cv,Drankin N Smokin,"Future, Lil Uzi Vert",Pluto x Baby Pluto,2020-11-01,hip-hop,gangster,0.658,151.951,0.752,-6.297,0.0927,0.387,0.342,0.0421,0.0,70,213520,1,0,4,2020,11,4,hip-hop_gangster
792HwhrdO3ErRKL5yRe4Ge,Invincible,Pop Smoke,Meet The Woo 2,2020-02-01,hip-hop,gangster,0.732,142.791,0.548,-5.652,0.269,0.612,0.336,0.125,0.0,71,127547,0,11,4,2020,2,1,hip-hop_gangster
40mjsnRjCpycdUw3xhS20g,GATTI,"JACKBOYS, Pop Smoke, Travis Scott",JACKBOYS,2019-12-01,hip-hop,gangster,0.676,143.477,0.594,-5.808,0.163,0.472,0.344,0.135,0.0,69,181145,1,2,4,2019,12,4,hip-hop_gangster
1H7KnK26kc1YyellpbINEn,The Woo (feat. 50 Cent & Roddy Ricch),"Pop Smoke, 50 Cent, Roddy Ricch",Shoot For The Stars Aim For The Moon,2020-07-01,hip-hop,gangster,0.618,99.7,0.49,-5.655,0.259,0.286,0.104,0.0221,3.77e-06,68,201600,1,1,4,2020,7,3,hip-hop_gangster
3UnYMo1aeD0o8VtHy3R8cs,Neva Cared,Polo G,Neva Cared,2018-03-01,hip-hop,gangster,0.35,77.528,0.822,-12.207,0.0757,0.346,0.574,0.0213,0.0,68,186000,0,1,4,2018,3,1,hip-hop_gangster
1ipSpQfzBbhPFhYm6tfVIz,Mr. Glock,Key Glock,Yellow Tape,2020-01-01,hip-hop,gangster,0.946,150.141,0.804,-5.949,0.359,0.745,0.352,0.002,0.0,70,146880,1,7,4,2020,1,1,hip-hop_gangster
5SWnsxjhdcEDc7LJjq9UHk,Runnin,"21 Savage, Metro Boomin",SAVAGE MODE II,2020-10-01,hip-hop,gangster,0.626,143.01,0.819,-4.574,0.167,0.415,0.202,0.00748,0.101,78,195906,0,10,4,2020,10,4,hip-hop_gangster
2297mxrYLBAC4XkhXs39If,Armed & Dangerous,King Von,Welcome to O'Block,2020-10-01,hip-hop,gangster,0.592,188.051,0.696,-6.281,0.127,0.232,0.319,0.152,0.0,72,122680,1,1,4,2020,10,4,hip-hop_gangster
5vDNippoMr52KpXBO9b9KQ,Coffin,Lil Yachty,Lil Boat 3.5,2020-11-01,hip-hop,gangster,0.547,138.05,0.92,-4.98,0.0998,0.606,0.272,0.0241,1.45e-06,70,89536,0,6,4,2020,11,4,hip-hop_gangster
4F6yN5FsFW10Ucx7cLCzBh,Ready (feat. Gunna),"Lil Baby, Gunna",Street Gossip,2018-11-01,arabic,gangster,0.395,76.984,0.793,-5.578,0.109,0.128,0.385,0.277,1.4e-05,69,213287,1,1,4,2018,11,4,arabic_gangster
03ThZweiBWFP8tOGsk6QMO,Russian Cream,Key Glock,Glock Bond,2018-02-01,hip-hop,gangster,0.774,130.007,0.867,-5.791,0.157,0.549,0.315,0.11,0.0,69,142498,0,11,4,2018,2,1,hip-hop_gangster
65OVbaJR5O1RmwOQx0875b,Wants and Needs (feat. Lil Baby),"Drake, Lil Baby",Scary Hours 2,2021-03-01,hip-hop,gangster,0.449,136.006,0.578,-6.349,0.119,0.1,0.286,0.0618,2.17e-06,73,192956,1,1,4,2021,3,1,hip-hop_gangster
3F5CgOj3wFlRv51JsHbxhe,Jimmy Cooks (feat. 21 Savage),"Drake, 21 Savage","Honestly, Nevermind",2022-06-01,gaming,gangster,0.673,165.921,0.529,-4.711,0.093,0.366,0.175,0.000307,2.41e-06,80,218365,1,0,4,2022,6,2,gaming_gangster
23TwR29GSeJBfXnXhmDlwR,"Crazy Story, Pt. 3",King Von,"Grandson, Vol. 1",2019-09-01,hip-hop,gangster,0.73,156.953,0.729,-5.14,0.118,0.41,0.261,0.00165,4.33e-05,75,191399,0,11,4,2019,9,3,hip-hop_gangster
577YBGuskWkVDCxZrLRB4v,Pure Cocaine,Lil Baby,Street Gossip,2018-11-01,arabic,gangster,0.487,127.05,0.964,-6.071,0.115,0.108,0.421,0.00127,6.07e-06,77,154024,0,10,4,2018,11,4,arabic_gangster
4mIHgQ3ofK2RK34UdbqMbe,Ambition For Cash,Key Glock,Yellow Tape 2,2021-11-01,hip-hop,gangster,0.732,149.012,0.841,-5.186,0.136,0.576,0.19,0.0115,2.18e-05,73,143480,0,7,4,2021,11,4,hip-hop_gangster
3QFInJAm9eyaho5vBzxInN,family ties (with Kendrick Lamar),"Baby Keem, Kendrick Lamar",The Melodic Blue,2021-09-01,hip-hop,gangster,0.611,134.093,0.711,-5.453,0.23,0.144,0.33,0.00588,0.0,79,252262,1,1,4,2021,9,3,hip-hop_gangster
6pcywuOeGGWeOQzdUyti6k,Glock In My Lap,"21 Savage, Metro Boomin",SAVAGE MODE II,2020-10-01,hip-hop,gangster,0.733,130.029,0.847,-6.439,0.151,0.202,0.16,0.00574,1.04e-05,80,193591,0,10,4,2020,10,4,hip-hop_gangster
6Tguhaf2uAe6OjRLsR2Tql,3 Headed Goat (feat. Lil Baby & Polo G),"Lil Durk, Lil Baby, Polo G",Just Cause Y'all Waited 2,2020-05-01,arabic,gangster,0.48,143.029,0.846,-8.618,0.0989,0.419,0.359,0.269,0.0,68,169532,0,8,4,2020,5,2,arabic_gangster
1dg3qy5DjoJodawfOCgrTP,Run It Up (feat. Offset & Moneybagg Yo),"Lil Tjay, Offset, Moneybagg Yo",Destined 2 Win,2021-04-01,hip-hop,gangster,0.575,120.031,0.88,-6.091,0.109,0.671,0.163,0.415,0.0,71,232048,1,6,4,2021,4,2,hip-hop_gangster
1EJIcDYXwSqipW5dFe4uJz,EVERY CHANCE I GET (feat. Lil Baby & Lil Durk),"DJ Khaled, Lil Baby, Lil Durk",KHALED KHALED,2021-04-01,arabic,gangster,0.727,150.062,0.477,-4.053,0.108,0.227,0.286,0.000866,0.0,70,236524,1,2,4,2021,4,2,arabic_gangster
4rmVZajAF7PkrCagGPHbqa,Sticky,Drake,"Honestly, Nevermind",2022-06-01,hip-hop,gangster,0.495,137.027,0.853,-14.63,0.0844,0.0774,0.14,0.0917,0.000217,68,243228,1,6,4,2022,6,2,hip-hop_gangster
0VgkVdmE4gld66l8iyGjgx,Mask Off,Future,FUTURE,2017-06-01,hip-hop,gangster,0.434,150.062,0.833,-8.795,0.165,0.281,0.431,0.0102,0.0219,81,204600,1,2,4,2017,6,2,hip-hop_gangster
4Iedi94TIaB2GGb1nMB68v,On Me,Lil Baby,On Me,2020-12-01,arabic,gangster,0.564,77.972,0.856,-6.295,0.134,0.483,0.392,0.00327,0.0,70,135960,0,6,4,2020,12,4,arabic_gangster
0fX4oNGBWO3dSGUZcVdVV2,N95,Kendrick Lamar,Mr. Morale & The Big Steppers,2022-05-01,hip-hop,gangster,0.67,139.956,0.79,-5.527,0.119,0.408,0.105,0.377,2.32e-06,75,195950,1,1,4,2022,5,2,hip-hop_gangster
3ruoIF2UnoXdzK8mR61ebq,Rich Nigga Shit (feat. Young Thug),"21 Savage, Metro Boomin, Young Thug",SAVAGE MODE II,2020-10-01,hip-hop,gangster,0.733,97.974,0.825,-5.625,0.112,0.62,0.0969,0.349,0.0,75,190331,0,1,4,2020,10,4,hip-hop_gangster
1udwFobQ1JoOdWPQrp2b6u,Surround Sound (feat. 21 Savage & Baby Tate),"JID, 21 Savage, Baby Tate",The Forever Story (Extended Version),2022-10-01,gaming,gangster,0.567,75.965,0.574,-7.126,0.258,0.526,0.465,0.164,0.0,78,229938,0,7,4,2022,10,4,gaming_gangster
2fjqfFUq64thFsqfKN01kS,Imagina esse Cenário,"Matuê, Veigh",333,2024-09-01,hip-hop,trap,0.665,94.329,0.583,-3.885,0.112,0.463,0.18,0.314,0.0,75,155368,1,1,4,2024,9,3,hip-hop_trap
6vN77lE9LK6HP2DewaN6HZ,Yes Indeed,"Lil Baby, Drake",Harder Than Ever,2018-05-01,arabic,trap,0.346,119.957,0.963,-9.309,0.108,0.562,0.53,0.0355,0.0,75,142273,0,5,4,2018,5,2,arabic_trap
7MBHncxZXB7fzf5cAx8C05,Wake Up & Bake Up,"Duki, Wiz Khalifa, Arcángel",AMERI,2024-10-01,hip-hop,trap,0.577,148.107,0.797,-5.617,0.301,0.17,0.195,0.0174,0.0,72,206031,1,1,4,2024,10,4,hip-hop_trap
07AQkmp456NpEnT8HR7WLy,M4,"Teto, Matuê",M4,2021-01-01,hip-hop,trap,0.59,119.97,0.88,-4.709,0.184,0.723,0.204,0.08,0.0,68,170000,0,8,4,2021,1,1,hip-hop_trap
62NeZ2Vtrz5HgtQibleMNs,Diablita (feat. Anuel AA & Baby Rasta),"Trap Capos, Noriel, Anuel AA, Baby Rasta",Trap Capos: Season 1,2016-10-01,hip-hop,trap,0.631,129.902,0.807,-4.883,0.117,0.126,0.111,0.407,0.0,70,213613,1,8,4,2016,10,4,hip-hop_trap
5JgTIfS7FfSE9tuebzX8HC,Tessera sanitaria (feat. Nerissima Serpe & Papa V),"Night Skinny, Nerissima Serpe, Papa V",Containers,2024-10-01,hip-hop,trap,0.822,165.946,0.513,-4.51,0.11,0.768,0.383,0.14,0.0,69,204668,1,1,4,2024,10,4,hip-hop_trap
0M9ydKzuF3oZTfYYPfaGX1,Bad and Boujee (feat. Lil Uzi Vert),"Migos, Lil Uzi Vert",Culture,2017-01-01,hip-hop,trap,0.666,127.079,0.926,-5.314,0.123,0.168,0.244,0.0611,0.0,70,343150,1,11,4,2017,1,1,hip-hop_trap
6rUmUJ2drFemHTH73bFAKQ,That Go! (feat. T-Shyne),"Young Stoner Life, Young Thug, Meek Mill, T-Shyne",Slime Language 2,2021-04-01,hip-hop,trap,0.575,145.95,0.713,-6.706,0.169,0.189,0.0501,0.00669,0.0,72,226400,1,1,4,2021,4,2,hip-hop_trap
2FIm6YsSGL5acOqSuJDh5s,Me Acostumbre (feat. Bad Bunny),"Arcángel, Bad Bunny",Me Acostumbre (feat. Bad Bunny),2017-04-01,hip-hop,trap,0.586,124.041,0.808,-7.242,0.14,0.568,0.169,0.641,0.0,68,263288,0,10,4,2017,4,2,hip-hop_trap
2tudvzsrR56uom6smgOcSf,Like That,"Future, Metro Boomin, Kendrick Lamar",WE DON'T TRUST YOU,2024-03-01,gaming,trap,0.676,162.012,0.814,-4.67,0.119,0.312,0.231,0.00709,1.28e-05,83,267707,0,11,4,2024,3,1,gaming_trap
3Kh5a6vXMiJtC35jMEfmyy,Castlevania,Matuê,333,2024-09-01,hip-hop,trap,0.928,109.966,0.616,-2.34,0.156,0.23,0.043,0.0168,0.0,70,230182,0,9,4,2024,9,3,hip-hop_trap
6gxKUmycQX7uyMwJcweFjp,We Paid (feat. 42 Dugg),"Lil Baby, 42 Dugg",My Turn (Deluxe),2020-05-01,arabic,trap,0.542,135.14,0.926,-5.064,0.0877,0.564,0.293,0.135,0.0,70,181929,1,1,4,2020,5,2,arabic_trap
1Bb422wJR14f7sA77gGs0V,Brindis,"Duki, Headie One",AMERI,2024-10-01,hip-hop,trap,0.637,135.055,0.851,-6.149,0.227,0.616,0.104,0.225,0.0,73,179556,1,0,4,2024,10,4,hip-hop_trap
2QrGCbW0ylj94JfkgLZFlA,Pa Ti,"Bad Bunny, Bryant Myers",Pa Ti,2017-01-01,hip-hop,trap,0.718,128.14,0.76,-3.017,0.0982,0.557,0.232,0.348,0.0,72,191295,1,1,4,2017,1,1,hip-hop_trap
2sA4woGW5KgEgGXXxOKPAZ,Amigos y Enemigos (feat. Bad Bunny & Almighty) - Remix,"Trap Capos, Noriel, Bad Bunny, Almighty",Amigos y Enemigos (Remix),2017-02-01,hip-hop,trap,0.748,115.01,0.752,-3.755,0.105,0.497,0.0895,0.289,0.0,70,295304,1,6,4,2017,2,1,hip-hop_trap
7b6QP0Pz2sqyW7yyXodpm6,Tu Me Enamoraste - Remix,"Lary Over, Anuel, Bryant Myers, Almighty, Brytiago",Tu Me Enamoraste (Remix),2016-04-01,hip-hop,trap,0.536,119.967,0.689,-8.861,0.169,0.349,0.174,0.25,0.0,69,341135,1,8,4,2016,4,2,hip-hop_trap
77dMSg2VHi2wwXjXNrmcrZ,Nena Maldición (feat. Lenny Tavárez),"Paulo Londra, Lenny Tavárez",Homerun,2019-05-01,hip-hop,trap,0.531,118.96,0.566,-6.635,0.179,0.367,0.0716,0.192,0.0,73,227518,1,6,4,2019,5,2,hip-hop_trap
1qMMYpVatbRITKCfq1gasi,PUFFIN ON ZOOTIEZ,Future,I NEVER LIKED YOU,2022-04-01,hip-hop,trap,0.657,124.992,0.883,-5.748,0.128,0.284,0.305,0.0603,0.0,77,172933,1,8,4,2022,4,2,hip-hop_trap
6QsHhB0W9GtLF3cI7mUVkQ,1993,Matuê,333,2024-09-01,hip-hop,trap,0.88,92.055,0.753,-3.165,0.146,0.582,0.081,0.455,0.0,73,127826,1,11,4,2024,9,3,hip-hop_trap
2IRZnDFmlqMuOrYOLnZZyc,Going Bad (feat. Drake),"Meek Mill, Drake",Championships,2018-11-01,hip-hop,trap,0.496,86.003,0.889,-6.365,0.252,0.544,0.0905,0.259,0.0,74,180522,0,4,4,2018,11,4,hip-hop_trap
2m3v40xGeLVqnQvAwx5rdi,Un Día Más,"Duki, YSY A",AMERI,2024-10-01,hip-hop,trap,0.708,96.914,0.712,-5.715,0.29,0.634,0.247,0.404,0.0,71,165773,0,10,4,2024,10,4,hip-hop_trap
4DS7HoqrKq1dDjeYOKBlu9,De las 2 (feat. Bad Bunny & Arcángel),"Trap Capos, Noriel, Bad Bunny, Arcángel",Trap Capos II,2018-04-01,hip-hop,trap,0.696,120.146,0.744,-5.015,0.0808,0.406,0.117,0.71,0.0,69,260493,0,8,4,2018,4,2,hip-hop_trap
2SzgK8i6si6ETtu57nTdSn,Un Ratito Mas,"Bryant Myers, Bad Bunny",Un Ratito Mas,2017-06-01,hip-hop,trap,0.629,140.101,0.523,-4.058,0.323,0.209,0.0549,0.156,0.0,68,283121,1,1,4,2017,6,2,hip-hop_trap
4CNfC20TImtjdwN3dG0uCF,CANZONE D'ODIO (feat. Lil Baby),"Lazza, Lil Baby",LOCURA,2024-09-01,hip-hop,trap,0.735,99.827,0.697,-4.16,0.099,0.403,0.0497,0.172,0.0,73,162970,0,10,3,2024,9,3,hip-hop_trap
4tuFNhM69UakXdPg4RrNvp,Deus Perdoa,"Filipe Ret, Dallass, Hunter",Deus Perdoa,2023-03-01,hip-hop,trap,0.671,147.037,0.607,-6.934,0.128,0.316,0.0863,0.403,1.31e-06,68,137143,0,4,4,2023,3,1,hip-hop_trap
4lH6nENd1y81jp7Yt9lTBX,Solo,Future,HNDRXX,2017-07-01,hip-hop,trap,0.486,110.964,0.784,-6.497,0.101,0.0894,0.0475,0.0538,0.497,80,265996,0,5,4,2017,7,3,hip-hop_trap
0K0soSt52EhMS9FohRObdK,Cómo Le Digo,"KHEA, Omar Varela, Asan",Cómo Le Digo,2018-04-01,hip-hop,trap,0.385,129.958,0.69,-8.444,0.236,0.19,0.0817,0.181,0.0,68,226101,1,0,4,2018,4,2,hip-hop_trap
5RHOhXxMVhpEaBcG6hIydA,Maturidade,"KayBlack, Wall Hein, AMUSIK",Maturidade,2022-09-01,hip-hop,trap,0.411,172.445,0.722,-9.963,0.0976,0.503,0.387,0.509,0.0,70,142026,0,2,3,2022,9,3,hip-hop_trap
0VybBobSYSzliyEJ1VqwGR,Problemas de um Milionário,"WIU, Teto",Problemas de um Milionário,2024-04-01,hip-hop,trap,0.484,133.03,0.93,-5.486,0.0922,0.747,0.259,0.355,6.84e-05,70,144361,1,2,4,2024,4,2,hip-hop_trap
26w9NTiE9NGjW1ZvIOd1So,BOOKER T,Bad Bunny,EL ÚLTIMO TOUR DEL MUNDO,2020-11-01,hip-hop,trap,0.6,113.903,0.883,-7.188,0.0931,0.691,0.37,0.114,7.94e-06,72,156430,1,7,4,2020,11,4,hip-hop_trap
2xLMifQCjDGFmkHkpNLD9h,SICKO MODE,Travis Scott,ASTROWORLD,2018-08-01,arabic,trap,0.73,155.008,0.834,-3.714,0.124,0.446,0.222,0.00513,0.0,81,312820,1,8,4,2018,8,3,arabic_trap
2Hh3ETdQKrmSI3QS0hme7g,Too Many Nights (feat. Don Toliver & with Future),"Metro Boomin, Future, Don Toliver",HEROES & VILLAINS,2022-12-01,arabic,trap,0.668,87.973,0.573,-4.356,0.109,0.145,0.0467,0.189,4.01e-05,82,199920,0,7,4,2022,12,4,arabic_trap
6TZXBJLTIOX6DM6hwCsKw2,Me Ama Me Odia,"Revol, Ozuna, Cosculluela, Arcángel, Brytiago",Me Ama Me Odia,2016-09-01,hip-hop,trap,0.603,135.993,0.735,-9.474,0.0844,0.429,0.203,0.226,3.56e-05,71,326937,0,6,4,2016,9,3,hip-hop_trap
1FEh2VLXCzHr4DhMLufrs5,Hm Hm hm,Youka,VENIN,2024-07-01,afrobeats,nigerian,0.637,171.264,0.567,-4.032,0.235,0.882,0.298,0.499,0.0346,68,131765,0,9,3,2024,7,3,afrobeats_nigerian
27durTCg4qj3qAbKsSVNX4,Kese (Dance),Wizkid,Kese (Dance),2024-11-01,afrobeats,nigerian,0.874,118.079,0.774,-5.641,0.413,0.927,0.0488,0.142,0.34,75,174053,0,5,4,2024,11,4,afrobeats_nigerian
6e0YUaVAfDxUabmybOjguy,Awuke,"Davido, YG Marley",Awuke,2024-10-01,afrobeats,nigerian,0.792,113.981,0.749,-4.621,0.0712,0.903,0.0402,0.308,1.63e-05,76,172632,1,5,4,2024,10,4,afrobeats_nigerian
2irQkcW7o3v0tZoGZrtUsO,Favourite Girl (with Rema),"Darkoo, Rema",Favourite Girl (with Rema),2024-08-01,afrobeats,nigerian,0.812,100.049,0.455,-3.455,0.199,0.823,0.211,0.372,0.0,68,184249,1,8,4,2024,8,3,afrobeats_nigerian
2nYeyMeqYDiFSYYtl2BWD6,Piece of My Heart (feat. Brent Faiyaz),"Wizkid, Brent Faiyaz",Piece of My Heart (feat. Brent Faiyaz),2024-10-01,afrobeats,nigerian,0.648,93.2,0.737,-5.493,0.105,0.746,0.138,0.252,6.92e-06,77,259354,1,1,4,2024,10,4,afrobeats_nigerian
1Cbl3Yq8rHo7hhDQmLQagU,PUSH 2 START,Tyla,TYLA +,2024-10-01,afrobeats,nigerian,0.814,93.482,0.683,-3.505,0.0858,0.758,0.0466,0.277,0.00826,78,156826,1,2,4,2024,10,4,afrobeats_nigerian
771KDfpsOtJPQmocQpMdkR,Fi Kan We Kan,"Bnxn, Rema",Fi Kan We Kan,2024-10-01,afrobeats,nigerian,0.683,145.379,0.501,-7.881,0.0685,0.623,0.211,0.109,9.25e-05,71,161379,0,6,5,2024,10,4,afrobeats_nigerian
13VXuHw3O8Yt7VwRIDqSo4,MMS,"Asake, Wizkid",Lungu Boy,2024-08-01,afrobeats,nigerian,0.634,101.837,0.502,-3.367,0.188,0.645,0.144,0.677,0.0341,72,219628,0,8,3,2024,8,3,afrobeats_nigerian
6PhRhocBXP4y7NpciGmzra,Después De La 1,"Cris Mj, FloyyMenor, LOUKI",MJ,2024-09-01,latin,modern,0.581,99.973,0.805,-5.091,0.0933,0.528,0.0601,0.0303,0.0202,86,177600,0,6,4,2024,9,3,latin_modern
4zbEItKoaRId1vRZkoO0Uh,Imagínate,"Danny Ocean, Kapo",Imagínate,2024-11-01,latin,modern,0.737,101.923,0.779,-4.667,0.0974,0.445,0.109,0.134,0.0,76,170366,1,11,4,2024,11,4,latin_modern
6fKvGaO8Dfntvx4thaXtak,Kamikaze (feat. Victor Mendivil),"Natanael Cano, Uriel Gaxiola, Ganggy, Victor Mendivil",Kamikaze (feat. Victor Mendivil),2024-11-01,latin,modern,0.662,95.999,0.863,-5.855,0.334,0.307,0.21,0.0843,8.45e-06,72,248363,0,4,4,2024,11,4,latin_modern
5AH31dDNgxCMGDdxubNNn4,NEL,Fuerza Regida,PERO NO TE ENAMORES,2024-07-01,latin,modern,0.482,100.029,0.69,-6.335,0.0728,0.356,0.2,0.523,0.0004,88,149074,0,7,4,2024,7,3,latin_modern
0fKK51bU6lcCCwdNnv64t3,DEPORTIVO,"Blessd, Anuel AA",DEPORTIVO,2024-11-01,latin,modern,0.762,90.025,0.816,-2.864,0.0845,0.782,0.0565,0.534,0.000404,72,218701,1,0,4,2024,11,4,latin_modern
4U80gkwi6Qk0fBRcDuzn3E,SEXO ES LA MODA,"Maria Becerra, Yandel",SEXO ES LA MODA,2024-10-01,latin,modern,0.718,105.002,0.848,-4.385,0.116,0.564,0.0557,0.183,1.9e-05,74,165901,0,9,4,2024,10,4,latin_modern
1YYfyJ2yCvGFCxwjsIqEK9,Khé?,"Rauw Alejandro, Romeo Santos",Cosa Nuestra,2024-11-01,latin,modern,0.627,155.865,0.687,-4.975,0.0893,0.47,0.181,0.326,0.0,78,206066,1,7,4,2024,11,4,latin_modern
12VjaTNEaCfDlvW1XPZTQ9,Ferxxoko,"Joyce Santana, Feid",Ferxxoko,2024-10-01,latin,modern,0.483,171.831,0.753,-6.436,0.0681,0.826,0.273,0.0189,0.0,72,177209,0,3,4,2024,10,4,latin_modern
03IpZ9yqJlo3EIgDQUgBSF,Nueva Era,"Duki, Myke Towers",AMERI,2024-10-01,latin,modern,0.724,101.097,0.556,-3.165,0.217,0.681,0.119,0.267,0.0,82,246889,1,0,3,2024,10,4,latin_modern
5PCGEfALcpGtURIuTqvX0R,PELIGROSA,FloyyMenor,PELIGROSA,2024-07-01,latin,modern,0.442,100.021,0.776,-8.99,0.0723,0.838,0.0575,0.319,1.31e-05,81,136944,0,6,4,2024,7,3,latin_modern
0NsGFMIo2aNbAkJu48ndaf,Morena Canela,Chino Pacas,Que Sigan Llegando Las Pacas (Extended),2024-10-01,latin,modern,0.614,119.893,0.658,-6.981,0.092,0.465,0.0324,0.105,2.18e-05,79,178337,1,10,3,2024,10,4,latin_modern
1kyLInQ2qgYbK4wZxllfV2,DURO,Quevedo,DURO,2024-10-01,latin,modern,0.719,104.033,0.707,-4.963,0.371,0.701,0.0395,0.223,2e-06,76,162205,0,4,4,2024,10,4,latin_modern
4ZOkfHC38nxSeSqzGE5HFr,PIÉNSALO,Junior H,$AD BOYZ 4 LIFE II,2023-10-01,latin,modern,0.536,97.541,0.716,-7.798,0.208,0.359,0.0328,0.452,0.0,84,240669,0,2,3,2023,10,4,latin_modern
0lQogzZgV4XwuUTasz3nPL,EN MI MUNDO,"Jasiel Nuñez, Peso Pluma",LA ODISEA,2024-11-01,latin,modern,0.594,125.01,0.694,-8.39,0.131,0.672,0.0366,0.396,0.0,75,307565,0,8,3,2024,11,4,latin_modern
3OJDtCdYs8QJnui708tEU3,Soltera,Shakira,Soltera,2024-09-01,latin,modern,0.752,100.076,0.841,-4.735,0.949,0.67,0.105,0.167,0.00046,86,214643,1,2,4,2024,9,3,latin_modern
4xISUrw0t2elabEhKrtAJ0,DEGENERE 👑 (feat. benny blanco),"Myke Towers, benny blanco",DEGENERE 👑 (feat. benny blanco),2024-10-01,latin,modern,0.709,194.055,0.744,-5.778,0.0847,0.712,0.284,0.0501,0.0,79,130880,0,6,4,2024,10,4,latin_modern
2gmd7lY3QSzLh0xIY4cRvi,SE ME OLVIDA,"Maisak, Feid",SE ME OLVIDA,2024-08-01,latin,modern,0.707,82.045,0.786,-4.386,0.121,0.691,0.0635,0.0399,0.0,84,225373,0,7,4,2024,8,3,latin_modern
1uGUbgZuO1kD1JZ0UeFupN,Hecha Pa' Mí,Grupo Frontera,Hecha Pa' Mí,2024-10-01,latin,modern,0.832,98.582,0.742,-4.267,0.296,0.716,0.0325,0.0857,0.0,82,195846,1,8,4,2024,10,4,latin_modern
1iIrqtbY2aogEHhQkmrV7w,SE TE NOTA (feat. Peso Pluma),"Myke Towers, Peso Pluma",LA PANTERA NEGRA,2024-08-01,latin,modern,0.616,104.008,0.773,-4.516,0.145,0.25,0.0416,0.0565,4.24e-05,72,190107,1,0,4,2024,8,3,latin_modern
6X6m4xmdFcz31p1h7Qg68c,EL LOKERON,Tito Double P,INCÓMODO,2024-08-01,latin,modern,0.689,120.208,0.724,-7.174,0.0922,0.936,0.0524,0.573,6.77e-06,89,146141,0,7,3,2024,8,3,latin_modern
4Ndjd6DhKIC5IPoBIrMQuX,Ese Vato No Te Queda,"Carin Leon, Gabito Ballesteros",Ese Vato No Te Queda,2024-10-01,latin,modern,0.74,117.955,0.748,-3.643,0.087,0.618,0.0387,0.0292,0.000109,75,198607,0,7,4,2024,10,4,latin_modern
06ONHS2cu9I7fvzTz3NQvq,Cholo 7,"Fuerza Regida, Luis R Conriquez",Cholo 7,2024-10-01,latin,modern,0.856,136.0,0.691,-5.035,0.0876,0.713,0.0536,0.2,5.09e-05,75,157500,0,6,3,2024,10,4,latin_modern
1qbql17v0Hazo94o5RUyWQ,KINTSUGI,HUMBE,KINTSUGI,2024-09-01,latin,modern,0.464,79.503,0.373,-8.606,0.127,0.301,0.256,0.86,0.0135,80,237908,0,4,3,2024,9,3,latin_modern
5QjmUqgpPQgXgg4606DqZF,UWAIE,Kapo,UWAIE,2024-08-01,latin,modern,0.783,103.001,0.705,-4.783,0.0984,0.454,0.0403,0.138,0.0,86,172427,0,9,4,2024,8,3,latin_modern
7lcbpfihslisNObKdHjyLo,IA,"Clarent, Mora",IA,2024-10-01,latin,modern,0.631,111.93,0.706,-5.812,0.227,0.289,0.0366,0.656,0.0,80,171429,0,0,4,2024,10,4,latin_modern
4Z6pPinNzkGtbgAlE88263,Siento que merezco más,LATIN MAFIA,TODOS LOS DÍAS TODO EL DÍA,2024-10-01,latin,modern,0.445,156.023,0.55,-9.548,0.507,0.512,0.0847,0.262,0.00318,73,166159,1,7,4,2024,10,4,latin_modern
2lAUq68F2bt7Kc218n9FPp,AY MAMÁ,"Tito Double P, Grupo Frontera",INCÓMODO,2024-08-01,latin,modern,0.764,148.853,0.666,-6.297,0.347,0.729,0.116,0.366,0.0,85,163115,0,4,4,2024,8,3,latin_modern
0EhmTBq33eARyOz3SIi4P2,En Otra Vida,"Yami Safdie, Lasso",En Otra Vida,2024-10-01,latin,modern,0.162,184.784,0.459,-11.634,0.137,0.483,0.0425,0.929,0.0,79,153609,1,0,3,2024,10,4,latin_modern
2ss1LK5Kfnjo5EUaCbsgZM,No Son Doritos,"Clave Especial, Luis R Conriquez",No Son Doritos,2024-08-01,latin,modern,0.834,139.995,0.783,-4.623,0.0903,0.92,0.029,0.539,0.000212,81,160714,0,3,3,2024,8,3,latin_modern
60u6hcpH5Qm1M3xESdNBrB,Frente al Mar,Beéle,Frente al Mar,2024-09-01,latin,modern,0.682,100.036,0.75,-3.825,0.112,0.618,0.0945,0.168,1.28e-06,79,165178,1,10,4,2024,9,3,latin_modern
13BDiikG6y5o5cQTK0HpW6,Soltera - W Sound 01,"W Sound, Blessd, Ovy On The Drums",Soltera (W Sound 01),2024-08-01,latin,modern,0.578,199.997,0.734,-4.147,0.113,0.88,0.295,0.155,0.000242,82,142022,1,1,4,2024,8,3,latin_modern
5lKFO0PrOC9jmOlPEdjHsL,DOS DÍAS,"Tito Double P, Peso Pluma",INCÓMODO,2024-08-01,latin,modern,0.513,109.935,0.745,-9.116,0.216,0.929,0.087,0.783,0.0,88,154620,1,1,3,2024,8,3,latin_modern
44zZM2dn9AcOUt5XKUMNJ3,NO PIERDO LA VIDA,"Calle 24, Chuyin",NO PIERDO LA VIDA,2024-09-01,latin,modern,0.824,124.997,0.747,-4.353,0.282,0.793,0.0348,0.184,0.0,77,168547,0,7,3,2024,9,3,latin_modern
2TV1EuYnG5XqEyQSd1EB9X,Como Pacman,"Alemán, Gera MX",Como Pacman,2024-10-01,latin,modern,0.787,165.07,0.809,-3.826,0.0653,0.9,0.125,0.126,0.0011,68,148152,1,8,4,2024,10,4,latin_modern
0BiDnJFB3TlRB6aji7jUz3,Rey Sin Reina,Julión Álvarez y su Norteño Banda,Atento Aviso ... Rey Sin Reina,2024-09-01,latin,modern,0.356,169.653,0.529,-6.612,0.136,0.659,0.0569,0.29,0.0,85,150523,1,3,3,2024,9,3,latin_modern
23W44WWCP8SibyP292TWo5,JACKPOT,"Belinda, Kenia OS",JACKPOT,2024-10-01,latin,modern,0.806,123.009,0.763,-4.946,0.0612,0.594,0.0532,0.0012,1.32e-05,73,193521,1,2,4,2024,10,4,latin_modern
7yrTny7FLWLbfIzsxoicWj,noviogangsta <3,Emilia,noviogangsta <3,2024-10-01,latin,modern,0.872,128.924,0.816,-4.27,0.254,0.94,0.0442,0.25,3.7e-06,77,157209,0,11,4,2024,10,4,latin_modern
4BxzNZpcm1j3JczZzGNe2k,Bandoleros,"Don Omar, Tego Calderón",The Fast And The Furious: Tokyo Drift (Original Motion Picture Soundtrack),2006-06-01,latin,hip-hop,0.896,90.622,0.662,-5.311,0.186,0.79,0.251,0.318,0.0,68,305280,0,5,4,2006,6,2,latin_hip-hop
78M7CiqTpJYoPQKkwjM48Z,Rucón,Alemán,Eclipse,2018-05-01,latin,hip-hop,0.59,161.989,0.864,-8.768,0.093,0.579,0.499,0.0196,0.0,69,168560,1,1,4,2018,5,2,latin_hip-hop
2rOnSn2piaqLAlYjtfUBlY,"Raataan Lambiyan (From ""Shershaah"")","Tanishk Bagchi, Jubin Nautiyal, Asees Kaur","Raataan Lambiyan (From ""Shershaah"")",2021-07-01,indian,bollywood,0.63,81.009,0.72,-5.549,0.108,0.512,0.0413,0.615,0.0,70,230292,1,10,4,2021,7,3,indian_bollywood
72zHuDxFQTjbL51qJQSA7j,"Ranjha (From ""Shershaah"")","Jasleen Royal, B Praak, Romy, Anvita Dutt","Ranjha (From ""Shershaah"")",2021-08-01,indian,bollywood,0.573,82.941,0.603,-5.843,0.0971,0.236,0.0502,0.478,0.0,68,228855,1,1,4,2021,8,3,indian_bollywood
1smFN2CLqGROu0J0UyvDfL,Shayad,"Pritam, Arijit Singh",Love Aaj Kal (Original Motion Picture Soundtrack),2020-02-01,indian,bollywood,0.468,135.875,0.483,-7.642,0.152,0.319,0.0341,0.784,0.0,73,247941,1,8,4,2020,2,1,indian_bollywood
3hkC9EHFZNQPXrtl8WPHnX,Agar Tum Saath Ho,"Alka Yagnik, Arijit Singh",Tamasha,2015-10-01,indian,bollywood,0.519,122.925,0.562,-8.744,0.172,0.415,0.0326,0.557,0.000268,70,341055,1,3,4,2015,10,4,indian_bollywood
5O932cZmzOZGOGZz9RHx20,Khairiyat,"Pritam, Arijit Singh",Chhichhore,2019-08-01,indian,bollywood,0.481,124.914,0.534,-9.016,0.142,0.293,0.0412,0.697,0.0,71,280282,0,0,4,2019,8,3,indian_bollywood
0BxE4FqsDD1Ot4YuBXwAPp,505,Arctic Monkeys,Favourite Worst Nightmare,2007-04-01,rock,indie,0.866,140.266,0.526,-5.822,0.0945,0.248,0.0568,0.00287,7.78e-05,84,253587,1,0,4,2007,4,2,rock_indie
2WRFD9WczJ975X2K1Y9YVs,Heads Will Roll,Yeah Yeah Yeahs,It's Blitz!,2009-01-01,rock,indie,0.903,132.009,0.562,-4.46,0.298,0.791,0.0296,0.000187,0.0939,68,221000,0,8,4,2009,1,1,rock_indie
2cGxRwrMyEAp8dEbuZaVv6,Instant Crush (feat. Julian Casablancas),"Daft Punk, Julian Casablancas",Random Access Memories,2013-05-01,rock,indie,0.585,109.942,0.775,-9.516,0.077,0.518,0.0271,0.0422,0.619,74,337560,0,10,4,2013,5,2,rock_indie
305WCRhhS10XUcH6AEwZk6,Are You Gonna Be My Girl,Jet,Get Born,2003-01-01,rock,indie,0.957,105.105,0.606,-3.404,0.14,0.603,0.0814,0.00117,0.000295,72,213800,1,2,4,2003,1,1,rock_indie
4iG2gAwKXsOcijVaVXzRPW,Time to Pretend,MGMT,Oracular Spectacular,2007-12-01,rock,indie,0.94,100.99,0.438,-3.249,0.3,0.421,0.0452,8.74e-05,0.0777,73,261000,1,2,3,2007,12,4,rock_indie
6QgjcU0zLnzq5OrUoSZ3OK,Feel It Still,Portugal. The Man,Woodstock,2017-06-01,rock,feel-good,0.795,79.028,0.801,-5.115,0.0717,0.754,0.0504,0.0417,0.000113,81,163253,0,1,4,2017,6,2,rock_feel-good
6WTFHKrnZpwEBLRS10Ylqs,misses,Dominic Fike,14 minutes,2024-05-01,rock,feel-good,0.509,119.945,0.578,-6.229,0.344,0.586,0.0279,0.13,0.734,80,74379,1,2,4,2024,5,2,rock_feel-good
3HMY0r2BAdpasXMY8rseR0,Too Sweet,Hozier,Unheard,2024-03-01,rock,feel-good,0.62,117.038,0.741,-5.505,0.0398,0.934,0.0412,0.0295,0.000809,79,251424,1,10,4,2024,3,1,rock_feel-good
43MifzVnh8W3jJN0xqU9jR,Wasted Summers,juju<3,Wasted Summers,2023-07-01,rock,feel-good,0.643,103.842,0.633,-8.122,0.78,0.472,0.0252,0.106,0.00831,78,130385,1,0,4,2023,7,3,rock_feel-good
3SAga35lAPYdjj3qyfEsCF,Feel It - From The Original Series “Invincible”,d4vd,Feel It (From The Original Series “Invincible”),2024-03-01,gaming,feel-good,0.593,120.509,0.565,-5.864,0.215,0.429,0.0883,0.0288,0.0,78,157974,1,8,4,2024,3,1,gaming_feel-good
5ruzrDWcT0vuJIOMW7gMnW,The Adults Are Talking,The Strokes,The New Abnormal,2020-04-01,rock,feel-good,0.749,164.959,0.593,-5.67,0.314,0.649,0.0475,0.0113,0.106,77,309053,1,5,4,2020,4,2,rock_feel-good
0uI7yAKUf52Cn7y3sYyjiX,3 Nights,Dominic Fike,"Don't Forget About Me, Demos",2018-10-01,rock,feel-good,0.518,151.891,0.815,-6.594,0.104,0.877,0.0897,0.223,0.0,77,177667,0,7,4,2018,10,4,rock_feel-good
1FvDJ9KGxcqwv1utyPL3JZ,This Charming Man - 2011 Remaster,The Smiths,The Smiths,1984-02-01,rock,feel-good,0.846,103.912,0.611,-5.9,0.0784,0.751,0.0436,0.00509,0.0,77,162920,1,11,4,1984,2,1,rock_feel-good
2B664ulJSVBd6B8SAY3Wux,Oysters In My Pocket,Royel Otis,Oysters In My Pocket,2022-03-01,indie,feel-good,0.924,168.017,0.598,-4.974,0.17,0.611,0.0623,0.0205,0.799,76,162339,0,6,4,2022,3,1,indie_feel-good
2x8evxqUlF0eRabbW2JBJd,Fluorescent Adolescent,Arctic Monkeys,Favourite Worst Nightmare,2007-04-01,rock,feel-good,0.828,112.056,0.654,-5.377,0.122,0.79,0.0281,0.00146,0.000144,76,183893,0,1,4,2007,4,2,rock_feel-good
1Cwsd5xI8CajJz795oy4XF,You Get What You Give,New Radicals,Maybe You've Been Brainwashed Too,1998-01-01,rock,feel-good,0.901,113.967,0.621,-5.396,0.0875,0.744,0.0302,0.17,0.0,74,300773,1,2,4,1998,1,1,rock_feel-good
1gH1h30wkQdd9zhY3j7a8T,THE SHADE,Rex Orange County,WHO CARES?,2022-03-01,rock,feel-good,0.509,119.869,0.898,-7.973,0.0876,0.727,0.062,0.391,0.0,74,181507,1,5,4,2022,3,1,rock_feel-good
0ToG55iJZCOzZkcpWbXxpW,Vampire Empire,Big Thief,Vampire Empire,2023-07-01,rock,feel-good,0.572,131.272,0.636,-7.797,0.0878,0.66,0.0913,0.287,0.0,73,192128,1,9,4,2023,7,3,rock_feel-good
2vlkTkPqdATznKHu9gD2c1,Her,The American Dawn,Her,2024-07-01,rock,feel-good,0.603,102.99,0.66,-7.7,0.0751,0.527,0.025,0.00566,0.0144,73,214087,0,3,4,2024,7,3,rock_feel-good
09DR0sHnQUhHOiSNttc1mv,Not Strong Enough,"boygenius, Julien Baker, Phoebe Bridgers, Lucy Dacus",the record,2023-03-01,rock,feel-good,0.798,126.976,0.502,-5.909,0.0979,0.307,0.0414,0.00291,1.11e-05,72,234933,1,1,4,2023,3,1,rock_feel-good
3NRql0A1Ef4RCvT473iqgD,Hell N Back,Bakar,Hell N Back,2019-08-01,rock,feel-good,0.684,209.688,0.633,-4.314,0.112,0.725,0.591,0.314,8.95e-05,71,213573,0,10,4,2019,8,3,rock_feel-good
0R3TWpoxAhT3HDXM7tpRzS,Ghostride,Crumb,Jinx,2019-06-01,pop,feel-good,0.351,87.057,0.665,-9.424,0.109,0.451,0.0276,0.516,0.819,71,126120,1,2,4,2019,6,2,pop_feel-good
7hm4HTk9encxT0LYC0J6oI,Someday,The Strokes,Is This It,2001-07-01,rock,feel-good,0.521,106.035,0.539,-7.46,0.367,0.679,0.0299,0.00425,0.0,69,183440,1,9,4,2001,7,3,rock_feel-good
4RGWHfQeJftd5XrP8JUgFj,Metamodernity,Vansire,Metamodernity,2019-06-01,rock,feel-good,0.544,121.968,0.823,-10.077,0.108,0.826,0.0358,0.389,0.165,69,162663,1,5,4,2019,6,2,rock_feel-good
3n69hLUdIsSa1WlRmjMZlW,Breezeblocks,alt-J,An Awesome Wave,2012-09-01,rock,feel-good,0.658,150.093,0.615,-7.299,0.205,0.293,0.0343,0.096,0.000911,68,227080,1,5,4,2012,9,3,rock_feel-good
63ABAnFKJCp28TAyqf2cGL,ROCKMAN,Mk.gee,ROCKMAN,2024-10-01,rock,feel-good,0.501,134.014,0.781,-9.767,0.0908,0.961,0.0333,0.66,3.78e-06,68,177818,1,3,4,2024,10,4,rock_feel-good
5KqldkCunQ2rWxruMEtGh0,The Gambler,Kenny Rogers,The Gambler,1978-11-01,country,classic,0.501,87.086,0.668,-13.119,0.194,0.858,0.0629,0.342,0.0,73,214880,1,4,4,1978,11,4,country_classic
4TnUKixNWMfajncgdSwFoi,Amarillo By Morning,George Strait,Strait From The Heart,1982-01-01,country,classic,0.361,121.059,0.606,-16.031,0.38,0.621,0.0346,0.264,3.39e-05,70,173467,1,9,4,1982,1,1,country_classic
7nVQ8mo77KaUvhUQzh4vMy,Mammas Don't Let Your Babies Grow up to Be Cowboys,"Waylon Jennings, Willie Nelson",Waylon & Willie,1978-01-01,country,classic,0.361,187.711,0.363,-14.398,0.154,0.612,0.0499,0.623,0.00119,68,152867,1,9,3,1978,1,1,country_classic
6koKhrBBcExADvWuOgceNZ,Open Arms (feat. Travis Scott),"SZA, Travis Scott",SOS,2022-12-01,r&b,modern,0.586,78.259,0.434,-7.612,0.146,0.239,0.138,0.753,0.0144,80,239613,1,9,4,2022,12,4,r&b_modern
3xKsf9qdS1CyvXSMEid6g8,Pink + White,Frank Ocean,Blonde,2016-08-01,r&b,modern,0.545,159.94,0.545,-7.362,0.417,0.549,0.107,0.667,5.48e-05,87,184516,1,9,3,2016,8,3,r&b_modern
1RMJOxR6GRPsBHL8qeC2ux,Best Part (feat. H.E.R.),"Daniel Caesar, H.E.R.",Freudian,2017-08-01,r&b,modern,0.364,75.24,0.524,-10.209,0.1,0.436,0.0367,0.808,0.0,84,209831,1,7,4,2017,8,3,r&b_modern
68vgtRHr7iZHpzGpon6Jlo,My Boo,"USHER, Alicia Keys",Confessions (Expanded Edition),2004-03-01,r&b,modern,0.507,86.412,0.662,-8.238,0.0465,0.676,0.118,0.257,0.0,79,223440,1,5,4,2004,3,1,r&b_modern
0JXXNGljqupsJaZsgSbMZV,Sure Thing,Miguel,All I Want Is You,2010-11-01,pop,modern,0.607,81.001,0.684,-8.127,0.191,0.498,0.1,0.0267,0.000307,85,195373,0,11,4,2010,11,4,pop_modern
4iZ4pt7kvcaH6Yo8UoZ4s2,Snooze,SZA,SOS,2022-12-01,r&b,modern,0.551,143.008,0.559,-7.231,0.11,0.392,0.132,0.141,0.0,86,201800,1,5,4,2022,12,4,r&b_modern
3XVBdLihbNbxUwZosxcGuJ,If I Ain't Got You,Alicia Keys,The Diary Of Alicia Keys,2003-12-01,r&b,modern,0.444,118.402,0.609,-9.129,0.104,0.166,0.106,0.603,6.86e-06,81,228707,1,7,3,2003,12,4,r&b_modern
5NijSs5dAwaIybq1GaRTIe,Poison,Brent Faiyaz,Poison,2016-08-01,r&b,modern,0.394,117.489,0.689,-10.102,0.0859,0.382,0.065,0.711,0.000905,78,212992,0,2,3,2016,8,3,r&b_modern
3aw9iWUQ3VrPQltgwvN9Xu,Family Affair,Mary J. Blige,No More Drama,2001-08-01,pop,modern,0.551,92.887,0.911,-3.75,0.0863,0.969,0.045,0.133,4.35e-05,78,265867,0,8,4,2001,8,3,pop_modern
5Lgcn7u07bHuqbOtXkN62u,With You,Chris Brown,Exclusive (Expanded Edition),2007-11-01,r&b,modern,0.693,86.009,0.662,-4.298,0.145,0.655,0.0698,0.134,0.0,74,252120,1,3,4,2007,11,4,r&b_modern
2fXwCWkh6YG5zU1IyvQrbs,Broken Clocks,SZA,Ctrl,2017-06-01,r&b,modern,0.684,112.912,0.692,-7.364,0.156,0.406,0.155,0.131,0.0,80,231253,1,6,4,2017,6,2,r&b_modern
1eUGmzzvahJjOSWgDHuRlv,Girl With The Tattoo Enter.lewd,Miguel,All I Want Is You,2010-11-01,r&b,modern,0.239,113.451,0.372,-11.314,0.168,0.127,0.0296,0.856,0.000175,79,102813,0,6,4,2010,11,4,r&b_modern
1zgHn1EqUyA0HqNYMdJ5ia,Best Time,Brent Faiyaz,Larger Than Life,2023-10-01,r&b,modern,0.307,92.995,0.81,-7.215,0.0779,0.697,0.12,0.16,0.00298,80,82509,1,9,4,2023,10,4,r&b_modern
6oEVnWKgPqIEPc53OYDNqG,Could've Been (feat. Bryson Tiller),"H.E.R., Bryson Tiller",I Used To Know Her,2019-08-01,r&b,modern,0.352,102.679,0.45,-11.733,0.249,0.408,0.267,0.649,3.8e-06,75,252747,0,1,4,2019,8,3,r&b_modern
6zMUIb4uce1CzpbjR3vMdN,Foolish,Ashanti,Ashanti,2002-01-01,r&b,modern,0.695,90.119,0.665,-5.763,0.106,0.707,0.0532,0.347,0.0,72,227387,1,0,4,2002,1,1,r&b_modern
0KQx6HOpJueiSkztcS0r7D,Fallin',Alicia Keys,Songs In A Minor,2001-06-01,r&b,modern,0.609,95.986,0.652,-7.519,0.233,0.482,0.037,0.263,0.00101,76,210200,0,11,3,2001,6,2,r&b_modern
5Y35SjAfXjjG0sFQ3KOxmm,Nobody Gets Me,SZA,SOS,2022-12-01,r&b,modern,0.284,99.796,0.358,-8.285,0.183,0.276,0.0285,0.805,0.0,84,180853,1,7,3,2022,12,4,r&b_modern
2J6OF7CkpdQGSfm1wdclqn,Clouded,Brent Faiyaz,Fuck The World,2020-02-01,r&b,modern,0.344,65.203,0.583,-8.765,0.143,0.581,0.0559,0.774,0.0,78,110129,1,2,3,2020,2,1,r&b_modern
6brl7bwOHmGFkNw3MBqssT,So Sick,Ne-Yo,In My Own Words,2006-01-01,r&b,modern,0.574,92.795,0.452,-8.336,0.189,0.578,0.311,0.245,0.0,78,207187,1,6,4,2006,1,1,r&b_modern
6sHsXIJoEN5JpdkGMQDJxt,The Boy Is Mine,"Brandy, Monica",Never Say Never,1998-05-01,r&b,modern,0.707,93.145,0.704,-6.537,0.318,0.761,0.0391,0.539,0.00106,73,294787,0,1,4,1998,5,2,r&b_modern
7DFnq8FYhHMCylykf6ZCxA,Yo (Excuse Me Miss),Chris Brown,Chris Brown (Expanded Edition),2005-01-01,blues,modern,0.612,86.768,0.536,-5.847,0.209,0.57,0.272,0.119,0.0,71,229040,1,4,4,2005,1,1,blues_modern
1Qrg8KqiBpW07V7PNxwwwL,Kill Bill,SZA,SOS,2022-12-01,r&b,modern,0.735,88.98,0.644,-5.747,0.161,0.418,0.0391,0.0521,0.144,86,153947,1,8,4,2022,12,4,r&b_modern
2JqkpMe2eJToJNHEqkJeCu,Forever Yours,Brent Faiyaz,Larger Than Life,2023-10-01,r&b,modern,0.503,137.007,0.646,-7.472,0.652,0.789,0.0312,0.00426,0.000279,77,96369,1,2,4,2023,10,4,r&b_modern
0mZ5GyrHG908lqrHaTw4hi,No One,Alicia Keys,No One (Remixes),2007-10-01,r&b,modern,0.552,90.098,0.641,-5.423,0.148,0.152,0.0283,0.027,4.63e-06,76,254524,0,1,4,2007,10,4,r&b_modern
030OCtLMrljNhp8OWHBWW3,Hey Daddy (Daddy's Home),USHER,Raymond v Raymond (Expanded Edition),2010-03-01,r&b,modern,0.698,95.975,0.59,-4.262,0.107,0.352,0.0286,0.000176,0.0,76,224093,1,11,4,2010,3,1,r&b_modern
2pg2TiYo9Rb8KeB5JjP7jS,Sativa,"Jhené Aiko, Swae Lee",Trip,2017-09-01,r&b,modern,0.61,125.99,0.741,-7.34,0.534,0.72,0.0511,0.316,0.0,76,276960,0,6,4,2017,9,3,r&b_modern
2hNf1rawV2XAZ6Jld2Fxwf,Always On Time,"Ja Rule, Ashanti",Pain Is Love,2001-10-01,r&b,modern,0.705,96.644,0.838,-6.131,0.336,0.837,0.29,0.195,0.0,72,245093,0,5,4,2001,10,4,r&b_modern
3XgGQ1wjo5khvq2UImjyNF,ALL MINE,Brent Faiyaz,WASTELAND,2022-07-01,r&b,modern,0.378,141.967,0.617,-8.54,0.11,0.22,0.0315,0.428,9.16e-05,76,216063,1,9,4,2022,7,3,r&b_modern
2oVVaVY0LkzwAYYcyzon6Z,Heart Of A Woman,Summer Walker,Heart Of A Woman,2024-10-01,r&b,modern,0.43,129.93,0.716,-8.28,0.146,0.472,0.112,0.482,0.0,74,171000,0,9,4,2024,10,4,r&b_modern
2QsZVnbWVSjKMXK6K3uRBL,U Remind Me,USHER,8701,2001-08-01,blues,modern,0.629,93.985,0.657,-4.938,0.254,0.726,0.0782,0.194,0.0,69,266893,1,6,4,2001,8,3,blues_modern
5nkUIVKqOqdpB6ApKgEMkv,Stay Ready (What A Life),"Jhené Aiko, Kendrick Lamar",Sail Out,2013-01-01,r&b,modern,0.493,82.887,0.347,-11.548,0.127,0.308,0.29,0.455,0.00366,75,382760,0,8,4,2013,1,1,r&b_modern
0q75NwOoFiARAVp4EXU4Bs,Love Galore (feat. Travis Scott),"SZA, Travis Scott",Ctrl,2017-06-01,r&b,modern,0.594,135.002,0.795,-6.2,0.162,0.409,0.0748,0.112,0.0,77,275080,1,0,4,2017,6,2,r&b_modern
5PvVkf1Yuq3XyMqqjPiKPd,Been Away,Brent Faiyaz,Fuck The World,2020-02-01,r&b,modern,0.5,132.798,0.602,-9.377,0.295,0.395,0.298,0.477,5.69e-05,75,223630,1,8,4,2020,2,1,r&b_modern
08SB2OtZkaliju77WYEKxk,No Love (with SZA),"Summer Walker, SZA",Still Over It,2021-11-01,r&b,modern,0.618,133.876,0.707,-5.825,0.293,0.517,0.19,0.17,0.0,72,231498,0,1,4,2021,11,4,r&b_modern
7z3N2W7Xz1t2G2sAO8wFVH,Burn,USHER,Confessions (Expanded Edition),2004-03-01,r&b,modern,0.477,119.928,0.796,-7.161,0.12,0.685,0.108,0.314,0.0,70,231933,1,1,4,2004,3,1,r&b_modern
34ceTg8ChN5HjrqiIYCn9Q,Miss Independent,Ne-Yo,Year Of The Gentleman (Bonus Track Edition),2008-01-01,r&b,modern,0.681,171.864,0.673,-5.693,0.235,0.707,0.118,0.52,0.0,77,232000,1,1,4,2008,1,1,r&b_modern
7GaFYUqP2WdR4KTPk7cXoP,Let Me Love You,Mario,Turning Point,2004-03-01,blues,modern,0.588,94.519,0.686,-8.343,0.0954,0.617,0.0554,0.178,0.0,75,249120,0,7,4,2004,3,1,blues_modern
5iwUwADk4uQUvgMF6PlTRl,Upset (feat. Tommy Richman & FELIX!),"Brent Faiyaz, FELIX!, Tommy Richman",Larger Than Life,2023-10-01,r&b,modern,0.5,135.03,0.856,-9.393,0.104,0.886,0.18,0.487,0.0,75,177900,1,11,4,2023,10,4,r&b_modern
6ZRuF2n1CQxyxxAAWsKJOy,Nights Like This (feat. Ty Dolla $ign),"Kehlani, Ty Dolla $ign",While We Wait,2019-02-01,r&b,modern,0.725,146.163,0.61,-5.131,0.154,0.291,0.15,0.367,0.0,73,201788,1,8,4,2019,2,1,r&b_modern
7J41dYQolQJEtj3UmKLu5r,U Got It Bad,USHER,8701,2001-08-01,r&b,modern,0.5,124.037,0.816,-4.551,0.0733,0.649,0.03,0.0227,1.53e-06,69,247840,1,1,4,2001,8,3,r&b_modern
5Y77SQxEr1eiofPeUTPHxM,You,"Lloyd, Lil Wayne",Street Love,2007-01-01,r&b,modern,0.876,130.21,0.412,-6.008,0.297,0.706,0.472,0.102,0.0,73,273133,0,5,5,2007,1,1,r&b_modern
6CFPFnS9EcLs2I0nWqtWci,Because Of You,Ne-Yo,Because Of You,2007-01-01,r&b,modern,0.538,109.97,0.81,-5.783,0.0951,0.832,0.0357,0.53,0.0,74,266840,0,0,4,2007,1,1,r&b_modern
0oufSLnKQDoBFX5mgkDCgR,Trust,Brent Faiyaz,Lost,2018-10-01,r&b,modern,0.394,92.009,0.764,-8.559,0.117,0.465,0.152,0.231,9.37e-05,75,158421,1,8,4,2018,10,4,r&b_modern
0ARK753YaiJbpLUk7z5yIM,Dilemma,"Nelly, Kelly Rowland",Nellyville,2002-06-01,r&b,modern,0.552,168.19,0.727,-8.074,0.198,0.607,0.14,0.226,0.00016,77,289160,0,2,4,2002,6,2,r&b_modern
5j0McHPthKpOXRr3fBq8M0,Love in This Club (feat. Young Jeezy),"USHER, Jeezy",Here I Stand,2008-05-01,r&b,modern,0.712,140.012,0.573,-5.976,0.167,0.346,0.0732,0.0572,0.0,74,259720,1,0,4,2008,5,2,r&b_modern
5hJFhO9dvhJoDvUZZ9iWSw,Adorn,Miguel,Kaleidoscope Dream (Deluxe Version),2012-12-01,r&b,modern,0.576,179.063,0.625,-5.693,0.187,0.235,0.175,0.0543,4.07e-05,68,193147,0,11,4,2012,12,4,r&b_modern
6gU9OKjOE7ghfEd55oRO57,The Weekend,SZA,Ctrl,2017-06-01,r&b,modern,0.366,73.313,0.4,-9.405,0.126,0.161,0.0597,0.242,0.0,73,272187,0,8,3,2017,6,2,r&b_modern
0zWbYGQq5O1KQd0iqzgjP6,Rehab (Winter In Paris),Brent Faiyaz,Fuck The World,2020-02-01,r&b,modern,0.242,144.211,0.549,-11.692,0.127,0.286,0.038,0.809,8.1e-05,71,180304,1,5,4,2020,2,1,r&b_modern
4RnvS1tmh1ERhjXX6dxv95,Language,"Paperboy Fabe, Brent Faiyaz",Language,2017-05-01,r&b,modern,0.721,169.904,0.62,-5.538,0.563,0.77,0.0887,0.0422,0.0075,77,150361,0,4,4,2017,5,2,r&b_modern
7wBThXx7BGZHJJ3aN3OPvv,Confessions Part II,USHER,Confessions (Expanded Edition),2004-03-01,blues,modern,0.467,138.007,0.845,-7.674,0.0694,0.702,0.138,0.0586,0.0,68,211200,1,1,4,2004,3,1,blues_modern
6RUKPb4LETWmmr3iAEQktW,Something Just Like This,"The Chainsmokers, Coldplay",Memories...Do Not Open,2017-04-01,electronic,modern,0.635,103.019,0.617,-6.769,0.164,0.446,0.0317,0.0498,1.44e-05,86,247160,0,11,4,2017,4,2,electronic_modern
4QNpBfC0zvjKqPJcyqBy9W,Give Me Everything (feat. Nayer),"Pitbull, AFROJACK, Ne-Yo, Nayer",Planet Pit (Deluxe Version),2011-06-01,electronic,modern,0.939,129.024,0.671,-3.206,0.298,0.53,0.161,0.191,0.0,84,252307,1,8,4,2011,6,2,electronic_modern
0lYBSQXN6rCTvUZvg9S0lU,Let Me Love You,"DJ Snake, Justin Bieber",Encore,2016-08-01,electronic,modern,0.715,199.892,0.475,-5.371,0.135,0.159,0.058,0.0863,2.67e-05,83,205947,1,8,4,2016,8,3,electronic_modern
7MmG8p0F9N3C4AXdK6o6Eb,Outside (feat. Ellie Goulding),"Calvin Harris, Ellie Goulding",Motion,2014-10-01,electronic,modern,0.823,128.035,0.646,-4.123,0.322,0.418,0.0394,0.213,0.0,82,227267,0,2,4,2014,10,4,electronic_modern
0ct6r3EGTcMLPtrXHDvVjc,The Nights,Avicii,The Days / Nights,2014-01-01,electronic,modern,0.835,125.983,0.527,-5.298,0.249,0.654,0.0433,0.0166,0.0,82,176658,1,6,4,2014,1,1,electronic_modern
2tnVG71enUj33Ic2nFN6kZ,Ride It,Regard,Ride It,2019-07-01,electronic,modern,0.751,117.948,0.88,-4.258,0.106,0.884,0.0874,0.177,6.43e-05,80,157606,0,7,4,2019,7,3,electronic_modern
7vFoFDWqTX0mHzLfrF1Cfy,Cheerleader (Felix Jaehn Remix) - Radio Edit,"OMI, Felix Jaehn",Me 4 U,2015-10-01,electronic,modern,0.685,118.02,0.782,-6.237,0.16,0.603,0.0309,0.166,1.18e-05,80,180566,1,4,4,2015,10,4,electronic_modern
7BKLCZ1jbUBVqRi2FVlTVw,Closer,"The Chainsmokers, Halsey",Closer,2016-07-01,electronic,modern,0.524,95.01,0.748,-5.599,0.111,0.661,0.0338,0.414,0.0,84,244960,1,8,4,2016,7,3,electronic_modern
698ItKASDavgwZ3WjaWjtz,Faded,Alan Walker,Different World,2018-12-01,electronic,modern,0.627,179.642,0.468,-5.085,0.11,0.159,0.0476,0.0281,7.97e-06,80,212107,1,6,4,2018,12,4,electronic_modern
6YUTL4dYpB9xZO5qExPf05,Summer,Calvin Harris,Motion,2014-10-01,electronic,modern,0.856,127.949,0.596,-3.556,0.141,0.743,0.0346,0.0211,0.0178,81,222533,0,4,4,2014,10,4,electronic_modern
0E9ZjEAyAwOXZ7wJC0PD33,In My Mind,"Dynoro, Gigi D'Agostino",In My Mind,2018-06-01,electronic,modern,0.77,125.905,0.694,-5.335,0.118,0.163,0.149,0.176,1.1e-05,80,184560,1,6,4,2018,6,2,electronic_modern
3cHyrEgdyYRjgJKSOiOtcS,Timber,"Pitbull, Kesha",Global Warming: Meltdown (Deluxe Version),2012-12-01,electronic,modern,0.963,129.992,0.581,-4.087,0.139,0.788,0.0981,0.0295,0.0,82,204160,1,11,4,2012,12,4,electronic_modern
0TDLuuLlV54CkRRUOahJb4,Titanium (feat. Sia),"David Guetta, Sia",Nothing but the Beat (Ultimate Edition),2012-12-01,electronic,modern,0.787,126.062,0.604,-3.674,0.127,0.301,0.103,0.0679,0.15,80,245040,0,0,4,2012,12,4,electronic_modern
0vbtURX4qv1l7besfwmnD8,I Took A Pill In Ibiza - Seeb Remix,"Mike Posner, Seeb","At Night, Alone.",2016-05-01,electronic,modern,0.714,101.969,0.664,-6.645,0.0843,0.71,0.111,0.0353,8.42e-06,79,197933,0,7,4,2016,5,2,electronic_modern
5tf1VVWniHgryyumXyJM7w,Sugar (feat. Francesco Yates),"Robin Schulz, Francesco Yates",Sugar,2015-09-01,electronic,modern,0.815,123.063,0.636,-5.098,0.163,0.636,0.0581,0.0185,0.0,78,219043,0,5,4,2015,9,3,electronic_modern
2P4OICZRVAQcYAV2JReRfj,Waiting For Love,Avicii,Stories,2015-10-01,electronic,modern,0.736,127.999,0.579,-3.863,0.198,0.613,0.0527,0.31,0.0,78,230613,0,6,4,2015,10,4,electronic_modern
3C0nOe05EIt1390bVABLyN,On The Floor,"Jennifer Lopez, Pitbull",Love?,2011-04-01,electronic,modern,0.777,130.003,0.73,-5.194,0.0691,0.575,0.0496,0.105,0.000486,78,284867,0,3,4,2011,4,2,electronic_modern
1i1fxkWeaMmKEB4T7zqbzK,Don't Let Me Down,"The Chainsmokers, Daya",Don't Let Me Down,2016-02-01,electronic,modern,0.869,159.805,0.533,-5.093,0.136,0.425,0.173,0.156,0.00538,80,208373,1,11,4,2016,2,1,electronic_modern
07nH4ifBxUB4lZcsf44Brn,Blame (feat. John Newman),"Calvin Harris, John Newman",Motion,2014-10-01,electronic,modern,0.857,128.024,0.414,-4.078,0.343,0.348,0.0808,0.0287,0.00574,79,212960,0,0,4,2014,10,4,electronic_modern
1NpW5kyvO4XrNJ3rnfcNy3,Wild Ones (feat. Sia),"Flo Rida, Sia",Wild Ones,2012-06-01,electronic,modern,0.86,127.075,0.608,-5.324,0.262,0.437,0.0554,0.0991,0.0,77,232947,0,5,4,2012,6,2,electronic_modern
2Foc5Q5nqNiosCNqttzHof,Get Lucky (Radio Edit) [feat. Pharrell Williams and Nile Rodgers],"Daft Punk, Pharrell Williams, Nile Rodgers",Get Lucky (Radio Edit) [feat. Pharrell Williams and Nile Rodgers],2013-04-01,electronic,modern,0.811,116.047,0.794,-8.966,0.101,0.862,0.038,0.0426,1.07e-06,77,248413,0,6,4,2013,4,2,electronic_modern
6h5PAsRni4IRlxWr6uDPTP,More Than You Know,Axwell /\ Ingrosso,More Than You Know,2017-07-01,electronic,modern,0.741,123.077,0.646,-4.973,0.312,0.571,0.034,0.0275,0.0,77,203000,0,5,4,2017,7,3,electronic_modern
23L5CiUhw2jV1OIMwthR3S,In the Name of Love,"Martin Garrix, Bebe Rexha",In the Name of Love,2016-07-01,electronic,modern,0.519,133.99,0.501,-5.88,0.454,0.168,0.0409,0.109,0.0,77,195707,0,4,4,2016,7,3,electronic_modern
1A8j067qyiNwQnZT0bzUpZ,This Girl (Kungs Vs. Cookin' On 3 Burners),"Kungs, Cookin' On 3 Burners",Layers,2016-11-01,electronic,modern,0.717,121.985,0.793,-4.759,0.226,0.466,0.0393,0.0927,3.6e-05,76,195547,0,0,4,2016,11,4,electronic_modern
2iJuuzV8P9Yz0VSurttIV5,Scream & Shout,"will.i.am, Britney Spears",#willpower,2013-01-01,electronic,modern,0.685,130.039,0.772,-6.849,0.131,0.501,0.0696,0.019,8.96e-05,76,283400,1,5,4,2013,1,1,electronic_modern
0azC730Exh71aQlOt9Zj3y,This Is What You Came For,"Calvin Harris, Rihanna",This Is What You Came For,2016-04-01,electronic,modern,0.927,123.962,0.631,-2.787,0.148,0.465,0.0332,0.199,0.119,77,222160,0,9,4,2016,4,2,electronic_modern
2GYHyAoLWpkxLVa4oYTVko,Alors on danse - Radio Edit,Stromae,Cheese,2010-01-01,electronic,modern,0.593,119.958,0.79,-9.204,0.065,0.72,0.0776,0.0983,0.00202,75,206067,0,1,4,2010,1,1,electronic_modern
0U10zFw4GlBacOy9VDGfGL,We Found Love,"Rihanna, Calvin Harris",Talk That Talk,2011-11-01,electronic,modern,0.766,127.975,0.735,-4.485,0.108,0.6,0.0383,0.025,0.00141,75,215227,1,1,4,2011,11,4,electronic_modern
1HFfMOxCAT4GAwaPfCdmUs,Waves - Robin Schulz Radio Edit,"Mr. Probz, Robin Schulz",Waves (Robin Schulz Radio Edit),2014-02-01,electronic,modern,0.51,119.994,0.829,-9.334,0.0829,0.45,0.0369,0.00821,0.00143,75,208133,0,5,4,2014,2,1,electronic_modern
6ebkx7Q5tTxrCxKq4GYj0Y,Club Can't Handle Me (feat. David Guetta),"Flo Rida, David Guetta",Only One Flo (Part 1),2010-11-01,electronic,modern,0.869,127.966,0.616,-3.911,0.064,0.473,0.0327,0.0283,0.0,76,234560,1,0,4,2010,11,4,electronic_modern
4J7CKHCF3mdL4diUsmW8lq,Under Control (feat. Hurts),"Calvin Harris, Alesso, Hurts",Motion,2014-10-01,electronic,modern,0.915,126.094,0.544,-3.405,0.115,0.51,0.0841,0.129,0.000914,76,184280,1,8,4,2014,10,4,electronic_modern
6WkJ2OK163XXS2oARUC9JM,Dancin (feat. Luvli) - Krono Remix,"Aaron Smith, Krono, Luvli",Dancin (feat. Luvli) [Krono Remix],2014-11-01,electronic,modern,0.741,119.896,0.72,-6.529,0.289,0.357,0.0287,0.101,1.41e-05,75,198053,0,10,4,2014,11,4,electronic_modern
0DiWol3AO6WpXZgp0goxAV,One More Time,Daft Punk,Discovery,2001-03-01,electronic,modern,0.697,122.746,0.613,-8.618,0.332,0.476,0.133,0.0194,0.0,74,320357,1,2,4,2001,3,1,electronic_modern
1I8tHoNBFTuoJAlh4hfVVE,Firestone,"Kygo, Conrad Sewell",Cloud Nine,2016-05-01,electronic,modern,0.634,113.927,0.704,-7.374,0.0952,0.411,0.0428,0.393,3.17e-05,74,271640,0,11,4,2016,5,2,electronic_modern
3P3pw6C19j31Rnzgo3JG7o,Perfect Strangers,"Jonas Blue, JP Cooper",Blue,2018-11-01,electronic,modern,0.861,117.965,0.73,-4.1,0.213,0.704,0.0451,0.39,0.0,74,196613,1,1,4,2018,11,4,electronic_modern
2prnn41CblB8B4yWACDljP,Love Tonight (David Guetta Remix Edit),"Shouse, David Guetta",Love Tonight (David Guetta Remix),2021-06-01,electronic,modern,0.989,126.002,0.621,-4.225,0.184,0.0348,0.0434,0.015,0.357,74,158095,0,10,4,2021,6,2,electronic_modern
46lFttIf5hnUZMGvjK0Wxo,Runaway (U & I),Galantis,Pharmacy,2015-06-01,electronic,modern,0.805,126.008,0.506,-4.119,0.0856,0.383,0.0469,0.00711,0.00193,74,227074,1,1,4,2015,6,2,electronic_modern
0g5EKLgdKvNlln7TNqBByK,Middle,"DJ Snake, Bipolar Sunshine",Encore,2016-08-01,electronic,modern,0.695,104.879,0.583,-5.336,0.0527,0.224,0.0423,0.0138,0.0,73,220573,1,9,4,2016,8,3,electronic_modern
3aQz0z86zrKjd1mcZlonxE,Infinity 2008 - Klaas Vocal Edit,"Guru Josh Project, Klaas",Infinity 2008,2008-05-01,electronic,modern,0.862,128.036,0.498,-6.02,0.352,0.469,0.0588,0.000313,0.00918,73,192294,0,7,4,2008,5,2,electronic_modern
3AeicLnm55RqcXGBKYQolM,King,Olly Alexander (Years & Years),Communion (Deluxe),2015-07-01,electronic,modern,0.857,119.975,0.56,-4.145,0.381,0.432,0.0384,0.0594,0.0,73,215360,0,4,4,2015,7,3,electronic_modern
60wwxj6Dd9NJlirf84wr2c,Clarity,"Zedd, Foxes",Clarity,2012-01-01,electronic,modern,0.781,128.0,0.509,-3.48,0.0749,0.176,0.072,0.0398,0.0,73,271427,1,8,4,2012,1,1,electronic_modern
285HeuLxsngjFn4GGegGNm,"Hey Mama (feat. Nicki Minaj, Bebe Rexha & Afrojack)","David Guetta, AFROJACK, Bebe Rexha, Nicki Minaj",Listen,2014-11-01,electronic,modern,0.73,85.979,0.596,-4.091,0.325,0.525,0.151,0.24,0.0,73,192560,1,9,4,2014,11,4,electronic_modern
3c8iiZGfEammKJuWTErE5x,Ain't Nobody (Loves Me Better) (feat. Jasmine Thompson),"Felix Jaehn, Jasmine Thompson",I,2018-02-01,electronic,modern,0.568,117.973,0.78,-6.96,0.0698,0.459,0.031,0.668,0.000168,73,186147,0,2,4,2018,2,1,electronic_modern
39cmB3ZoTOLwOTq7tMNqKa,Hear Me Now,"Alok, Zeeba, Bruno Martini",Hear Me Now (feat. Zeeba),2016-10-01,electronic,modern,0.463,121.999,0.778,-7.603,0.0731,0.496,0.0389,0.546,0.00289,73,194840,1,11,4,2016,10,4,electronic_modern
62aP9fBQKYKxi7PDXwcUAS,ily (i love you baby) (feat. Emilee),"Surf Mesa, Emilee",ily (i love you baby) (feat. Emilee),2019-11-01,electronic,modern,0.774,112.05,0.674,-7.567,0.393,0.33,0.0892,0.0686,0.00188,73,176547,0,11,4,2019,11,4,electronic_modern
6PUIzlqotEmPuBfjbwYWOB,Summertime Sadness (Lana Del Rey Vs. Cedric Gervais) - Cedric Gervais Remix,"Lana Del Rey, Cedric Gervais",Summertime Sadness (Lana Del Rey Vs. Cedric Gervais) [Cedric Gervais Remix],2013-02-01,electronic,modern,0.81,126.052,0.572,-5.791,0.13,0.11,0.0558,0.0157,6.53e-06,72,214912,0,1,4,2013,2,1,electronic_modern
2CEgGE6aESpnmtfiZwYlbV,Dynamite,Taio Cruz,The Rokstarr Hits Collection,2010-01-01,electronic,modern,0.781,119.977,0.751,-3.724,0.036,0.814,0.0862,0.0039,0.0,72,202613,1,4,4,2010,1,1,electronic_modern
61dCUoMCg28qEBzrW6htYM,Rather Be (feat. Jess Glynne),"Clean Bandit, Jess Glynne",New Eyes,2014-06-01,electronic,modern,0.586,120.97,0.799,-6.735,0.193,0.549,0.0377,0.162,2.03e-06,72,227833,1,11,4,2014,6,2,electronic_modern
3H7ihDc1dqLriiWXwsc2po,Breaking Me,"Topic, A7S",Breaking Me,2019-12-01,electronic,modern,0.72,122.031,0.789,-5.652,0.129,0.664,0.218,0.223,0.0,72,166794,0,8,4,2019,12,4,electronic_modern
6f3Slt0GbA2bPZlz0aIFXN,The Business,Tiësto,The Business,2020-09-01,electronic,modern,0.62,120.031,0.798,-7.079,0.112,0.235,0.232,0.414,0.0192,72,164000,0,8,4,2020,9,3,electronic_modern
6uBhi9gBXWjanegOb2Phh0,Stay,"Zedd, Alessia Cara",Stay,2017-02-01,electronic,modern,0.622,102.04,0.69,-5.025,0.116,0.544,0.0622,0.253,0.0,73,210091,0,5,4,2017,2,1,electronic_modern
7mitXLIMCflkhZiD34uEQI,Party Rock Anthem,"LMFAO, Lauren Bennett, GoonRock",Sorry For Party Rocking,2011-01-01,electronic,modern,0.736,130.011,0.75,-4.168,0.265,0.355,0.155,0.0202,0.0,72,262147,0,5,4,2011,1,1,electronic_modern
3vv9phIu6Y1vX3jcqaGz5Z,Roses,"The Chainsmokers, ROZES",Roses,2015-06-01,electronic,modern,0.802,100.001,0.713,-7.055,0.309,0.343,0.0561,0.0435,0.00377,71,226739,1,4,4,2015,6,2,electronic_modern
2U8NXPTXZWG2O0ye2sYRiH,I Love It (feat. Charli XCX),"Icona Pop, Charli xcx",THIS IS... ICONA POP,2013-08-01,electronic,modern,0.906,125.916,0.711,-2.671,0.153,0.824,0.0284,0.00952,1.64e-05,71,157153,1,8,4,2013,8,3,electronic_modern
5YPMEOJ58kfl56VHxTgwx3,Play Hard (feat. Ne-Yo & Akon),"David Guetta, Ne-Yo, Akon",Nothing but the Beat (Ultimate Edition),2012-12-01,electronic,modern,0.921,130.072,0.691,-1.702,0.331,0.8,0.0533,0.173,0.0,71,201000,0,8,4,2012,12,4,electronic_modern
1pKYYY0dkg23sQQXi0Q5zN,Around the World,Daft Punk,Homework,1997-01-01,electronic,modern,0.795,121.294,0.956,-5.311,0.0906,0.841,0.15,0.00356,0.889,71,429533,1,7,4,1997,1,1,electronic_modern
5GjnIpUlLGEIYk052ISOw9,This Is What It Feels Like,"Armin van Buuren, Trevor Guthrie",Intense,2013-05-01,electronic,modern,0.833,129.885,0.551,-5.217,0.0632,0.145,0.03,0.0391,2.77e-06,70,204360,1,8,5,2013,5,2,electronic_modern
5MhsZlmKJG6X5kTHkdwC4B,I'm an Albatraoz,"AronChupa, Little Sis Nora",I'm an Albatraoz,2014-08-01,electronic,modern,0.817,128.078,0.883,-5.414,0.11,0.595,0.235,0.601,0.00449,70,166849,1,0,4,2014,8,3,electronic_modern
3zU9rdflI65tK4dkkNSp77,Heroes (we could be),"Alesso, Tove Lo",Forever,2015-05-01,electronic,modern,0.748,125.896,0.503,-4.124,0.343,0.356,0.0619,0.0305,0.0,70,210013,1,5,4,2015,5,2,electronic_modern
3W2ZcrRsInZbjWylOi6KhZ,You & Me - Flume Remix,"Disclosure, Eliza Doolittle, Flume",Settle (Special Edition),2013-06-01,electronic,modern,0.392,75.066,0.599,-6.869,0.131,0.26,0.0257,0.378,0.000107,70,282813,0,10,4,2013,6,2,electronic_modern
6usohdchdzW9oML7VC4Uhk,Lose Control,Teddy Swims,Lose Control,2023-06-01,soul,classic,0.604,159.92,0.561,-4.409,0.104,0.242,0.0337,0.199,1.9e-05,81,210689,1,9,3,2023,6,2,soul_classic
3ym8ajVmKm6Fybgov3WBI5,Let Me Go,Daniel Caesar,NEVER ENOUGH,2023-04-01,soul,classic,0.473,152.88,0.591,-8.122,0.108,0.451,0.0708,0.694,0.00334,70,216524,0,7,4,2023,4,2,soul_classic
42VsgItocQwOQC3XWZ8JNA,FE!N (feat. Playboi Carti),"Travis Scott, Playboi Carti",UTOPIA,2023-07-01,arabic,modern,0.882,148.038,0.569,-2.777,0.142,0.201,0.06,0.0316,0.0,88,191701,0,3,4,2023,7,3,arabic_modern
51eSHglvG1RJXtL3qI5trr,Slow It Down,Benson Boone,Fireworks & Rollerblades,2024-04-01,gaming,modern,0.583,181.489,0.432,-4.682,0.0933,0.544,0.0687,0.174,0.0,87,161831,1,8,4,2024,4,2,gaming_modern
0OA00aPt3BV10qeMIs3meW,Big Dawgs,"Hanumankind, Kalmi",Big Dawgs,2024-07-01,gaming,modern,0.745,180.098,0.464,-3.202,0.363,0.262,0.161,0.0235,0.0,85,190667,0,4,4,2024,7,3,gaming_modern
4uUG5RXrOk84mYEfFvj3cK,I'm Good (Blue),"David Guetta, Bebe Rexha",I'm Good (Blue),2022-08-01,gaming,modern,0.965,128.04,0.561,-3.673,0.371,0.304,0.0343,0.00383,7.07e-06,85,175238,0,7,4,2022,8,3,gaming_modern
1xK59OXxi2TAAAbmZK0kBL,Romantic Homicide,d4vd,Romantic Homicide,2022-07-01,gaming,modern,0.544,132.052,0.571,-10.613,0.322,0.216,0.0299,0.453,0.00805,85,132631,1,6,4,2022,7,3,gaming_modern
7ov3TDp5D00Rnu5R1viX4w,New Woman (feat. ROSALÍA),"LISA, ROSALÍA",New Woman (feat. ROSALÍA),2024-08-01,gaming,modern,0.854,140.515,0.477,-4.715,0.065,0.314,0.275,0.0858,0.0,85,179790,1,7,5,2024,8,3,gaming_modern
2GxrNKugF82CnoRFbQfzPf,i like the way you kiss me,Artemas,i like the way you kiss me,2024-03-01,gaming,modern,0.946,151.647,0.599,-4.263,0.0826,0.747,0.0447,0.000938,0.0106,84,142515,1,11,4,2024,3,1,gaming_modern
1lOe9qE0vR9zwWQAOk6CoO,Ransom,Lil Tecca,We Love You Tecca,2019-08-01,gaming,modern,0.642,179.974,0.745,-6.257,0.0658,0.226,0.287,0.0204,0.0,84,131240,0,7,4,2019,8,3,gaming_modern
2yR2sziCF4WEs3klW1F38d,KEEP UP,Odetari,KEEP UP // FROSTBITE,2024-07-01,gaming,modern,0.829,139.198,0.476,-3.806,0.167,0.505,0.0658,0.0172,0.00916,84,133227,0,10,4,2024,7,3,gaming_modern
4Na2HfNSr58chvfX69fy36,one of wun,Gunna,One of Wun,2024-05-01,gaming,modern,0.453,139.943,0.915,-4.589,0.104,0.287,0.27,0.0872,0.000163,84,144000,0,10,4,2024,5,2,gaming_modern
5nPbKG04fhLkIAjcPFaZq7,I Adore You (feat. Daecolm),"HUGEL, Topic, Arash, Daecolm",I Adore You (feat. Daecolm),2024-07-01,electronic,modern,0.787,119.996,0.704,-6.751,0.159,0.31,0.0462,0.00926,0.00538,83,214000,0,11,4,2024,7,3,electronic_modern
4MSj19TwYBLgDFj3ddEeco,Black Friday (pretty like the sun),"Lost Frequencies, Tom Odell",Black Friday (pretty like the sun),2024-07-01,electronic,modern,0.618,126.031,0.853,-10.833,0.0972,0.32,0.0923,0.633,0.89,83,145599,1,6,4,2024,7,3,electronic_modern
4q5YezDOIPcoLr8R81x9qy,I Can Do It With a Broken Heart,Taylor Swift,THE TORTURED POETS DEPARTMENT,2024-04-01,gaming,modern,0.751,129.994,0.701,-8.39,0.15,0.22,0.0502,0.123,0.0,83,218005,1,0,4,2024,4,2,gaming_modern
19RybK6XDbAVpcdxSbZL1o,Apple,Charli xcx,BRAT,2024-06-01,gaming,modern,0.957,126.035,0.804,-5.452,0.114,0.962,0.034,0.125,0.0174,83,151740,1,0,4,2024,6,2,gaming_modern
2ZRo7axmMPeSVUvDbGkJah,Hope,XXXTENTACION,?,2018-03-01,gaming,modern,0.457,146.04,0.592,-6.081,0.146,0.225,0.0603,0.661,0.000331,82,110886,0,9,4,2018,3,1,gaming_modern
7BqHUALzNBTanL6OvsqmC1,Happier,"Marshmello, Bastille",Happier,2018-08-01,gaming,modern,0.792,100.011,0.687,-2.749,0.167,0.671,0.0452,0.191,0.0,82,214290,1,5,4,2018,8,3,gaming_modern
0RiRZpuVRbi7oqRdSMwhQY,Sunflower - Spider-Man: Into the Spider-Verse,"Post Malone, Swae Lee",Hollywood's Bleeding,2019-09-01,gaming,modern,0.522,89.96,0.755,-4.368,0.0685,0.925,0.0575,0.533,0.0,82,157560,1,2,4,2019,9,3,gaming_modern
4rXLjWdF2ZZpXCVTfWcshS,fukumean,Gunna,a Gift & a Curse,2023-06-01,arabic,modern,0.622,130.001,0.847,-6.747,0.285,0.22,0.0903,0.119,0.0,82,125040,0,1,4,2023,6,2,arabic_modern
52eIcoLUM25zbQupAZYoFh,redrum,21 Savage,american dream,2024-01-01,gaming,modern,0.733,172.09,0.625,-8.757,0.375,0.244,0.0488,0.00598,0.000983,81,270698,1,2,4,2024,1,1,gaming_modern
59nOXPmaKlBfGMDeOVGrIK,WAIT FOR U (feat. Drake & Tems),"Future, Drake, Tems",I NEVER LIKED YOU,2022-04-01,ambient,modern,0.642,83.389,0.463,-4.474,0.0686,0.339,0.34,0.314,0.0,82,189893,1,1,4,2022,4,2,ambient_modern
4pkb8SbRGeHAvdb87v9rpf,Miles On It,"Marshmello, Kane Brown",Miles On It,2024-05-01,gaming,modern,0.761,129.963,0.634,-4.752,0.549,0.785,0.0472,0.00537,0.0,81,168454,1,5,4,2024,5,2,gaming_modern
0JP9xo3adEtGSdUEISiszL,Moonlight,XXXTENTACION,?,2018-03-01,gaming,modern,0.537,128.009,0.921,-5.723,0.102,0.711,0.0804,0.556,0.00404,81,135090,0,9,4,2018,3,1,gaming_modern
7FIWs0pqAYbP91WWM0vlTQ,Godzilla (feat. Juice WRLD),"Eminem, Juice WRLD",Music To Be Murdered By,2020-01-01,gaming,modern,0.745,165.995,0.808,-5.26,0.292,0.829,0.342,0.145,0.0,81,210800,0,10,4,2020,1,1,gaming_modern
5ZUIPLoTLJZrPQh2kFZEUM,Addicted,"Zerb, The Chainsmokers, Ink",Addicted,2024-03-01,gaming,modern,0.741,120.064,0.771,-7.132,0.111,0.19,0.0374,0.0245,0.000163,81,152250,0,5,4,2024,3,1,gaming_modern
6EUcP55GlbmsmCzfL2vxtZ,on one tonight,Gunna,One of Wun,2024-05-01,gaming,modern,0.727,130.035,0.887,-4.318,0.213,0.932,0.135,0.381,1.16e-06,82,90760,0,4,4,2024,5,2,gaming_modern
09CnYHiZ5jGT1wr1TXJ9Zt,Thank You (Not So Bad),"Dimitri Vegas & Like Mike, Tiësto, Dido, W&W, Dimitri Vegas, Like Mike",Thank You (Not So Bad),2023-12-01,gaming,modern,0.95,150.019,0.673,-5.149,0.398,0.563,0.0488,0.0229,0.0823,81,140000,1,11,4,2023,12,4,gaming_modern
4w2GLmK2wnioVnb5CPQeex,360,Charli xcx,BRAT,2024-06-01,gaming,modern,0.62,120.042,0.857,-8.13,0.0934,0.796,0.0472,0.646,0.244,81,133805,1,0,4,2024,6,2,gaming_modern
2HYFX63wP3otVIvopRS99Z,Houdini,Eminem,Houdini,2024-05-01,gaming,modern,0.887,127.003,0.936,-2.76,0.0582,0.889,0.0683,0.0292,1.88e-06,81,227239,0,9,4,2024,5,2,gaming_modern
0nbXyq5TXYPCO7pr3N8S4I,The Box,Roddy Ricch,Please Excuse Me for Being Antisocial,2019-12-01,gaming,modern,0.586,116.971,0.896,-6.687,0.79,0.642,0.0559,0.104,0.0,81,196653,0,10,4,2019,12,4,gaming_modern
4xhsWYTOGcal8zt0J161CU,Lovin On Me,Jack Harlow,Lovin On Me,2023-11-01,gaming,modern,0.558,104.983,0.943,-4.911,0.0937,0.606,0.0568,0.0026,2.19e-06,81,138411,1,2,4,2023,11,4,gaming_modern
7GX5flRQZVHRAGd6B4TmDO,XO Tour Llif3,Lil Uzi Vert,Luv Is Rage 2,2017-08-01,gaming,modern,0.75,155.096,0.732,-6.366,0.109,0.401,0.231,0.00264,0.0,81,182707,0,11,4,2017,8,3,gaming_modern
3mfER4ORePHvN35cbZ3dkV,Where Are You Now,"Lost Frequencies, Calum Scott",All Stand Together,2023-11-01,gaming,modern,0.632,121.031,0.762,-8.312,0.18,0.282,0.085,0.51,0.000205,81,149067,0,6,4,2023,11,4,gaming_modern
4XvcHTUfIlWfyJTRG0aqlo,2055,Sleepy Hallow,Still Sleep?,2021-06-01,gaming,modern,0.512,80.511,0.829,-5.865,0.12,0.638,0.187,0.492,0.0,80,123987,0,6,4,2021,6,2,gaming_modern
4jPy3l0RUwlUI9T5XHBW2m,Mood (feat. iann dior),"24kGoldn, iann dior",El Dorado,2021-03-01,arabic,modern,0.716,91.007,0.701,-3.671,0.324,0.732,0.0361,0.174,0.0,80,140533,0,7,4,2021,3,1,arabic_modern
67smGwuPEtA6GAfeweAVNO,SLAY!,Eternxlkz,SLAY!,2024-03-01,gaming,modern,0.773,129.923,0.681,-4.706,0.0978,0.504,0.0345,0.0863,0.734,80,107077,1,1,4,2024,3,1,gaming_modern
0xoYZ45fgTfyQYREZPN7Sa,You & Me - Rivo Remix,"Disclosure, Eliza Doolittle, Rivo",You & Me (Rivo Remix),2023-12-01,electronic,modern,0.797,122.011,0.702,-6.635,0.179,0.0356,0.0557,0.583,0.495,79,208525,0,10,4,2023,12,4,electronic_modern
2FDTHlrBguDzQkp7PVj16Q,Sprinter,"Dave, Central Cee",Sprinter,2023-06-01,ambient,modern,0.681,139.057,0.918,-4.705,0.0615,0.706,0.201,0.263,0.0,79,229133,1,1,4,2023,6,2,ambient_modern
3wo3d0I5H8KjkwGvnz8WbB,Somedays,"Sonny Fodera, Jazzy, D.O.D",Somedays,2024-07-01,gaming,modern,0.753,127.926,0.671,-6.045,0.177,0.543,0.0298,0.019,1.29e-05,79,207168,0,4,4,2024,7,3,gaming_modern
19kHhX6f6EfLU7rcO3RqjO,Back On 74,Jungle,Volcano,2023-08-01,gaming,modern,0.761,146.003,0.62,-7.282,0.269,0.194,0.175,0.207,0.000147,79,209483,0,10,4,2023,8,3,gaming_modern
6jlG8gBPNAgBgoivw2Ig09,DEVIL IS A LIE,Tommy Richman,DEVIL IS A LIE,2024-06-01,gaming,modern,0.452,90.026,0.904,-7.272,0.115,0.613,0.132,0.174,0.0,78,130944,1,9,4,2024,6,2,gaming_modern
57wp7VFnV8X0pSVnYArGeJ,Whatever She Wants,Bryson Tiller,Whatever She Wants,2024-02-01,gaming,modern,0.512,96.02,0.803,-6.871,0.0928,0.435,0.066,0.128,0.0,78,161342,0,9,4,2024,2,1,gaming_modern
77DRzu7ERs0TX3roZcre7Q,euphoria,Kendrick Lamar,euphoria,2024-04-01,gaming,modern,0.643,139.948,0.831,-5.002,0.084,0.142,0.11,0.046,0.0,78,383639,1,1,4,2024,4,2,gaming_modern
3AjSfp5FDvwtMU9XBsbS8j,Push Up - Main Edit,Creeds,Push Up (Main Edit),2023-03-01,gaming,modern,0.83,75.023,0.767,-8.78,0.0582,0.187,0.206,0.209,0.836,77,139300,1,7,4,2023,3,1,gaming_modern
5mjYQaktjmjcMKcUIcqz4s,Strangers,Kenya Grace,Strangers,2023-09-01,gaming,modern,0.523,169.982,0.628,-8.307,0.219,0.416,0.0946,0.701,0.00274,77,172965,0,11,4,2023,9,3,gaming_modern
3HrHhTWonBqF4mDasi8xvC,BACKBONE,"Chase & Status, Stormzy",BACKBONE,2024-08-01,gaming,modern,0.934,88.009,0.777,-0.959,0.275,0.637,0.254,0.285,3.86e-05,77,166449,1,2,4,2024,8,3,gaming_modern
4VL5XwfATZuAVTW471Wpro,FUNKED UP - SLOWED,"xxanteria, isq",FUNKED UP,2024-01-01,gaming,modern,0.927,109.952,0.755,0.254,0.0567,0.702,0.0645,0.00288,0.925,77,115348,0,11,4,2024,1,1,gaming_modern
7vOmSP2647oNUGGEhWd1cr,Montagem Mysterious Game,LXNGVX,Montagem Mysterious Game,2023-12-01,gaming,modern,0.64,130.051,0.537,-10.441,0.157,0.222,0.104,0.146,0.878,77,103495,1,1,4,2023,12,4,gaming_modern
7bxyNLXYaEYaZTxAuQTHlD,TUCA DONKA,"CURSEDEVIL, DJ FKU, Skorde",TUCA DONKA,2023-07-01,gaming,modern,0.963,130.028,0.817,-3.318,0.312,0.502,0.0353,0.0683,0.767,77,75692,1,1,4,2023,7,3,gaming_modern
56y1jOTK0XSvJzVv9vHQBK,Paint The Town Red,Doja Cat,Scarlet,2023-09-01,gaming,modern,0.556,99.974,0.864,-7.683,0.112,0.726,0.194,0.255,3.85e-06,77,230480,0,2,4,2023,9,3,gaming_modern
6njJR3OIp3oA0Kc4aC9Tzf,MONTAGEM - PR FUNK,"S3BZS, Mc Gw, Mc Menor Do Alvorada",MONTAGEM - PR FUNK,2023-05-01,brazilian,modern,0.803,130.028,0.877,-3.195,0.087,0.795,0.0507,0.734,0.056,77,61673,1,9,4,2023,5,2,brazilian_modern
3LtpKP5abr2qqjunvjlX5i,Doja,Central Cee,Doja,2022-07-01,gaming,modern,0.573,140.04,0.911,-7.43,0.403,0.972,0.288,0.38,0.0,77,97393,1,6,4,2022,7,3,gaming_modern
0agQ9vIV7NP4dntGKLcCXO,Somebody (2024),"Gotye, FISHER, Chris Lake, Kimbra, Sante Sansone",Somebody (2024),2024-02-01,gaming,modern,0.629,130.017,0.848,-6.198,0.049,0.586,0.0424,0.016,0.18,77,153519,1,0,4,2024,2,1,gaming_modern
0LMwmV37RCmBO2so0szAFs,Whatever,"Kygo, Ava Max",Whatever,2024-01-01,electronic,modern,0.777,108.005,0.58,-5.69,0.342,0.589,0.0655,0.104,0.0,76,178273,1,3,4,2024,1,1,electronic_modern
69phA1R4gmQsBFRQ3INW8C,ONE CALL,Rich Amiri,Ghetto Fabulous,2023-11-01,gaming,modern,0.539,158.105,0.65,-7.281,0.114,0.253,0.0561,0.00617,2.67e-05,76,121399,1,1,4,2023,11,4,gaming_modern
2YSzYUF3jWqb9YP9VXmpjE,IDGAF (feat. Yeat),"Drake, Yeat",For All The Dogs,2023-10-01,gaming,modern,0.672,136.902,0.673,-8.577,0.193,0.14,0.224,0.0466,0.000284,76,260111,1,8,4,2023,10,4,gaming_modern
7MIhUdNJtaOnDmC5nBC1fb,Deep Down (feat. Never Dull),"Alok, Ella Eyre, Kenny Dope, Never Dull",Deep Down (feat. Never Dull),2022-06-01,electronic,modern,0.818,125.952,0.687,-4.221,0.248,0.886,0.0778,0.0112,0.0,76,165753,1,0,4,2022,6,2,electronic_modern
5PyDJG7SQRgWXefgexqIge,Agora Hills,Doja Cat,Scarlet,2023-09-01,gaming,modern,0.687,123.01,0.755,-6.247,0.125,0.381,0.101,0.183,0.000177,76,265360,0,8,4,2023,9,3,gaming_modern
06PqeO7IInus2yvzsZwZhf,CUTE DEPRESSED,Dyan Dxddy,CUTE DEPRESSED,2024-02-01,gaming,modern,0.919,151.221,0.83,-2.12,0.0757,0.848,0.145,0.503,0.748,76,96947,0,10,4,2024,2,1,gaming_modern
2V3hsJU3bTOATih0Fm4aDp,BRODYAGA FUNK,Eternxlkz,BRODYAGA FUNK,2023-11-01,gaming,modern,0.738,130.0,0.593,-2.956,0.292,0.591,0.0351,0.269,0.968,75,134785,0,11,4,2023,11,4,gaming_modern
0EqczV3o6fwksegAavIHpX,LOVELY BASTARDS,"ZWE1HVNDXR, yatashigang",LOVELY BASTARDS,2023-08-01,gaming,modern,0.81,150.251,0.613,-6.16,0.137,0.686,0.488,0.832,0.899,75,116104,1,1,4,2023,8,3,gaming_modern
17NHXI2CJp7KgdcwcDnRx4,Boyz In Paris (with VINAI),"Marnik, Naeleck, VINAI",Boyz In Paris (with VINAI),2023-07-01,gaming,modern,0.967,149.036,0.628,-4.068,0.274,0.399,0.0485,0.0398,4.67e-05,75,151589,1,1,4,2023,7,3,gaming_modern
0FA4wrjDJvJTTU8AepZTup,Watch This - ARIZONATEARS Pluggnb Remix,"Lil Uzi Vert, sped up nightcore, ARIZONATEARS",Watch This (ARIZONATEARS Pluggnb Remix),2023-02-01,gaming,modern,0.897,129.975,0.686,-7.18,0.153,0.355,0.0386,0.0103,0.103,75,163139,0,11,4,2023,2,1,gaming_modern
36gcliMRX1vCpgnrZE3dFZ,10:35,"Tiësto, Tate McRae",DRIVE,2023-04-01,gaming,modern,0.793,120.003,0.696,-5.733,0.18,0.698,0.097,0.0683,3.78e-06,75,172253,1,8,4,2023,4,2,gaming_modern
6KqM3xmPIDonsTjCSGrrr5,TOO COOL TO BE CARELESS,PAWSA,TOO COOL TO BE CARELESS,2024-07-01,gaming,modern,0.781,128.001,0.805,-7.225,0.0598,0.818,0.0434,0.002,0.302,74,220000,0,1,4,2024,7,3,gaming_modern
2JIzOc3HHo4MhiyZzhpBUV,Automotivo Bibi Fogosa,"Bibi Babydoll, Dj Brunin XM, KZA Produções",Automotivo Bibi Fogosa,2023-11-01,gaming,modern,0.848,135.048,0.721,-3.371,0.097,0.774,0.0266,0.26,2.11e-06,74,129800,1,9,4,2023,11,4,gaming_modern
0HqZX76SFLDz2aW8aiqi7G,Bones,Imagine Dragons,Bones,2022-03-01,gaming,modern,0.742,114.071,0.773,-3.678,0.0754,0.571,0.046,0.0206,0.0,74,165265,0,5,4,2022,3,1,gaming_modern
7aqfrAY2p9BUSiupwk3svU,First Person Shooter (feat. J. Cole),"Drake, J. Cole",For All The Dogs,2023-10-01,gaming,modern,0.655,163.997,0.475,-7.342,0.375,0.245,0.33,0.0306,0.0,74,247444,0,11,4,2023,10,4,gaming_modern
63HwAAXuSV2tzIUPoHOwZa,Atmosphere,"FISHER, Kita Alexander",Atmosphere,2023-08-01,gaming,modern,0.895,125.985,0.762,-4.562,0.204,0.757,0.0734,0.00623,0.142,73,182857,1,8,4,2023,8,3,gaming_modern
3K5KXm1uZjiyQk0J7op1xf,9mm,"Memphis Cult, Groove Dealers, SPLYXER",Memphis Cult Vol. 6,2023-02-01,gaming,modern,0.915,154.964,0.737,-2.749,0.084,0.304,0.0412,0.00322,2.58e-05,73,86710,1,0,4,2023,2,1,gaming_modern
1golLrmqyxDWedF7YUHCOD,edamame,"bbno$, Rich Brian",eat ya veggies,2021-10-01,gaming,modern,0.85,106.036,0.815,-4.704,0.0245,0.694,0.113,0.0232,0.000143,73,133707,0,4,4,2021,10,4,gaming_modern
5NAOhPAZ57eFAXr3qatS6i,Breathe,Yeat,2093,2024-02-01,gaming,modern,0.546,118.051,0.76,-13.092,0.103,0.113,0.0616,0.0284,0.924,73,170847,1,11,4,2024,2,1,gaming_modern
06tNJ27nVxbDwhiQMChWyr,GOOD LOYAL THOTS,Odetari,GOOD LOYAL THOTS,2023-03-01,gaming,modern,0.86,146.441,0.585,-5.274,0.18,0.607,0.116,0.0566,0.000142,73,102557,1,6,4,2023,3,1,gaming_modern
5GCU2LJWPzoP8Q6nexs61z,Let's Go,Key Glock,Glockoma 2 (Deluxe),2023-06-01,gaming,modern,0.636,75.486,0.654,-6.904,0.412,0.267,0.0845,0.00258,0.0,73,140107,1,8,4,2023,6,2,gaming_modern
210JJAa9nJOgNa0YNrsT5g,GODS,"League of Legends, NewJeans",GODS,2023-10-01,gaming,modern,0.765,145.988,0.588,-5.914,0.2,0.492,0.0518,0.00685,3.23e-05,73,220878,0,3,4,2023,10,4,gaming_modern
4KZMoDuxwSYP63bhbnMqe3,Stronger,Young Jonn,Jiggy Forever,2024-04-01,afrobeats,african,0.819,110.14,0.726,-7.094,0.27,0.636,0.106,0.477,9.65e-05,70,141818,1,8,4,2024,4,2,afrobeats_african
10y7iW3rc8bzGbhAC3mNPA,Are you there?,Ayo Maff,MAFFIAN,2024-08-01,afrobeats,african,0.529,112.014,0.782,-8.626,0.413,0.44,0.0592,0.509,1.42e-06,69,156429,1,0,4,2024,8,3,afrobeats_african
7ySC0IjVS1PMEdsZOvsUK2,OZEBA,Rema,HEIS,2024-07-01,afrobeats,african,0.841,147.989,0.754,-4.563,0.0903,0.838,0.0921,0.136,0.0,68,137684,1,2,4,2024,7,3,afrobeats_african
3MldGIMtPcupNBI4Dnxolr,Constantly,"Hyce, BoyPee, Brown Joel",Constantly,2024-08-01,afrobeats,african,0.705,197.98,0.374,-8.37,0.14,0.718,0.145,0.172,0.0,68,193567,1,11,5,2024,8,3,afrobeats_african
6XBIOtdSL47qn201KKNCA0,JUJU (feat. Shallipopi),"Smur Lee, ODUMODUBLVCK, Shallipopi",JUJU (feat. Shallipopi),2024-08-01,afrobeats,african,0.719,113.012,0.897,-7.164,0.0677,0.546,0.157,0.116,0.000531,71,157756,0,6,4,2024,8,3,afrobeats_african
2GSK9VfsKWpVOV6ZzKiMA4,alone - Remix,"FOLA, Bnxn",alone (Remix),2024-10-01,afrobeats,african,0.52,95.865,0.578,-8.399,0.124,0.425,0.151,0.554,3.38e-06,68,154579,0,11,4,2024,10,4,afrobeats_african
5Wxkvvb6pLky16pwq4gBI3,Dealer,"Ayo Maff, Fireboy DML",Dealer,2024-04-01,afrobeats,african,0.651,67.813,0.49,-6.259,0.108,0.567,0.138,0.714,7.59e-06,68,180594,1,11,5,2024,4,2,afrobeats_african
7ovUcF5uHTBRzUpB6ZOmvt,アイドル,YOASOBI,アイドル,2023-04-01,j-pop,anime,0.935,166.008,0.574,-2.783,0.367,0.836,0.0926,0.112,1.07e-06,72,213234,1,1,4,2023,4,2,j-pop_anime
3khEEPRyBeOUabbmOPJzAG,KICK BACK,Kenshi Yonezu,KICK BACK,2022-10-01,j-pop,anime,0.941,101.921,0.577,-5.17,0.0891,0.292,0.105,0.00207,3.36e-06,72,193495,1,1,4,2022,10,4,j-pop_anime
78W4mTLIh4qoLu92W4IQhO,ライラック,Mrs. GREEN APPLE,ライラック,2024-04-01,j-pop,anime,0.794,149.923,0.531,-4.363,0.082,0.775,0.0964,0.0176,0.0,77,288200,1,10,4,2024,4,2,j-pop_anime
12usPU2WnqgCHAW1EK2dfd,青のすみか,Tatsuya Kitani,青のすみか,2023-07-01,j-pop,anime,0.898,151.99,0.479,-4.809,0.297,0.639,0.169,0.0134,0.0,71,196467,1,1,4,2023,7,3,j-pop_anime
0kdqcbwei4MDWFEX5f33yG,Bling-Bang-Bang-Born,Creepy Nuts,Bling-Bang-Bang-Born,2024-01-01,j-pop,anime,0.822,157.013,0.853,-6.836,0.166,0.746,0.246,0.0841,0.00985,80,168136,0,6,4,2024,1,1,j-pop_anime
1nysdCpKAh6yif4JkmoiNy,カーテンコール,Yuuri,カーテンコール,2024-07-01,j-pop,anime,0.905,141.131,0.545,-3.823,0.182,0.735,0.0684,0.103,0.0,73,243027,1,5,4,2024,7,3,j-pop_anime
5eY7692tmgHB9dbmq6wa2M,晴る,ヨルシカ,晴る,2024-01-01,j-pop,anime,0.571,101.955,0.695,-6.249,0.118,0.726,0.111,0.032,3.58e-06,70,270705,0,11,4,2024,1,1,j-pop_anime
47N81NMkB488fuOwOC3Oip,Nobody - from Kaiju No. 8,OneRepublic,Nobody (from Kaiju No. 8),2024-04-01,j-pop,anime,0.811,139.959,0.693,-5.765,0.106,0.944,0.0313,0.395,0.0,69,153626,1,5,4,2024,4,2,j-pop_anime
2kLWSmKHhfUBepkIA9oNe5,Abyss - from Kaiju No. 8,YUNGBLUD,Abyss (from Kaiju No. 8),2024-01-01,j-pop,anime,0.808,115.063,0.576,-4.241,0.127,0.172,0.0407,0.00615,0.0,68,123293,1,1,4,2024,1,1,j-pop_anime
2VBLFxCUyFp5BfmsZpxcis,絆ノ奇跡,"MAN WITH A MISSION, milet",絆ノ奇跡,2023-04-01,j-pop,anime,0.951,169.955,0.436,-4.748,0.149,0.428,0.202,0.0046,0.0,68,223320,0,7,4,2023,4,2,j-pop_anime
3jNwPOqdPvQIr5dRT0hzgY,タイムパラドックス,Vaundy,タイムパラドックス,2024-01-01,j-pop,anime,0.514,82.05,0.829,-5.333,0.231,0.757,0.0531,0.439,1.45e-06,68,226558,1,2,4,2024,1,1,j-pop_anime
2MuWTIM3b0YEAskbeeFE1i,Master Of Puppets,Metallica,Master Of Puppets (Remastered),1986-03-01,metal,classic,0.836,105.173,0.543,-9.11,0.153,0.56,0.0353,0.000647,0.431,75,515387,0,4,4,1986,3,1,metal_classic
4OROzZUy6gOWN4UGQVaZMF,The Trooper - 2015 Remaster,Iron Maiden,Piece of Mind (2015 Remaster),1983-01-01,metal,classic,0.908,159.756,0.285,-4.601,0.311,0.669,0.0705,0.0318,0.00909,71,252733,0,4,4,1983,1,1,metal_classic
7fcfNW0XxTWlwVlftzfDOR,Walk,Pantera,Vulgar Display of Power,1992-02-01,metal,classic,0.704,118.242,0.43,-8.008,0.0933,0.703,0.0804,0.000155,0.00221,73,315120,0,1,4,1992,2,1,metal_classic
2DlHlPMa4M17kufBvI2lEN,Chop Suey!,System Of A Down,Toxicity,2001-09-01,metal,classic,0.934,127.066,0.417,-3.908,0.132,0.287,0.119,0.000278,0.0015,83,210240,0,7,4,2001,9,3,metal_classic
1pr9TZGOXeJUggIal1Wq3R,Blind,Korn,Korn,1994-10-01,metal,classic,0.891,92.049,0.283,-8.165,0.159,0.226,0.178,0.00678,0.0038,68,258267,1,2,4,1994,10,4,metal_classic
5IX4TbIR5mMHGE4wiWwKW0,One,Metallica,...And Justice For All,1988-08-01,metal,classic,0.695,102.178,0.437,-9.447,0.124,0.413,0.0617,0.00111,0.0857,72,447440,1,7,3,1988,8,3,metal_classic
7txxAtOMwLLnQTpKeBL6bp,Mother,Danzig,Danzig,1988-01-01,metal,classic,0.763,148.366,0.365,-9.45,0.0865,0.342,0.0591,0.00726,0.000457,69,204867,0,11,4,1988,1,1,metal_classic
2SgbR6ttzoNlCRGQOKjrop,Cowboys from Hell,Pantera,Cowboys from Hell,1990-07-01,metal,classic,0.908,114.816,0.415,-9.701,0.082,0.437,0.0765,0.00437,0.0345,71,243533,1,2,4,1990,7,3,metal_classic
61mWefnWQOLf90gepjOCb3,Duality,Slipknot,Vol. 3: The Subliminal Verses,2004-03-01,metal,classic,0.982,143.772,0.354,-3.026,0.204,0.194,0.168,0.000237,0.000294,80,252613,0,4,4,2004,3,1,metal_classic
5sICkBXVmaCQk5aISGR3x1,Enter Sandman,Metallica,Metallica,1991-08-01,metal,classic,0.828,123.257,0.577,-8.691,0.0581,0.604,0.0298,0.00213,0.0114,79,331267,0,6,4,1991,8,3,metal_classic
5anCkDvJ17aznvK5TED5uo,Hail to the King,Avenged Sevenfold,Hail to the King,2013-08-01,metal,classic,0.916,118.004,0.58,-4.358,0.126,0.683,0.0387,0.000297,0.0259,75,305907,0,3,4,2013,8,3,metal_classic
6W21LNLz9Sw7sUSNWMSHRu,Freak On a Leash,Korn,Follow The Leader,1998-08-01,metal,classic,0.898,103.299,0.353,-5.877,0.39,0.525,0.052,2.23e-05,0.105,77,255733,1,2,4,1998,8,3,metal_classic
6Nm8h73ycDG2saCnZV8poF,Dragula,Rob Zombie,Hellbilly Deluxe,1998-01-01,metal,classic,0.963,125.033,0.59,-6.489,0.0781,0.586,0.0676,8.75e-05,0.000105,77,222827,0,0,4,1998,1,1,metal_classic
4UEo1b0wWrtHMC8bVqPiH8,Nightmare,Avenged Sevenfold,Nightmare,2010-07-01,metal,classic,0.949,129.984,0.554,-4.928,0.2,0.233,0.0787,0.000318,9.98e-05,70,374453,1,2,4,2010,7,3,metal_classic
1158ckiB5S4cpsdYHDB9IF,My Own Summer (Shove It),Deftones,Around the Fur,1997-10-01,metal,classic,0.781,71.841,0.443,-4.277,0.166,0.372,0.0377,1.33e-05,0.205,77,214760,1,1,4,1997,10,4,metal_classic
55mJleti2WfWEFNFcBduhc,Schism,TOOL,Lateralus,2001-05-01,metal,classic,0.714,107.441,0.567,-8.512,0.186,0.191,0.0302,0.0012,0.417,68,403533,0,9,3,2001,5,2,metal_classic
5Tbpp3OLLClPJF8t1DmrFD,"Nuthin' But A ""G"" Thang","Dr. Dre, Snoop Dogg",The Chronic,1992-12-01,hip-hop,modern,0.821,94.895,0.669,-4.37,0.147,0.684,0.29,0.00182,0.0,76,237573,0,11,4,1992,12,4,hip-hop_modern
5O4erNlJ74PIF6kGol1ZrC,Could You Be Loved,Bob Marley & The Wailers,Uprising,1980-06-01,reggae,classic,0.72,103.314,0.916,-8.548,0.0958,0.761,0.1,0.36,0.00016,79,237000,1,0,4,1980,6,2,reggae_classic
22AbXxQbMdVqEz7xJjhccG,Welcome To Jamrock,Damian Marley,Welcome to Jamrock,2005-01-01,reggae,classic,0.661,76.71,0.836,-6.502,0.449,0.753,0.338,0.0208,0.0,68,213200,0,7,4,2005,1,1,reggae_classic
1HGyhNaRUFEDBiVLbvtbL6,Murder She Wrote,Chaka Demus & Pliers,Tease Me,1993-01-01,reggae,classic,0.733,95.107,0.883,-9.153,0.334,0.946,0.128,0.161,0.00026,68,245000,0,11,4,1993,1,1,reggae_classic
7BfW1eoDh27W69nxsmRicb,Buffalo Soldier,Bob Marley & The Wailers,Confrontation,1983-05-01,reggae,classic,0.463,124.084,0.929,-8.651,0.0634,0.755,0.308,0.143,5.3e-06,70,255840,1,9,4,1983,5,2,reggae_classic
503OTo2dSqe7qk76rgsbep,Still D.R.E.,"Dr. Dre, Snoop Dogg",2001,1999-11-01,hip-hop,90s,0.775,93.431,0.816,-3.323,0.0543,0.527,0.234,0.16,0.00031,81,270587,1,11,4,1999,11,4,hip-hop_90s
7KwZNVEaqikRSBSpyhXK2j,Hypnotize - 2014 Remaster,The Notorious B.I.G.,Life After Death (2014 Remastered Edition),1997-03-01,hip-hop,90s,0.697,93.941,0.901,-3.439,0.287,0.67,0.28,0.145,0.0,78,229827,1,9,4,1997,3,1,hip-hop_90s
0uEp9E98JB5awlA084uaIg,Doo Wop (That Thing),Ms. Lauryn Hill,The Miseducation of Lauryn Hill,1998-08-01,hip-hop,90s,0.505,99.935,0.535,-8.926,0.0923,0.495,0.245,0.0393,0.0,74,320267,0,2,4,1998,8,3,hip-hop_90s
4AE7Lj39VnSZNOmGH2iZaq,Do For Love,2Pac,R U Still Down? [Remember Me],1997-01-01,hip-hop,90s,0.63,95.0,0.874,-3.585,0.0582,0.717,0.298,0.0578,0.00479,74,281600,1,1,4,1997,1,1,hip-hop_90s
33ZXjLCpiINn8eQIDYEPTD,"Shook Ones, Pt. II",Mobb Deep,The Infamous,1995-04-01,hip-hop,90s,0.786,93.857,0.763,-6.472,0.0817,0.504,0.229,0.0146,0.0114,74,325507,0,10,4,1995,4,2,hip-hop_90s
4IYKjN1DrYzxKXt0umJqsG,I Got 5 On It,"Luniz, Michael Marshall",Operation Stackola,1995-07-01,hip-hop,90s,0.706,174.039,0.584,-7.899,0.125,0.579,0.366,0.209,0.0,73,253533,0,10,4,1995,7,3,hip-hop_90s
3GKL13lkM5nRc4zC1lIOrR,Still Not a Player (feat. Joe) - Radio Version,"Big Pun, Joe",Capital Punishment,1998-04-01,hip-hop,90s,0.62,94.121,0.9,-6.518,0.0647,0.867,0.312,0.2,0.00156,72,236800,0,4,4,1998,4,2,hip-hop_90s
5ByAIlEEnxYdvpnezg7HTX,Juicy - 2005 Remaster,The Notorious B.I.G.,Ready to Die (The Remaster),1994-09-01,hip-hop,90s,0.818,96.063,0.889,-4.639,0.179,0.782,0.253,0.47,0.0,73,302760,1,9,4,1994,9,3,hip-hop_90s
119c93MHjrDLJTApCVGpvx,C.R.E.A.M. (Cash Rules Everything Around Me),Wu-Tang Clan,Enter The Wu-Tang (36 Chambers) [Expanded Edition],1993-11-01,hip-hop,90s,0.514,181.033,0.512,-11.562,0.126,0.565,0.387,0.555,0.00958,72,252027,0,11,4,1993,11,4,hip-hop_90s
1oTHteQbmJw15rPxPVXUTv,Insane in the Brain,Cypress Hill,Black Sunday,1993-07-01,hip-hop,90s,0.611,102.304,0.897,-10.489,0.0894,0.769,0.211,0.0291,0.186,70,208267,1,11,4,1993,7,3,hip-hop_90s
2vfvGlqCB7oertO5VLE0sz,ATLiens,Outkast,ATLiens,1996-08-01,hip-hop,90s,0.734,97.044,0.918,-2.832,0.191,0.608,0.269,0.0296,8.01e-06,70,230693,0,11,4,1996,8,3,hip-hop_90s
0trHOzAhNpGCsGBEu7dOJo,N.Y. State of Mind,Nas,Illmatic,1994-04-01,hip-hop,90s,0.91,84.099,0.665,-4.682,0.227,0.887,0.223,0.0394,0.0,70,293973,0,6,4,1994,4,2,hip-hop_90s
3NGT0Td7H4Is1qrlDQJxma,Check Yo Self - Remix,"Ice Cube, Das EFX",Bootlegs And B-Sides,1994-11-01,hip-hop,90s,0.735,101.368,0.934,-6.668,0.107,0.768,0.251,0.031,8.6e-06,69,273107,1,1,4,1994,11,4,hip-hop_90s
6tDxrq4FxEL2q15y37tXT9,Dear Mama,2Pac,Me Against The World,1995-03-01,hip-hop,90s,0.54,84.115,0.773,-7.123,0.131,0.322,0.103,0.371,0.0,68,280000,1,6,4,1995,3,1,hip-hop_90s
7N1Vjtzr1lmmCW9iasQ8YO,Survival of the Fittest,Mobb Deep,The Infamous,1995-04-01,hip-hop,90s,0.703,94.828,0.813,-5.077,0.237,0.241,0.268,0.125,1.26e-06,68,224533,0,11,4,1995,4,2,hip-hop_90s
4INDiWSKvqSKDEu7mh8HFz,Mo Money Mo Problems (feat. Puff Daddy & Mase) - 2014 Remaster,"The Notorious B.I.G., Mase, Diddy",Life After Death (2014 Remastered Edition),1997-03-01,hip-hop,90s,0.884,104.536,0.845,-4.506,0.203,0.904,0.0759,0.0128,2.1e-06,72,257400,0,6,4,1997,3,1,hip-hop_90s
3Ti0GdlrotgwsAVBBugv0I,Can I Kick It?,A Tribe Called Quest,People's Instinctive Travels and the Paths of Rhythm (25th Anniversary Edition),1990-04-01,hip-hop,90s,0.666,96.662,0.848,-6.547,0.129,0.744,0.274,0.173,0.000699,68,251573,1,0,4,1990,4,2,hip-hop_90s
0XRbYXQUymj9SJkrr8YK5B,Keep Ya Head Up,2Pac,Strictly 4 My N.I.G.G.A.Z...,1993-02-01,hip-hop,90s,0.732,172.329,0.598,-7.013,0.508,0.595,0.425,0.144,0.0,68,262507,1,4,4,1993,2,1,hip-hop_90s
4RvWPyQ5RL0ao9LPZeSouE,Everybody Wants To Rule The World,Tears For Fears,Songs From The Big Chair (Super Deluxe Edition),1985-02-01,rock,80s,0.795,112.067,0.645,-12.095,0.104,0.535,0.0527,0.347,0.00389,85,251489,1,7,4,1985,2,1,rock_80s
77NNZQSqzLNqh2A9JhLRkg,Don't Stop Believin',Journey,The Essential Journey,2001-10-01,rock,80s,0.802,119.25,0.491,-7.106,0.387,0.472,0.0392,0.25,0.0,72,248907,1,4,4,2001,10,4,rock_80s
7FwBtcecmlpc1sLySPXeGE,Dancing In the Dark,Bruce Springsteen,Born In The U.S.A.,1984-06-01,rock,80s,0.942,148.723,0.527,-5.64,0.188,0.495,0.0366,0.0115,0.0,82,241307,0,1,4,1984,6,2,rock_80s
0rmGAIH9LNJewFw7nKzZnc,You Give Love A Bad Name,Bon Jovi,Slippery When Wet,1986-08-01,rock,80s,0.959,122.805,0.541,-2.947,0.344,0.812,0.0505,0.0663,2.18e-06,81,222707,0,0,4,1986,8,3,rock_80s
0GONea6G2XdnHWjNZd6zt3,Summer Of '69,Bryan Adams,Reckless (30th Anniversary / Deluxe Edition),1984-11-01,pop,80s,0.834,139.13,0.509,-6.205,0.0732,0.774,0.0386,0.0183,0.0,80,216053,1,2,4,1984,11,4,pop_80s
2fuCquhmrzHpu5xcA1ci9x,Under Pressure - Remastered 2011,"Queen, David Bowie",Hot Space (2011 Remaster),1982-05-01,rock,80s,0.712,113.805,0.671,-7.815,0.103,0.462,0.0476,0.429,0.0,79,248440,1,2,4,1982,5,2,rock_80s
7HKez549fwJQDzx3zLjHKC,Start Me Up - Remastered 2009,The Rolling Stones,Tattoo You (2009 Re-Mastered),1981-08-01,rock,80s,0.932,122.431,0.631,-4.142,0.0918,0.971,0.0354,0.0429,0.137,76,213067,1,5,4,1981,8,3,rock_80s
7N3PAbqfTjSEU1edb2tY8j,Jump - 2015 Remaster,Van Halen,1984 (Remastered),1984-01-01,pop,80s,0.835,129.981,0.572,-6.219,0.0702,0.795,0.0317,0.171,0.000377,75,241600,1,0,4,1984,1,1,pop_80s
3MrRksHupTVEQ7YbA0FsZK,The Final Countdown,Europe,The Final Countdown (Expanded Edition),1986-03-01,pop,80s,0.843,117.662,0.529,-6.908,0.0608,0.188,0.0616,0.0628,0.000827,74,310333,0,6,4,1986,3,1,pop_80s
69QHm3pustz01CJRwdo20z,Hells Bells,AC/DC,Back In Black,1980-07-01,rock,80s,0.873,106.767,0.389,-4.768,0.273,0.303,0.0475,0.00532,0.0055,73,312293,0,4,4,1980,7,3,rock_80s
44aTAUBF0g6sMkMNE8I5kd,Every Little Thing She Does Is Magic,The Police,Ghost In The Machine (Remastered 2003),1981-10-01,rock,80s,0.768,81.909,0.558,-9.997,0.124,0.429,0.0343,0.121,0.0626,73,260573,1,2,4,1981,10,4,rock_80s
7gSQv1OHpkIoAdUiRLdmI6,I Won't Back Down,Tom Petty,Full Moon Fever,1989-01-01,rock,80s,0.478,114.02,0.766,-13.487,0.165,0.965,0.0329,0.0513,2.49e-06,73,178360,1,7,4,1989,1,1,rock_80s
0oerlffJSzhRVvtDfLcp3N,Wanted Dead Or Alive,Bon Jovi,Slippery When Wet,1986-08-01,rock,80s,0.803,150.036,0.253,-3.977,0.309,0.258,0.0392,0.129,0.0146,72,308667,1,7,4,1986,8,3,rock_80s
2RWFncSWZEhSRRifqiDNVV,Run To You,Bryan Adams,Reckless (30th Anniversary / Deluxe Edition),1984-11-01,rock,80s,0.811,126.59,0.561,-6.157,0.287,0.635,0.0265,0.00515,3.66e-05,71,233270,1,4,4,1984,11,4,rock_80s
56KqaFSGTb7ifpt16t5Y1N,Rock the Casbah - Remastered,The Clash,Combat Rock (Remastered),1982-01-01,rock,80s,0.872,129.885,0.797,-6.727,0.284,0.866,0.0575,0.291,0.0,71,222427,0,9,4,1982,1,1,rock_80s
39lSeqnyjZJejRuaREfyLL,Hungry Like the Wolf - 2009 Remaster,Duran Duran,Rio (Collector's Edition),1982-05-01,rock,80s,0.812,127.568,0.691,-7.772,0.299,0.685,0.0558,0.0433,1.16e-06,71,220627,1,0,4,1982,5,2,rock_80s
1YrnDTqvcnUKxAIeXyaEmU,How Soon Is Now? - 2011 Remaster,The Smiths,Hatful of Hollow,1984-01-01,rock,80s,0.93,190.818,0.398,-6.76,0.0874,0.725,0.0615,0.000854,0.121,71,408173,1,11,4,1984,1,1,rock_80s
2gQaQUhDCNGfBVXTvxAmXQ,Shout,Tears For Fears,Songs From The Big Chair,1985-02-01,rock,80s,0.942,97.909,0.511,-10.407,0.139,0.498,0.0429,0.174,1.87e-05,71,393667,1,0,4,1985,2,1,rock_80s
1pTw2cNrp9L3esxLAvWnN2,Separate Ways (Worlds Apart) [2023 Remaster],Journey,Frontiers (2023 Remaster),1983-02-01,rock,80s,0.96,131.707,0.469,-4.809,0.334,0.37,0.0629,0.141,1.81e-06,70,323453,0,4,4,1983,2,1,rock_80s
2Y90nL1ohB4sgYELDs7uNx,Glory Days,Bruce Springsteen,Born In The U.S.A.,1984-06-01,rock,80s,0.96,117.486,0.574,-4.906,0.121,0.978,0.032,0.0457,0.0,70,254733,1,9,4,1984,6,2,rock_80s
7L3b6iaVhDVjfo52Hbvh9Z,Edge of Seventeen - 2016 Remaster,Stevie Nicks,Bella Donna (2016 Remastered),1981-07-01,rock,80s,0.804,111.457,0.591,-7.299,0.0818,0.658,0.0454,0.327,5.98e-06,69,329413,1,0,4,1981,7,3,rock_80s
1CtAzw53AIXKjAemxy4b1j,Beds Are Burning - Remastered,Midnight Oil,Diesel And Dust,1987-10-01,rock,80s,0.427,119.18,0.753,-11.112,0.058,0.295,0.0387,0.00787,0.00065,69,255680,1,0,4,1987,10,4,rock_80s
5veJDT0MLsLbhYsx42GXUD,Don't Stand So Close To Me,The Police,Zenyatta Mondatta (Remastered 2003),1980-10-01,rock,80s,0.506,140.309,0.799,-9.414,0.0365,0.518,0.0606,0.0453,0.00107,69,242667,1,2,4,1980,10,4,rock_80s
67eX1ovaHyVPUinMHeUtIM,Hurts So Good,John Mellencamp,American Fool,1982-01-01,rock,80s,0.737,125.447,0.785,-5.306,0.108,0.971,0.0363,0.042,0.000107,69,218960,1,9,4,1982,1,1,rock_80s
2PFIZFcGry0po3ZfRZkzKc,Hysteria,Def Leppard,Hysteria,1987-08-01,rock,80s,0.846,107.01,0.659,-5.508,0.203,0.659,0.0274,0.0318,0.0144,69,354636,1,7,4,1987,8,3,rock_80s
7HKxTNVlkHsfMLhigmhC0I,Call Me,Blondie,Call Me,2004-01-01,rock,80s,0.833,142.663,0.553,-6.667,0.0737,0.773,0.0347,0.000646,0.00246,69,212227,0,2,4,2004,1,1,rock_80s
5NLuC70kZQv8q34QyQa1DP,Fight For Your Right,Beastie Boys,Licensed To Ill,1986-11-01,rock,80s,0.858,133.615,0.503,-6.296,0.0803,0.419,0.0657,0.00757,0.00234,68,208653,1,8,5,1986,11,4,rock_80s
43GS3mtezoIFiuIZCLLiDY,Every Rose Has Its Thorn - 2003 Remaster,Poison,Open Up And Say...Ahh! (20th Anniversary Edition),1988-03-01,rock,80s,0.632,140.176,0.531,-5.557,0.364,0.294,0.0312,0.16,1.14e-05,68,260173,1,6,4,1988,3,1,rock_80s
2fFTn0f94EopgZyfSGQuyK,SPIDER,"GIMS, DYSTINCT",SPIDER,2024-05-01,hip-hop,french,0.691,119.96,0.823,-7.322,0.1,0.707,0.197,0.0774,1.73e-06,74,188818,0,9,4,2024,5,2,hip-hop_french
14DLZ9FaTofhnXBiV38axE,Bolide Noir,"Central Cee, JRK 19",Bolide Noir,2024-08-01,hip-hop,french,0.78,134.937,0.724,-5.407,0.139,0.72,0.354,0.294,0.0,70,170800,0,1,5,2024,8,3,hip-hop_french
6yqwxY8qifBBhyryjZutxk,MAMI WATA,"Gazo, Tiakola",LA MELO EST GANGX,2023-12-01,hip-hop,french,0.693,87.973,0.702,-4.941,0.0702,0.572,0.191,0.139,0.0,68,233240,0,5,4,2023,12,4,hip-hop_french
0V2passWyAXnON67kfAj7y,ABCD,NAYEON,Unknown,2024-06-01,k-pop,modern,0.926,105.969,0.682,-2.515,0.19,0.86,0.0607,0.0404,0.0,73,162840,0,3,4,2024,6,2,k-pop_modern
6vvPecFTmWxDfEJ6cYT1wa,Rockstar,LISA,Rockstar,2024-06-01,k-pop,modern,0.628,140.053,0.668,-4.692,0.0293,0.568,0.046,0.129,0.0,83,138213,1,8,4,2024,6,2,k-pop_modern
2VdSktBqFfkW7y6q5Ik4Z4,Supernova,aespa,Armageddon - The 1st Album,2024-05-01,k-pop,modern,0.747,120.073,0.745,-4.278,0.0738,0.363,0.0815,0.0073,1.69e-06,72,178880,0,11,4,2024,5,2,k-pop_modern
5eWcGfUCrVFMoYskyfkEPE,Armageddon,aespa,Armageddon - The 1st Album,2024-05-01,k-pop,modern,0.786,91.992,0.695,-2.048,0.109,0.465,0.0666,0.0668,1.41e-06,74,196467,1,9,4,2024,5,2,k-pop_modern
1AtFSBJibfaqfiOByQCwZ5,Small girl (feat. D.O.),"Lee Young Ji, D.O.",16 Fantasy,2024-06-01,k-pop,modern,0.597,170.022,0.77,-4.901,0.239,0.875,0.223,0.53,0.0,72,189707,1,1,4,2024,6,2,k-pop_modern
1SS0WlKhJewviwEDZ6dWj0,SPOT!,"ZICO, JENNIE",SPOT!,2024-04-01,k-pop,modern,0.782,108.038,0.875,-3.905,0.113,0.906,0.078,0.151,0.0,78,167707,0,5,4,2024,4,2,k-pop_modern
38tXZcL1gZRfbqfOG0VMTH,How Sweet,NewJeans,How Sweet,2024-05-01,k-pop,modern,0.895,124.994,0.803,-2.888,0.154,0.757,0.0623,0.0816,5.67e-06,78,219027,1,1,4,2024,5,2,k-pop_modern
1njlnn8ZKHI77Pe9szIONR,SHEESH,BABYMONSTER,BABYMONS7ER,2024-04-01,k-pop,modern,0.728,140.041,0.774,-5.079,0.0473,0.461,0.169,0.113,0.0,78,170357,1,2,4,2024,4,2,k-pop_modern
7GDgpad2BQVuDUzaxHFakc,LIKE THAT,BABYMONSTER,BABYMONS7ER,2024-04-01,k-pop,modern,0.5,101.959,0.871,-8.675,0.0672,0.76,0.103,0.32,3.49e-06,75,168359,0,11,4,2024,4,2,k-pop_modern
5qrFeNSIrwIc0B6Elp16Dl,Smoothie,NCT DREAM,DREAM( )SCAPE,2024-03-01,k-pop,modern,0.774,109.945,0.801,-3.604,0.0968,0.383,0.157,0.00871,0.0,69,188080,1,1,4,2024,3,1,k-pop_modern
5XWlyfo0kZ8LF7VSyfS4Ew,Drama,aespa,Drama - The 4th Mini Album,2023-11-01,k-pop,modern,0.872,131.016,0.644,-1.54,0.363,0.378,0.0417,0.164,0.0,78,214973,0,6,4,2023,11,4,k-pop_modern
50zAEIE4B1QqhPjRMK2Xmh,Running Wild,Jin,Happy - :') (Remixes),2024-11-01,pop,global,0.711,146.921,0.487,-4.22,0.152,0.317,0.0322,0.000175,0.0,71,151647,1,8,4,2024,11,4,pop_global
2262bWmqomIaJXwCRHr13j,Sailor Song,Gigi Perez,Sailor Song,2024-07-01,folk,global,0.413,94.938,0.494,-10.432,0.193,0.273,0.0254,0.682,6.72e-05,93,211979,1,11,4,2024,7,3,folk_global
5G2f63n7IPVPPjfNIGih7Q,Taste,Sabrina Carpenter,Short n' Sweet,2024-08-01,pop,global,0.907,112.964,0.674,-4.086,0.297,0.721,0.064,0.101,0.0,93,157280,1,3,4,2024,8,3,pop_global
2HRqTpkrJO5ggZyyK6NPWz,Espresso,Sabrina Carpenter,Short n' Sweet,2024-08-01,pop,global,0.776,103.963,0.699,-5.282,0.205,0.708,0.0293,0.131,5.36e-06,88,175459,1,0,4,2024,8,3,pop_global
0bYg9bo50gSsH3LtXe2SQn,All I Want for Christmas Is You,Mariah Carey,Merry Christmas,1994-10-01,pop,global,0.627,150.273,0.336,-7.463,0.0708,0.35,0.0384,0.164,0.0,87,241107,1,7,4,1994,10,4,pop_global
06qMRF18gwbOYYbnP2du6i,Last Christmas - Single Version,Wham!,The Singles: Echoes from the Edge of Heaven,2023-07-01,pop,global,0.598,107.732,0.733,-8.228,0.156,0.935,0.0278,0.212,3.71e-06,72,265960,1,2,4,2023,7,3,pop_global
3xkHsmpQCBMytMJNiDf3Ii,Beautiful Things,Benson Boone,Fireworks & Rollerblades,2024-04-01,pop,global,0.471,105.029,0.472,-5.692,0.14,0.219,0.0603,0.151,0.0,89,180304,1,10,3,2024,4,2,pop_global
1EDPVGbyPKJPeGqATwXZvN,The Emptiness Machine,Linkin Park,From Zero,2024-11-01,pop,global,0.872,184.115,0.466,-3.344,0.121,0.806,0.0336,0.0156,0.0,79,190428,1,7,4,2024,11,4,pop_global
2tHwzyyOLoWSFqYNjeVMzj,Please Please Please,Sabrina Carpenter,Short n' Sweet,2024-08-01,pop,global,0.586,107.015,0.675,-6.086,0.104,0.621,0.0531,0.257,0.0,87,186365,1,9,4,2024,8,3,pop_global
3hRV0jL3vUpRrcy398teAU,The Night We Met,Lord Huron,Strange Trails,2015-04-01,pop,global,0.369,174.097,0.448,-9.514,0.638,0.0998,0.0452,0.968,0.272,88,208212,1,9,3,2015,4,2,pop_global
2QjOHCTQ1Jl3zawyYOpxh6,Sweater Weather,The Neighbourhood,I Love You.,2013-04-01,pop,global,0.807,124.053,0.612,-2.81,0.101,0.398,0.0336,0.0495,0.0177,90,240400,1,10,4,2013,4,2,pop_global
5XeFesFbtLpXzIVDNQP22n,I Wanna Be Yours,Arctic Monkeys,AM,2013-09-01,pop,global,0.417,67.528,0.464,-9.345,0.0974,0.479,0.0256,0.136,0.022,90,183956,0,0,4,2013,9,3,pop_global
7KA4W4McWYRpgf0fWsJZWB,See You Again (feat. Kali Uchis),"Tyler TheCreator|, Kali Uchis",Flower Boy,2017-07-01,hip-hop,global,0.559,78.558,0.558,-9.222,0.109,0.62,0.0959,0.371,7.49e-06,90,180387,1,6,4,2017,7,3,hip-hop_global
3AJwUDP919kvQ9QcozQPxg,Yellow,Coldplay,Parachutes,2000-07-01,pop,global,0.661,173.372,0.429,-7.227,0.234,0.285,0.0281,0.00239,0.000121,89,266773,1,11,4,2000,7,3,pop_global
0KKkJNfGyhkQ5aFogxQAPU,That's What I Like,Bruno Mars,24K Magic,2016-11-01,pop,global,0.56,134.066,0.853,-4.961,0.0944,0.86,0.0406,0.013,0.0,88,206693,1,1,4,2016,11,4,pop_global
3w3y8KPTfNeOKPiqUTakBh,Locked out of Heaven,Bruno Mars,Unorthodox Jukebox,2012-12-01,pop,global,0.698,143.994,0.726,-4.165,0.309,0.867,0.0431,0.049,0.0,89,233478,1,5,4,2012,12,4,pop_global
1UHS8Rf6h5Ar3CDWRd3wjF,Bed Chem,Sabrina Carpenter,Short n' Sweet,2024-08-01,pop,global,0.727,94.99,0.739,-5.968,0.104,0.676,0.0426,0.0678,0.0,90,171870,0,11,4,2024,8,3,pop_global
6jbYpRPTEFl1HFKHk1IC0m,Like Him (feat. Lola Young),"Tyler TheCreator|, Lola Young",CHROMAKOPIA,2024-10-01,pop,global,0.555,96.063,0.392,-6.707,0.13,0.191,0.039,0.287,0.000253,87,278015,0,4,3,2024,10,4,pop_global
5O2P9iiztwhomNh8xkR9lJ,Night Changes,One Direction,FOUR (Deluxe),2014-11-01,pop,global,0.52,120.001,0.672,-7.747,0.115,0.37,0.0353,0.859,0.0,89,226600,1,8,4,2014,11,4,pop_global
2EjXfH91m7f8HiJN1yQg97,Rockin' Around The Christmas Tree,Brenda Lee,Merry Christmas From Brenda Lee,1964-10-01,pop,global,0.47,67.086,0.598,-8.744,0.505,0.879,0.0496,0.617,0.0,83,126267,1,8,4,1964,10,4,pop_global
7CyPwkp0oE8Ro9Dd5CUDjW,"One Of The Girls (with JENNIE, Lily Rose Depp)","The Weeknd, JENNIE, Lily-Rose Depp",The Idol Episode 4 (Music from the HBO Original Series),2023-06-01,pop,global,0.64,84.828,0.264,-6.221,0.151,0.19,0.0442,0.0393,2.31e-06,89,244685,1,8,4,2023,6,2,pop_global
7BqBn9nzAq8spo5e7cZ0dJ,Just the Way You Are,Bruno Mars,Doo-Wops & Hooligans,2010-05-01,pop,global,0.841,109.021,0.635,-5.379,0.0622,0.424,0.0422,0.0134,0.0,85,220734,1,5,4,2010,5,2,pop_global
5fZJQrFKWQLb7FpJXZ1g7K,A Bar Song (Tipsy),Shaboozey,"Where I've Been, Isn't Where I'm Going",2024-05-01,pop,global,0.706,80.969,0.722,-4.857,0.067,0.599,0.0292,0.072,0.0,84,171292,1,9,4,2024,5,2,pop_global
1XBYiRV30ykHw5f4wm6qEn,NIGHTS LIKE THIS,The Kid LAROI,THE FIRST TIME,2023-11-01,pop,global,0.757,142.579,0.482,-4.586,0.143,0.12,0.0355,0.0137,0.0016,88,86984,1,6,4,2023,11,4,pop_global
6Qyc6fS4DsZjB2mRW9DsQs,Iris,The Goo Goo Dolls,Dizzy up the Girl,1998-01-01,pop,global,0.715,155.925,0.315,-8.072,0.0942,0.497,0.0362,0.00125,7.97e-06,87,289533,0,11,3,1998,1,1,pop_global
60a0Rd6pjrkxjPbaKzXjfq,In the End,Linkin Park,Hybrid Theory (Bonus Edition),2000-07-01,pop,global,0.864,105.143,0.556,-5.87,0.209,0.4,0.0584,0.00958,0.0,88,216880,0,3,4,2000,7,3,pop_global
19XpFsce28aByvCC4g89tJ,Too Sweet,Hozier,Unreal Unearth: Unaired,2024-08-01,pop,global,0.643,117.025,0.74,-5.446,0.0407,0.96,0.0413,0.041,0.00229,84,251424,1,10,4,2024,8,3,pop_global
21B4gaTWnTkuSh77iWEXdS,Juno,Sabrina Carpenter,Short n' Sweet,2024-08-01,pop,global,0.725,130.504,0.633,-4.257,0.205,0.64,0.0427,0.0461,0.0,87,223192,1,5,4,2024,8,3,pop_global
2uXlHCUbq9OMUwx3hrk06o,Riptide,Vance Joy,Dream Your Life Away (Deluxe Edition),2014-08-01,folk,global,0.731,101.654,0.483,-6.696,0.151,0.484,0.0381,0.436,0.0,85,204280,1,1,4,2014,8,3,folk_global
2HBBM75Xv3o2Mqdyh1NcM0,Heavy Is the Crown,Linkin Park,From Zero,2024-11-01,pop,global,0.928,127.939,0.571,-3.725,0.297,0.488,0.0453,0.00932,0.0,78,167012,0,4,4,2024,11,4,pop_global
0lizgQ7Qw35od7CYaoMBZb,Santa Tell Me,Ariana Grande,Santa Tell Me,2014-11-01,pop,global,0.621,191.868,0.525,-7.364,0.291,0.592,0.117,0.0489,0.0,82,204093,1,7,4,2014,11,4,pop_global
7vQbuQcyTflfCIOu3Uzzya,Jingle Bell Rock,Bobby Helms,Jingle Bell Rock/Captain Santa Claus (And His Reindeer Space Patrol),1957-12-01,pop,global,0.424,119.705,0.754,-8.463,0.0652,0.806,0.0363,0.643,0.0,80,130973,1,2,4,1957,12,4,pop_global
51ZQ1vr10ffzbwIjDCwqm4,we can't be friends (wait for your love),Ariana Grande,eternal sunshine,2024-03-01,pop,global,0.646,115.842,0.645,-8.334,0.074,0.295,0.0427,0.0615,3.04e-05,86,228639,1,5,4,2024,3,1,pop_global
5jt25aFjW2kNoBqaEVaz5W,LA INOCENTE,"Mora, Feid",MICRODOSIS,2022-04-01,latin,chill,0.789,91.911,0.757,-3.46,0.0717,0.464,0.0583,0.307,0.0,78,202174,0,5,4,2022,4,2,latin_chill
7iQXYTyuG13aoeHxGG28Nh,PERRO NEGRO,"Bad Bunny, Feid",nadie sabe lo que va a pasar mañana,2023-10-01,latin,chill,0.778,96.057,0.911,-2.248,0.179,0.345,0.262,0.0887,2.16e-05,84,162768,1,5,4,2023,10,4,latin_chill
36FTXlmbiV2diZdZukzLDm,BUBALU,"Feid, Rema",BUBALU,2023-09-01,latin,chill,0.786,111.989,0.781,-5.211,0.107,0.759,0.0885,0.115,5.88e-06,68,228253,0,6,4,2023,9,3,latin_chill
26QApq0cuO9brJigr0C0W4,HACIENDO QUE ME AMAS,Bad Bunny,EL ÚLTIMO TOUR DEL MUNDO,2020-11-01,latin,chill,0.411,169.934,0.584,-7.147,0.0955,0.412,0.0838,0.869,4.47e-05,71,217769,0,10,4,2020,11,4,latin_chill
6mm3K0yWp6uzfOMuipM9Zh,Tan Bonita,Piso 21,El Amor En Los Tiempos Del Perreo,2021-03-01,latin,chill,0.804,110.982,0.82,-7.226,0.064,0.844,0.0528,0.175,0.00215,68,211998,1,9,4,2021,3,1,latin_chill
4OwhwvKESFtuu06dTgct7i,Tiroteo - Remix,"Marc Seguí, Rauw Alejandro, Pol Granch",Tiroteo (Remix),2021-04-01,latin,chill,0.522,110.427,0.75,-7.018,0.0743,0.601,0.0293,0.282,0.0,78,321556,1,9,4,2021,4,2,latin_chill
7M6CFruBrM5x7u0lTMtm6r,Cómo Te Atreves,Morat,Sobre El Amor Y Sus Efectos Secundarios,2016-06-01,latin,chill,0.888,130.97,0.617,-4.567,0.162,0.771,0.0402,0.0705,0.0,72,240560,1,4,4,2016,6,2,latin_chill
0Be7sopyKMv8Y8npsUkax2,Tacones Rojos,Sebastian Yatra,Tacones Rojos,2021-10-01,latin,chill,0.856,123.031,0.748,-3.517,0.142,0.927,0.0348,0.0824,0.0,68,189320,0,11,4,2021,10,4,latin_chill
1UdzJEpgJxtuXAlCOvD4S0,Fuera del mercado,Danny Ocean,@dannocean,2022-02-01,latin,chill,0.673,92.06,0.453,-5.649,0.131,0.266,0.144,0.32,0.0,76,159849,1,8,4,2022,2,1,latin_chill
3k3NWokhRRkEPhCzPmV8TW,Ojitos Lindos,"Bad Bunny, Bomba Estéreo",Un Verano Sin Ti,2022-05-01,latin,chill,0.686,79.928,0.647,-5.745,0.528,0.268,0.0413,0.08,1.34e-06,80,258299,0,3,4,2022,5,2,latin_chill
0E0DRHf5PfMeor0ZCwB3oT,Otro Atardecer,"Bad Bunny, The Marías",Un Verano Sin Ti,2022-05-01,latin,chill,0.595,108.02,0.777,-6.79,0.0669,0.546,0.0375,0.59,0.00139,75,244444,1,2,4,2022,5,2,latin_chill
5kVZxyMY1gfdCLiChsfjn1,Yo No Soy Celoso,Bad Bunny,Un Verano Sin Ti,2022-05-01,latin,chill,0.588,142.004,0.872,-6.276,0.17,0.93,0.0492,0.275,0.0,70,230704,1,0,4,2022,5,2,latin_chill
31i56LZnwE6uSu3exoHjtB,Neverita,Bad Bunny,Un Verano Sin Ti,2022-05-01,latin,chill,0.498,122.016,0.876,-7.511,0.143,0.428,0.0478,0.0706,0.0,75,173119,1,10,4,2022,5,2,latin_chill
6VrQTLzzuyGIYjUDe4kAZk,Un Coco,Bad Bunny,Un Verano Sin Ti,2022-05-01,latin,chill,0.69,151.991,0.839,-4.464,0.176,0.744,0.0615,0.207,8.33e-06,76,196413,1,11,4,2022,5,2,latin_chill
44XjoNvtwevktFKjvVe1vH,Andrea,"Bad Bunny, Buscabulla",Un Verano Sin Ti,2022-05-01,latin,chill,0.616,103.071,0.797,-10.229,0.0979,0.451,0.375,0.762,0.000293,74,339612,0,1,4,2022,5,2,latin_chill
7dSZ6zGTQx66c2GF91xCrb,PROVENZA,KAROL G,PROVENZA,2022-04-01,latin,chill,0.516,111.005,0.87,-8.006,0.11,0.53,0.0541,0.656,0.00823,71,210200,1,1,4,2022,4,2,latin_chill
0OTtnwUO8natNWSwdZvXVF,Inolvidable,"Ovy On The Drums, Beéle",Inolvidable,2020-01-01,latin,chill,0.543,139.929,0.84,-4.941,0.128,0.74,0.0568,0.678,0.0,70,225812,1,0,4,2020,1,1,latin_chill
5ildQOEKmJuWGl2vRkFdYc,DESPECHÁ,ROSALÍA,DESPECHÁ,2022-07-01,latin,chill,0.623,130.037,0.919,-6.521,0.0609,0.775,0.0992,0.184,1.63e-05,71,157018,1,7,4,2022,7,3,latin_chill
2tTmW7RDtMQtBk7m2rYeSw,"Quevedo: Bzrp Music Sessions, Vol. 52","Bizarrap, Quevedo","Quevedo: Bzrp Music Sessions, Vol. 52",2022-07-01,latin,chill,0.782,128.033,0.621,-5.548,0.23,0.55,0.044,0.0125,0.033,80,198938,1,2,4,2022,7,3,latin_chill
6tDDoYIxWvMLTdKpjFkc1B,telepatía,Kali Uchis,Sin Miedo (del Amor y Otros Demonios) ∞,2020-12-01,latin,chill,0.524,83.97,0.653,-9.016,0.203,0.553,0.0502,0.112,0.0,81,160191,0,11,4,2020,12,4,latin_chill
0v9UztY5A12cJUsWD7PZzS,AMOR DE CINE,HUMBE,AURORA,2021-11-01,latin,chill,0.586,189.978,0.326,-7.966,0.0787,0.295,0.0605,0.531,0.0,71,262309,1,6,4,2021,11,4,latin_chill
54ELExv56KCAB4UP9cOCzC,Gato de Noche,"Ñengo Flow, Bad Bunny",Gato de Noche,2022-12-01,latin,chill,0.662,93.976,0.892,-3.894,0.363,0.607,0.162,0.169,1.24e-06,68,227013,1,8,4,2022,12,4,latin_chill
6pD0ufEQq0xdHSsRbg9LBK,un x100to,"Grupo Frontera, Bad Bunny",un x100to,2023-04-01,latin,chill,0.724,83.118,0.569,-4.076,0.27,0.562,0.0474,0.228,0.0,75,194563,0,6,4,2023,4,2,latin_chill
2HafqoJbgXdtjwCOvNEF14,Si No Estás,iñigo quintero,Si No Estás,2022-09-01,latin,chill,0.421,98.224,0.537,-8.72,0.138,0.524,0.0285,0.827,0.0,80,184061,1,5,4,2022,9,3,latin_chill
1hZsWUnLbqRw09jLAMQSsb,CLASSY 101,"Feid, Young Miko",FERXXOCALIPSIS,2023-12-01,latin,chill,0.665,100.09,0.858,-4.772,0.119,0.659,0.152,0.126,0.0,79,195587,1,11,4,2023,12,4,latin_chill
1VLtjHwRWOVJiE5Py7JxoQ,Martin & Gina,Polo G,THE GOAT,2020-05-01,arabic,modern,0.534,93.924,0.832,-7.813,0.165,0.116,0.253,0.345,0.0,78,132833,0,1,4,2020,5,2,arabic_modern
40QrLHWdsxyXLAdjJG4Rxs,Chosen 1,Polo G,Die A Legend,2019-06-01,arabic,modern,0.576,166.162,0.77,-11.845,0.08,0.364,0.339,0.138,0.0,68,127200,0,8,4,2019,6,2,arabic_modern
1p0rEzrK7YtdRZVtiyV7RN,Lemonade (feat. NAV),"Internet Money, Gunna, Don Toliver, NAV",B4 The Storm,2020-08-01,arabic,modern,0.658,140.042,0.8,-6.142,0.111,0.462,0.079,0.25,0.0,77,195429,0,1,4,2020,8,3,arabic_modern
78QR3Wp35dqAhFEc2qAGjE,Drip Too Hard (Lil Baby & Gunna),"Lil Baby, Gunna",Drip Harder,2018-10-01,arabic,modern,0.662,112.509,0.897,-6.903,0.534,0.39,0.292,0.0852,0.0,79,145543,0,1,4,2018,10,4,arabic_modern
40oKW22ZNNkEdZLJTScaQI,Roll in Peace (feat. XXXTENTACION),"Kodak Black, XXXTENTACION",Project Baby 2: All Grown Up,2017-08-01,arabic,modern,0.524,140.053,0.747,-6.807,0.2,0.363,0.245,0.0306,0.0,71,213132,0,10,4,2017,8,3,arabic_modern
4gmmRb6bZJffOOiww1JGTO,No Heart,"21 Savage, Metro Boomin",Savage Mode,2016-07-01,arabic,modern,0.444,140.063,0.906,-8.692,0.173,0.678,0.384,0.136,6.44e-05,68,235040,0,4,4,2016,7,3,arabic_modern
6uFn47ACjqYkc0jADwEdj1,Pop Out (feat. Lil Tjay),"Polo G, Lil Tjay",Die A Legend,2019-06-01,arabic,modern,0.639,168.112,0.772,-7.119,0.0698,0.261,0.467,0.15,0.0,74,166560,1,1,4,2019,6,2,arabic_modern
5eqK0tbzUPo2SoeZsov04s,Bank Account,21 Savage,Issa Album,2017-07-01,arabic,modern,0.347,75.016,0.884,-8.227,0.0871,0.376,0.35,0.015,7e-06,72,220307,0,8,4,2017,7,3,arabic_modern
5m0yZ33oOy0yYBtdTXuxQe,Low Down,Lil Baby,My Turn (Deluxe),2020-05-01,arabic,modern,0.619,127.956,0.962,-5.562,0.083,0.154,0.405,0.0354,0.0,72,144652,0,10,4,2020,5,2,arabic_modern
0AluA5RNsa4Cx6XRhf2hWZ,10 Freaky Girls (with 21 Savage),"Metro Boomin, 21 Savage",NOT ALL HEROES WEAR CAPES (Deluxe),2018-11-01,arabic,modern,0.353,87.997,0.797,-9.931,0.102,0.0731,0.369,0.59,0.0,73,208293,0,6,4,2018,11,4,arabic_modern
5BbdKBZO0TH0GhfxUfyhL9,Freestyle,Lil Baby,Too Hard,2017-12-01,arabic,modern,0.516,119.996,0.877,-5.426,0.143,0.255,0.0706,0.215,0.0,77,162053,0,2,4,2017,12,4,arabic_modern
1Z0cZI0UzNbP9L8MzzGxqf,Walk Em Down (feat. Roddy Ricch),"NLE Choppa, Roddy Ricch",Top Shotta,2020-08-01,arabic,modern,0.744,84.005,0.867,-5.171,0.0713,0.645,0.227,0.268,0.0,71,173288,1,2,4,2020,8,3,arabic_modern
0RLLvYBopDwooCyvnTwgYu,F.N,Lil Tjay,True 2 Myself,2019-10-01,arabic,modern,0.515,120.1,0.567,-10.265,0.078,0.321,0.247,0.354,0.0,73,224000,0,6,1,2019,10,4,arabic_modern
5MPPttjfGap2C6j6eKcO6J,Baby (Lil Baby feat. DaBaby),"Quality Control, Lil Baby, DaBaby",Quality Control: Control The Streets Volume 2,2019-08-01,arabic,modern,0.463,108.003,0.97,-7.259,0.151,0.46,0.366,0.0957,0.0,72,142417,1,10,4,2019,8,3,arabic_modern
3OGCNLxpBmTYRxPZg2yDE5,back to the moon,Gunna,a Gift & a Curse,2023-06-01,arabic,modern,0.662,143.943,0.767,-4.856,0.123,0.259,0.0578,0.103,0.0,69,193333,0,5,4,2023,6,2,arabic_modern
1fXnu2HzxbDtoyvFPWG3Bw,Stand By Me (feat. Morgan Wallen),"Lil Durk, Morgan Wallen",Almost Healed,2023-05-01,arabic,modern,0.701,134.039,0.71,-5.415,0.178,0.564,0.0317,0.0105,0.0,68,219174,1,11,4,2023,5,2,arabic_modern
3oDkdAySo1VQQG0ptV7uwa,Lean Wit Me,Juice WRLD,Goodbye & Good Riddance,2018-12-01,arabic,modern,0.651,163.935,0.665,-5.515,0.0896,0.237,0.156,0.0414,0.0,77,175755,1,1,4,2018,12,4,arabic_modern
6iaSML1PIYq936g62BDtBq,Robbery,Juice WRLD,Death Race For Love (Bonus Track Version),2019-03-01,arabic,modern,0.692,79.899,0.623,-5.122,0.153,0.566,0.0504,0.328,0.0,78,240051,1,2,4,2019,3,1,arabic_modern
0axBgt9y0GvMCLuRl2xBKG,1400 / 999 Freestyle (feat. Juice WRLD),"Trippie Redd, Juice WRLD",A Love Letter To You 3,2018-11-01,arabic,modern,0.572,141.996,0.823,-6.067,0.113,0.568,0.0865,0.0079,0.0,69,175954,0,6,4,2018,11,4,arabic_modern
2U5WueTLIK5WJLD7mvDODv,Wishing Well,Juice WRLD,Legends Never Die,2020-07-01,arabic,modern,0.613,149.972,0.65,-6.13,0.267,0.0804,0.128,0.00336,0.0,76,194621,0,9,4,2020,7,3,arabic_modern
4VXIryQMWpIdGgYR4TrjT1,All Girls Are The Same,Juice WRLD,Goodbye & Good Riddance,2018-12-01,arabic,modern,0.529,161.989,0.671,-7.226,0.0856,0.203,0.307,0.0769,0.000335,83,165820,1,0,4,2018,12,4,arabic_modern
1fCeXjoRExPP2qwSBh2aST,Black & White,Juice WRLD,Goodbye & Good Riddance,2018-12-01,arabic,modern,0.736,147.946,0.776,-4.612,0.159,0.233,0.247,0.0802,0.0,71,186945,1,7,4,2018,12,4,arabic_modern
5ZtK8XAVnoaGdBXZWCEVCY,Lonely At The Top,Asake,Work Of Art,2023-06-01,ambient,modern,0.801,104.986,0.778,-7.326,0.0912,0.914,0.106,0.692,0.000155,70,157714,0,6,4,2023,6,2,ambient_modern
0t3ZvGKlmYmVsDzBJAXK8C,Goodbyes (feat. Young Thug),"Post Malone, Young Thug",Hollywood's Bleeding,2019-09-01,arabic,modern,0.653,150.097,0.547,-3.875,0.103,0.163,0.081,0.456,0.0,74,174853,1,5,4,2019,9,3,arabic_modern
5wG3HvLhF6Y5KTGlK0IW3J,Trance (with Travis Scott & Young Thug),"Metro Boomin, Travis Scott, Young Thug",HEROES & VILLAINS,2022-12-01,arabic,modern,0.552,119.476,0.765,-7.524,0.193,0.492,0.309,0.175,0.0,82,194787,0,1,4,2022,12,4,arabic_modern
1qxKva4IzWde7m2jLpZvDU,Active,"Asake, Travis Scott",Lungu Boy,2024-08-01,arabic,modern,0.64,112.984,0.869,-7.677,0.0747,0.535,0.0424,0.011,0.00119,68,172598,0,5,4,2024,8,3,arabic_modern
2bSk87AVkCIIC3Bcligq1z,Life Goes On,"Lil Baby, Gunna, Lil Uzi Vert",Harder Than Ever,2018-05-01,arabic,modern,0.541,139.978,0.716,-7.909,0.115,0.387,0.149,0.0021,0.0,72,247055,1,1,4,2018,5,2,arabic_modern
0gplL1WMoJ6iYaPgMCL0gX,Easy On Me,Adele,Easy On Me,2021-10-01,pop,soft,0.366,141.981,0.604,-7.519,0.133,0.13,0.0282,0.578,0.0,77,224695,1,5,4,2021,10,4,pop_soft
2vwlzO0Qp8kfEtzTsCXfyE,Wrecking Ball,Miley Cyrus,Bangerz (Deluxe Version),2013-10-01,pop,soft,0.422,119.964,0.53,-6.262,0.107,0.349,0.0342,0.407,0.0,78,221360,1,5,4,2013,10,4,pop_soft
3U4isOIWM3VvDubwSI3y7a,All of Me,John Legend,Love In The Future (Expanded Edition),2013-08-01,pop,soft,0.264,119.93,0.422,-7.064,0.132,0.331,0.0322,0.922,0.0,83,269560,1,8,4,2013,8,3,pop_soft
1mKXFLRA179hdOWQBwUk9e,Just Give Me a Reason (feat. Nate Ruess),"P!nk, Nate Ruess",The Truth About Love,2012-09-01,pop,soft,0.547,95.0,0.778,-7.273,0.132,0.442,0.0489,0.344,0.000306,83,242733,1,2,4,2012,9,3,pop_soft
6sy3LkhNFjJWlaeSMNwQ62,Counting Stars,OneRepublic,Native,2014-01-01,pop,soft,0.706,122.013,0.663,-4.972,0.115,0.474,0.0383,0.0654,0.0,71,257840,0,1,4,2014,1,1,pop_soft
1yvMUkIOTeUNtNWlWRgANS,Unstoppable,Sia,This Is Acting (Deluxe Version),2016-10-01,pop,soft,0.779,173.799,0.468,-4.839,0.101,0.26,0.0779,0.112,0.000373,77,217747,1,9,4,2016,10,4,pop_soft
0mflMxspEfB0VbI1kyLiAv,Stick Season,Noah Kahan,Stick Season,2022-10-01,folk,soft,0.5,117.896,0.664,-6.935,0.0966,0.801,0.0651,0.799,0.0,87,182347,1,9,4,2022,10,4,folk_soft
0nJW01T7XtvILxQgC5J7Wh,When I Was Your Man,Bruno Mars,Unorthodox Jukebox,2012-12-01,pop,soft,0.28,72.795,0.612,-8.648,0.088,0.387,0.0434,0.932,0.0,87,213827,1,0,4,2012,12,4,pop_soft
4nVBt6MZDDP6tRVdQTgxJg,Story of My Life,One Direction,Midnight Memories (Deluxe),2013-11-01,pop,soft,0.663,121.07,0.6,-5.802,0.119,0.286,0.0477,0.225,0.0,86,245493,1,3,4,2013,11,4,pop_soft
3JvKfv6T31zO0ini8iNItO,Another Love,Tom Odell,Long Way Down (Deluxe),2013-06-01,pop,soft,0.537,122.769,0.445,-8.532,0.0944,0.131,0.04,0.695,1.65e-05,86,244360,0,4,4,2013,6,2,pop_soft
0u2P5u6lvoDfwTYjAADbn4,lovely (with Khalid),"Billie Eilish, Khalid",lovely (with Khalid),2018-04-01,pop,soft,0.296,115.284,0.351,-10.109,0.095,0.12,0.0333,0.934,0.0,86,200186,0,4,4,2018,4,2,pop_soft
6dgUya35uo964z7GZXM07g,Nonsense,Sabrina Carpenter,emails i can't send,2022-07-01,pop,soft,0.697,138.992,0.74,-4.912,0.224,0.732,0.034,0.0268,0.0,86,163648,1,8,4,2022,7,3,pop_soft
7qiZfU4dY1lWllzX7mPBI3,Shape of You,Ed Sheeran,÷ (Deluxe),2017-03-01,pop,soft,0.652,95.977,0.825,-3.183,0.0931,0.931,0.0802,0.581,0.0,86,233713,0,1,4,2017,3,1,pop_soft
3WMj8moIAXJhHsyLaqIIHI,Something in the Orange,Zach Bryan,Something in the Orange,2022-04-01,pop,soft,0.192,175.212,0.369,-12.151,0.0954,0.148,0.04,0.555,8.35e-06,85,228013,0,4,3,2022,4,2,pop_soft
5uCax9HTNlzGybIStD3vDh,Say You Won't Let Go,James Arthur,Back from the Edge,2016-10-01,pop,soft,0.557,85.043,0.358,-7.398,0.0902,0.494,0.059,0.695,0.0,85,211467,1,10,4,2016,10,4,pop_soft
0tgVpDi06FyKpA1z0VMD4v,Perfect,Ed Sheeran,÷ (Deluxe),2017-03-01,pop,soft,0.448,95.05,0.599,-6.312,0.106,0.168,0.0232,0.163,0.0,86,263400,1,8,3,2017,3,1,pop_soft
75JFxkI2RXiU7L9VXzMkle,The Scientist,Coldplay,A Rush of Blood to the Head,2002-08-01,pop,soft,0.442,146.277,0.557,-7.224,0.11,0.213,0.0243,0.731,1.46e-05,84,309600,1,5,4,2002,8,3,pop_soft
6VObnIkLVruX4UVyxWhlqm,Skyfall,Adele,Skyfall,2012-10-01,pop,soft,0.552,75.881,0.346,-6.864,0.114,0.0789,0.0282,0.417,0.0,84,286480,0,0,4,2012,10,4,pop_soft
1zB4vmk8tFRmM9UULNzbLB,Thunder,Imagine Dragons,Evolve,2017-06-01,pop,soft,0.822,167.997,0.604,-4.833,0.147,0.288,0.0438,0.00672,0.134,84,187147,1,0,4,2017,6,2,pop_soft
1dGr1c8CrMLDpV6mPbImSI,Lover,Taylor Swift,Lover,2019-08-01,pop,soft,0.543,68.534,0.359,-7.582,0.118,0.453,0.0919,0.492,1.58e-05,84,221307,1,7,4,2019,8,3,pop_soft
21jGcNKet2qwijlDFuPiPb,Circles,Post Malone,Hollywood's Bleeding,2019-09-01,hip-hop,soft,0.763,120.042,0.695,-3.497,0.0863,0.551,0.0396,0.189,0.00242,83,215280,1,0,4,2019,9,3,hip-hop_soft
4xqrdfXkTW4T0RauPLv3WA,Heather,Conan Gray,Kid Krow,2020-03-01,ambient,soft,0.425,102.078,0.357,-7.301,0.322,0.27,0.0333,0.584,0.0,83,198040,1,5,3,2020,3,1,ambient_soft
6I3mqTwhRpn34SLVafSH7G,Ghost,Justin Bieber,Justice,2021-03-01,pop,soft,0.741,153.96,0.601,-5.569,0.415,0.441,0.0478,0.185,2.91e-05,83,153190,1,2,4,2021,3,1,pop_soft
4gbVRS8gloEluzf0GzDOFc,Maps,Maroon 5,V,2014-09-01,pop,soft,0.713,120.032,0.742,-5.522,0.059,0.879,0.0303,0.0205,0.0,83,189960,0,1,4,2014,9,3,pop_soft
1HNkqx9Ahdgi1Ixy2xkKkL,Photograph,Ed Sheeran,x (Deluxe Edition),2014-06-01,pop,soft,0.379,107.989,0.614,-10.48,0.0986,0.201,0.0476,0.607,0.000464,84,258987,1,4,4,2014,6,2,pop_soft
5jsw9uXEGuKyJzs0boZ1bT,Stitches,Shawn Mendes,Handwritten,2015-04-01,pop,soft,0.754,149.789,0.752,-6.684,0.0486,0.755,0.0615,0.0151,0.0,82,206880,1,1,4,2015,4,2,pop_soft
7LVHVU3tWfcxj5aiPFEW4Q,Fix You,Coldplay,X&Y,2005-06-01,pop,soft,0.417,138.178,0.209,-8.74,0.113,0.124,0.0338,0.164,0.00196,82,295533,1,3,4,2005,6,2,pop_soft
1Lo0QY9cvc8sUB2vnIOxDT,Fast Car,Luke Combs,Gettin' Old,2023-03-01,pop,soft,0.603,97.994,0.712,-5.52,0.115,0.67,0.0262,0.186,0.0,82,265493,1,8,4,2023,3,1,pop_soft
2gMXnyrvIjhVBUZwvLZDMP,Before You Go,Lewis Capaldi,Divinely Uninspired To A Hellish Extent (Extended Edition),2019-11-01,pop,soft,0.574,111.881,0.459,-4.857,0.0885,0.183,0.0577,0.608,0.0,81,215107,1,3,4,2019,11,4,pop_soft
0V3wPSX9ygBnCm8psDIegu,Anti-Hero,Taylor Swift,Midnights,2022-10-01,pop,soft,0.648,96.888,0.633,-6.645,0.161,0.49,0.062,0.121,2.62e-06,81,200690,1,4,4,2022,10,4,pop_soft
5xEM5hIgJ1jjgcEBfpkt2F,Complicated,Avril Lavigne,Let Go,2002-06-01,pop,soft,0.776,77.987,0.585,-5.898,0.3,0.427,0.0459,0.0572,7.74e-06,81,244507,1,5,4,2002,6,2,pop_soft
6nek1Nin9q48AVZcWs9e9D,Paradise,Coldplay,Mylo Xyloto,2011-10-01,pop,soft,0.585,139.631,0.449,-6.761,0.0833,0.212,0.0268,0.0509,8.75e-05,81,278719,1,5,4,2011,10,4,pop_soft
4cktbXiXOapiLBMprHFErI,Memories,Maroon 5,JORDI (Deluxe),2021-06-01,pop,soft,0.327,91.05,0.775,-7.241,0.0821,0.595,0.0557,0.841,0.0,82,189486,1,11,4,2021,6,2,pop_soft
34gCuhDGsG4bRPIf9bb02f,Thinking out Loud,Ed Sheeran,x (Deluxe Edition),2014-06-01,pop,soft,0.445,78.998,0.781,-6.061,0.184,0.591,0.0295,0.474,0.0,81,281560,1,2,4,2014,6,2,pop_soft
2hKdd3qO7cWr2Jo0Bcs0MA,Drops of Jupiter (Tell Me),Train,Drops Of Jupiter,2001-03-01,pop,soft,0.638,79.064,0.481,-5.862,0.154,0.497,0.0276,0.153,0.0,80,259933,1,0,4,2001,3,1,pop_soft
1vYXt7VSjH9JIM5oRRo7vA,Dance The Night - From Barbie The Album,Dua Lipa,Dance The Night (From Barbie The Album),2023-05-01,pop,soft,0.845,110.056,0.671,-4.93,0.329,0.775,0.048,0.0207,0.0,80,176579,0,11,4,2023,5,2,pop_soft
4h9wh7iOZ0GGn8QVp4RAOB,I Ain't Worried,OneRepublic,"I Ain’t Worried (Music From The Motion Picture ""Top Gun: Maverick"")",2022-05-01,pop,soft,0.797,139.994,0.704,-5.927,0.0546,0.825,0.0475,0.0826,0.000745,79,148486,1,0,4,2022,5,2,pop_soft
1jF7IL57ayN4Ity3jQqGu0,Try,P!nk,The Truth About Love,2012-09-01,pop,soft,0.628,103.998,0.674,-7.079,0.0944,0.552,0.03,0.00144,0.0,79,247907,1,2,4,2012,9,3,pop_soft
6ECp64rv50XVz93WvxXMGF,This Love,Maroon 5,Songs About Jane: 10th Anniversary Edition,2002-01-01,pop,soft,0.862,95.051,0.712,-4.612,0.093,0.809,0.0378,0.0525,0.0,82,206200,0,5,4,2002,1,1,pop_soft
5kqIPrATaCc2LqxVWzQGbk,7 Years,Lukas Graham,Lukas Graham,2016-04-01,pop,soft,0.473,119.992,0.765,-5.829,0.391,0.34,0.0514,0.287,0.0,79,237300,1,10,4,2016,4,2,pop_soft
3FAJ6O0NOHQV8Mc5Ri6ENp,Heartbreak Anniversary,Giveon,TAKE TIME,2020-03-01,pop,soft,0.465,89.087,0.449,-8.964,0.303,0.543,0.0791,0.524,1.02e-06,79,198371,1,0,3,2020,3,1,pop_soft
6zSpb8dQRaw0M1dK8PBwQz,Cold Heart - PNAU Remix,"Elton John, Dua Lipa, PNAU",Cold Heart (PNAU Remix),2021-08-01,pop,soft,0.798,116.032,0.796,-6.312,0.0952,0.942,0.0317,0.034,4.19e-05,79,202735,1,1,4,2021,8,3,pop_soft
2YlZnw2ikdb837oKMKjBkW,Like I'm Gonna Lose You (feat. John Legend),"Meghan Trainor, John Legend",Title (Deluxe),2015-01-01,pop,soft,0.53,108.038,0.63,-7.259,0.177,0.417,0.0434,0.4,0.0,78,225053,1,0,3,2015,1,1,pop_soft
1Y3LN4zO1Edc2EluIoSPJN,Until I Found You (with Em Beihold) - Em Beihold Version,"Stephen Sanchez, Em Beihold",Until I Found You (Em Beihold Version),2022-04-01,pop,soft,0.55,101.19,0.551,-5.339,0.202,0.342,0.0286,0.777,0.0,78,176440,1,10,3,2022,4,2,pop_soft
4llK75pXNWZz6KAho2Gp16,She Will Be Loved - Radio Mix,Maroon 5,Songs About Jane: 10th Anniversary Edition,2002-01-01,pop,soft,0.663,102.0,0.651,-5.569,0.0994,0.465,0.0281,0.228,0.0,80,259453,0,0,4,2002,1,1,pop_soft
0qvzXomUDJVaUboy2wMfiS,This Town,Niall Horan,Flicker (Deluxe),2017-10-01,pop,soft,0.401,111.825,0.677,-8.467,0.116,0.195,0.0308,0.712,0.0,78,232852,1,9,4,2017,10,4,pop_soft
0cVyQfDyRnMJ0V3rjjdlU3,Lil Boo Thang,Paul Russell,Lil Boo Thang,2023-08-01,pop,soft,0.699,114.481,0.85,-3.292,0.32,0.915,0.0776,0.152,0.0,78,114234,1,0,4,2023,8,3,pop_soft
5HCyWlXZPP0y6Gqq8TgA20,STAY (with Justin Bieber),"The Kid LAROI, Justin Bieber",STAY (with Justin Bieber),2021-07-01,pop,soft,0.764,169.928,0.591,-5.484,0.103,0.478,0.0483,0.0383,0.0,78,141806,1,1,4,2021,7,3,pop_soft
4HBZA5flZLE435QTztThqH,Stuck with U (with Justin Bieber),"Ariana Grande, Justin Bieber",Stuck with U,2020-05-01,pop,soft,0.45,178.765,0.597,-6.658,0.382,0.537,0.0418,0.223,0.0,78,228482,1,8,3,2020,5,2,pop_soft
6SKwQghsR8AISlxhcwyA9R,Marry You,Bruno Mars,Doo-Wops & Hooligans,2010-05-01,pop,soft,0.82,144.905,0.621,-4.865,0.104,0.452,0.0367,0.332,0.0,78,230192,1,10,4,2010,5,2,pop_soft
2BOqDYLOJBiMOXShCV1neZ,Dancing On My Own,Calum Scott,Only Human (Deluxe),2018-03-01,pop,soft,0.174,112.672,0.681,-8.745,0.0983,0.231,0.0315,0.837,3.35e-05,78,260285,1,1,4,2018,3,1,pop_soft
6FZDfxM3a3UCqtzo5pxSLZ,Without Me,Halsey,Manic,2020-01-01,pop,soft,0.488,136.07,0.752,-7.05,0.0936,0.533,0.0705,0.293,9.2e-06,78,201661,1,6,4,2020,1,1,pop_soft
4qu63nuBpdn0qHUHuObEj1,Leave Before You Love Me (with Jonas Brothers),"Marshmello, Jonas Brothers",Leave Before You Love Me,2021-05-01,pop,soft,0.738,119.976,0.721,-4.77,0.118,0.637,0.0403,0.00226,4.41e-06,77,154983,1,7,4,2021,5,2,pop_soft
5Hroj5K7vLpIG4FNCRIjbP,Best Day Of My Life,American Authors,"Oh, What A Life",2014-01-01,pop,soft,0.902,100.012,0.673,-2.392,0.0558,0.536,0.0346,0.0591,0.000227,77,194240,1,2,4,2014,1,1,pop_soft
2iuZJX9X9P0GKaE93xcPjk,Sugar,Maroon 5,V,2014-09-01,pop,soft,0.788,120.076,0.748,-7.055,0.0863,0.884,0.0334,0.0591,0.0,78,235493,1,1,4,2014,9,3,pop_soft
09IStsImFySgyp0pIQdqAc,The Middle,"Zedd, Maren Morris, Grey",The Middle,2018-01-01,pop,soft,0.657,107.01,0.753,-3.061,0.112,0.437,0.0449,0.171,0.0,76,184732,1,7,4,2018,1,1,pop_soft
4l0Mvzj72xxOpRrp6h8nHi,Lose You To Love Me,Selena Gomez,Rare,2020-01-01,pop,soft,0.342,102.819,0.516,-8.985,0.21,0.0993,0.0425,0.55,0.0,76,206459,1,4,4,2020,1,1,pop_soft
02dRkCEc8Q5ch4TTcnLxOn,Nothing Breaks Like a Heart (feat. Miley Cyrus),"Mark Ronson, Miley Cyrus",Late Night Feelings,2019-06-01,pop,soft,0.794,114.066,0.601,-5.844,0.418,0.244,0.0671,0.00987,1.36e-06,76,217099,0,7,4,2019,6,2,pop_soft
59uQI0PADDKeE6UZDTJEe8,Last Night,Morgan Wallen,3 Songs At A Time Sampler,2023-01-01,pop,soft,0.673,203.812,0.492,-5.431,0.137,0.488,0.0347,0.413,0.0,76,163855,1,6,4,2023,1,1,pop_soft
2dLLR6qlu5UJ5gk0dKz0h3,Royals,Lorde,Pure Heroine,2013-09-01,pop,soft,0.426,84.876,0.674,-9.504,0.132,0.337,0.122,0.12,0.0,76,190185,1,7,4,2013,9,3,pop_soft
7wZUrN8oemZfsEd1CGkbXE,Bleeding Love,Leona Lewis,Spirit,2007-01-01,blues,soft,0.656,104.036,0.638,-5.886,0.146,0.225,0.0357,0.188,0.0,75,262467,1,5,4,2007,1,1,blues_soft
4w1lzcaoZ1IC2K5TwjalRP,A Thousand Miles,Vanessa Carlton,Be Not Nobody,2002-04-01,blues,soft,0.825,94.931,0.56,-3.862,0.161,0.268,0.0379,0.323,0.0,75,237493,1,11,4,2002,4,2,blues_soft
6YvqWjhGD8mB5QXcbcUKtx,Love Story (Taylor’s Version),Taylor Swift,Fearless (Taylor's Version),2021-04-01,pop,soft,0.792,119.054,0.627,-4.311,0.0845,0.415,0.031,0.13,3.97e-06,75,235767,1,2,4,2021,4,2,pop_soft
0TK2YIli7K1leLovkQiNik,Señorita,"Shawn Mendes, Camila Cabello",Señorita,2019-06-01,pop,soft,0.54,116.947,0.759,-6.039,0.0945,0.75,0.0287,0.037,0.0,75,190960,0,9,4,2019,6,2,pop_soft
5JLv62qFIS1DR3zGEcApRt,Wide Awake,Katy Perry,Teenage Dream: The Complete Confection,2012-03-01,pop,soft,0.683,159.878,0.515,-5.099,0.392,0.572,0.0371,0.0749,2.64e-06,74,220947,1,5,4,2012,3,1,pop_soft
1EzrEOXmMH3G43AXT1y7pA,I'm Yours,Jason Mraz,We Sing. We Dance. We Steal Things.,2008-05-01,pop,soft,0.444,150.96,0.703,-9.331,0.0973,0.712,0.0417,0.559,0.0,74,242947,1,11,4,2008,5,2,pop_soft
5QpaGzWp0hwB5faV8dkbAz,Wherever You Will Go,The Calling,Camino Palmero,2001-08-01,pop,soft,0.719,112.027,0.558,-5.113,0.115,0.371,0.0267,0.0367,0.0,74,208600,1,2,4,2001,8,3,pop_soft
4wCmqSrbyCgxEXROQE6vtV,Somebody That I Used To Know,"Gotye, Kimbra",Making Mirrors,2011-01-01,pop,soft,0.495,129.062,0.864,-7.036,0.0992,0.72,0.037,0.591,0.000133,74,244973,1,0,4,2011,1,1,pop_soft
4esOae7i4rqTbAu9o5Pxco,Girl on Fire,Alicia Keys,Girl on Fire (Remixes) - EP,2012-11-01,pop,soft,0.706,92.513,0.482,-5.762,0.105,0.144,0.0607,0.135,0.00106,74,224920,1,9,4,2012,11,4,pop_soft
0DMRKqrpd0QO4RWiEdMib0,You Know I'm No Good,Amy Winehouse,Back To Black (Deluxe Edition),2006-10-01,pop,soft,0.495,103.375,0.694,-14.222,0.0644,0.799,0.0329,0.0137,0.00351,74,257187,1,9,4,2006,10,4,pop_soft
3EPXxR3ImUwfayaurPi3cm,Be Alright,Dean Lewis,Be Alright,2018-06-01,pop,soft,0.586,126.684,0.553,-6.319,0.0813,0.443,0.0362,0.697,0.0,74,196373,1,11,4,2018,6,2,pop_soft
2f0pn9DkEJwAzXApnFh5cr,Someone To You,BANNERS,Where The Shadow Ends,2019-10-01,pop,soft,0.903,74.988,0.52,-5.497,0.254,0.652,0.042,0.00517,0.0,74,219801,1,2,4,2019,10,4,pop_soft
1Xi84slp6FryDSCbzq4UCD,Arcade,Duncan Laurence,Arcade,2019-03-01,pop,soft,0.331,72.023,0.459,-12.603,0.135,0.271,0.0421,0.817,0.00104,73,183624,0,9,3,2019,3,1,pop_soft
37f4ITSlgPX81ad2EvmVQr,Fight Song,Rachel Platten,Wildfire,2016-01-01,pop,soft,0.714,175.924,0.564,-4.987,0.155,0.33,0.129,0.0549,0.0,73,204013,1,7,4,2016,1,1,pop_soft
5jzKL4BDMClWqRguW5qZvh,Teenage Dream,Katy Perry,Teenage Dream,2010-01-01,pop,soft,0.798,120.012,0.719,-4.582,0.134,0.591,0.0361,0.0162,2.34e-06,73,227741,1,10,4,2010,1,1,pop_soft
0Qh38w01QRXK6KHIv0e3hb,What About Us,P!nk,Beautiful Trauma,2017-10-01,pop,soft,0.588,113.608,0.491,-6.177,0.0906,0.193,0.0506,0.0281,2.01e-06,72,269600,1,1,4,2017,10,4,pop_soft
3LlAyCYU26dvFZBDUIMb7a,Demons,Imagine Dragons,Night Visions,2012-09-01,pop,soft,0.71,89.929,0.5,-3.015,0.329,0.419,0.0339,0.19,0.00025,72,175200,1,3,4,2012,9,3,pop_soft
727Z2S2mtNH46CbP9EWPwY,If You Love Her,Forest Blakk,If You Love Her,2020-09-01,pop,soft,0.445,50.827,0.286,-8.087,0.114,0.278,0.0347,0.355,0.0,72,217352,1,6,4,2020,9,3,pop_soft
7vu0JkJh0ldukEYbTVcqd0,Issues,Julia Michaels,Nervous System,2017-07-01,pop,soft,0.415,114.145,0.728,-6.852,0.0616,0.455,0.0639,0.401,0.0,72,176320,1,8,4,2017,7,3,pop_soft
6Up545NUflOiXo8cEraH49,You Say,Lauren Daigle,Look Up Child,2018-09-01,pop,soft,0.632,147.873,0.494,-6.89,0.0869,0.0797,0.0342,0.682,0.0,72,274693,1,5,4,2018,9,3,pop_soft
2kJwzbxV2ppxnQoYw4GLBZ,If the World Was Ending (feat. Julia Michaels),"JP Saxe, Julia Michaels",If the World Was Ending (feat. Julia Michaels),2019-10-01,pop,soft,0.473,75.801,0.464,-10.086,0.109,0.604,0.129,0.866,0.0,72,208687,1,1,4,2019,10,4,pop_soft
4JehYebiI9JE8sR8MisGVb,Halo,Beyoncé,I AM...SASHA FIERCE,2008-11-01,blues,soft,0.72,79.983,0.508,-5.908,0.0563,0.472,0.0628,0.272,0.0,71,261640,0,11,4,2008,11,4,blues_soft
7a86XRg84qjasly9f6bPSD,We Are Young (feat. Janelle Monáe),"fun., Janelle Monáe",Some Nights,2012-02-01,pop,soft,0.638,184.086,0.378,-5.576,0.0849,0.735,0.075,0.02,7.66e-05,71,250627,1,10,4,2012,2,1,pop_soft
6IwKcFdiRQZOWeYNhUiWIv,No One,Alicia Keys,As I Am (Expanded Edition),2007-11-01,blues,soft,0.549,90.04,0.644,-5.415,0.134,0.167,0.0285,0.0209,8.85e-06,71,253813,0,1,4,2007,11,4,blues_soft
30FURVTCpbKyykjSEQzGkH,Back To Black,Amy Winehouse,Back To Black,2006-10-01,pop,soft,0.725,123.28,0.49,-3.304,0.0983,0.335,0.0392,0.123,2.68e-05,70,240440,1,10,4,2006,10,4,pop_soft
2wrJq5XKLnmhRXHIAf9xBa,"10,000 Hours (with Justin Bieber)","Dan + Shay, Justin Bieber","10,000 Hours (with Justin Bieber)",2019-10-01,pop,soft,0.63,89.991,0.654,-4.644,0.111,0.43,0.0259,0.153,0.0,70,167693,1,10,4,2019,10,4,pop_soft
0tV8pOpiNsKqUys0ilUcXz,Rise Up,Andra Day,Cheers to the Fall,2015-08-01,pop,soft,0.316,118.582,0.398,-7.031,0.295,0.174,0.0368,0.805,0.0,70,253342,1,1,4,2015,8,3,pop_soft
6yARPLK0PV4heEyh7pVMGz,Part Of Me,Katy Perry,Teenage Dream: The Complete Confection,2012-01-01,pop,soft,0.922,130.007,0.666,-4.645,0.0867,0.758,0.0352,0.000348,0.0,70,216160,1,5,4,2012,1,1,pop_soft
0HZhYMZOcUzZKSFwPOti6m,jar of hearts,Christina Perri,lovestrong.,2011-05-01,pop,soft,0.348,74.541,0.349,-6.142,0.12,0.0886,0.0316,0.726,0.0,69,246587,1,3,4,2011,5,2,pop_soft
2s1sdSqGcKxpPr5lCl7jAV,Chandelier,Sia,1000 Forms Of Fear (Deluxe Version),2015-05-01,pop,soft,0.787,117.089,0.399,-2.88,0.0685,0.572,0.0499,0.0197,6.07e-05,69,216120,1,1,5,2015,5,2,pop_soft
50Td3qilgs8BLtv8mHyT1t,Control,Zoe Wees,Control,2020-03-01,pop,soft,0.465,113.81,0.6,-4.951,0.149,0.0682,0.0314,0.643,1.48e-06,69,230880,1,4,4,2020,3,1,pop_soft
7MXVkk9YMctZqd1Srtv4MB,Starboy,"The Weeknd, Daft Punk",Starboy,2016-11-01,pop,throwback,0.587,186.003,0.679,-7.015,0.137,0.486,0.276,0.141,6.35e-06,87,230453,1,7,4,2016,11,4,pop_throwback
7lQ8MOhq6IN2w8EYcFNSUk,Without Me,Eminem,The Eminem Show,2002-05-01,pop,throwback,0.669,112.238,0.908,-2.827,0.237,0.662,0.0738,0.00286,0.0,86,290320,1,7,4,2002,5,2,pop_throwback
2WfaOiMkCvy7F5fcp2zZ8L,Take on Me,a-ha,Hunting High and Low,1985-06-01,pop,throwback,0.902,84.412,0.573,-7.638,0.0928,0.876,0.054,0.018,0.00125,84,225280,0,6,4,1985,6,2,pop_throwback
3ZFTkvIE7kyPt6Nu3PEa7V,Hips Don't Lie (feat. Wyclef Jean),"Shakira, Wyclef Jean","Oral Fixation, Vol. 2 (Expanded Edition)",2005-11-01,pop,throwback,0.824,100.024,0.778,-5.892,0.405,0.758,0.0707,0.284,0.0,84,218093,0,10,4,2005,11,4,pop_throwback
5rb9QrpfcKFHM1EUbSIurX,Yeah! (feat. Lil Jon & Ludacris),"USHER, Lil Jon, Ludacris",Confessions (Expanded Edition),2004-03-01,pop,throwback,0.791,105.018,0.894,-4.699,0.0388,0.583,0.112,0.0183,0.0,84,250373,1,2,4,2004,3,1,pop_throwback
4kbj5MwxO1bq9wjT5g9HaA,Shut Up and Dance,WALK THE MOON,TALKING IS HARD,2014-12-01,pop,throwback,0.866,128.038,0.578,-3.804,0.257,0.619,0.0619,0.00701,0.0,83,199080,1,1,4,2014,12,4,pop_throwback
37ZJ0p5Jm13JPevGcx4SkF,Livin' On A Prayer,Bon Jovi,Slippery When Wet,1986-08-01,pop,throwback,0.887,122.509,0.532,-3.757,0.294,0.794,0.0335,0.0778,0.000206,83,249293,1,0,4,1986,8,3,pop_throwback
0nrRP2bk19rLc0orkWPQk2,Wake Me Up,Avicii,True,2013-01-01,pop,throwback,0.783,124.08,0.532,-5.697,0.161,0.643,0.0523,0.0038,0.0012,83,247427,1,2,4,2013,1,1,pop_throwback
6I9VzXrHxO9rA9A5euc8Ak,Toxic,Britney Spears,In The Zone,2003-11-01,pop,throwback,0.838,143.04,0.774,-3.914,0.242,0.924,0.114,0.0249,0.025,83,198800,0,5,4,2003,11,4,pop_throwback
1TfqLAPs4K3s2rJMoCokcS,Sweet Dreams (Are Made of This) - 2005 Remaster,"Eurythmics, Annie Lennox, Dave Stewart",Sweet Dreams (Are Made Of This),1983-01-01,pop,throwback,0.711,125.135,0.692,-7.498,0.12,0.875,0.0317,0.225,0.0,83,216933,0,0,4,1983,1,1,pop_throwback
0HPD5WQqrq7wPWR7P7Dw1i,TiK ToK,Kesha,Animal (Expanded Edition),2010-01-01,pop,throwback,0.837,120.028,0.755,-2.718,0.289,0.714,0.142,0.0991,0.0,83,199693,0,2,4,2010,1,1,pop_throwback
09CtPGIpYB4BrO8qb1RGsF,Sorry,Justin Bieber,Purpose (Deluxe),2015-11-01,pop,throwback,0.76,99.947,0.655,-3.669,0.299,0.409,0.045,0.0797,0.0,83,200787,0,0,4,2015,11,4,pop_throwback
0GjEhVFGZW8afUYGChu3Rr,Dancing Queen,ABBA,Arrival,1976-12-01,pop,throwback,0.87,100.804,0.543,-6.514,0.792,0.754,0.0428,0.358,0.000939,82,230400,1,9,4,1976,12,4,pop_throwback
2bLqfJjuC5syrsgDsZfGmn,The Way I Are,"Timbaland, Keri Hilson, D.O.E.",Shock Value,2007-01-01,pop,throwback,0.807,114.742,0.729,-6.492,0.319,0.765,0.0936,0.181,0.75,82,179120,1,6,4,2007,1,1,pop_throwback
4356Typ82hUiFAynbLYbPn,DJ Got Us Fallin' In Love (feat. Pitbull),"USHER, Pitbull",Raymond v Raymond (Expanded Edition),2010-03-01,pop,throwback,0.861,119.963,0.663,-3.398,0.082,0.654,0.109,0.0338,0.0,81,220800,0,7,4,2010,3,1,pop_throwback
3MjUtNVVq3C8Fn0MP3zhXa,...Baby One More Time,Britney Spears,...Baby One More Time (Digital Deluxe Version),1999-01-01,pop,throwback,0.699,92.96,0.759,-5.745,0.443,0.907,0.0307,0.202,0.000131,81,211067,0,0,4,1999,1,1,pop_throwback
0I3q5fE6wg7LIfHGngUTnV,Ms. Jackson,Outkast,Stankonia,2000-10-01,pop,throwback,0.806,94.948,0.843,-5.946,0.0771,0.613,0.269,0.143,0.0,81,270507,0,4,4,2000,10,4,pop_throwback
1QV6tiMFM6fSOKOGLMHYYg,Poker Face,Lady Gaga,The Fame,2008-01-01,pop,throwback,0.806,119.001,0.851,-4.618,0.121,0.774,0.0787,0.119,1.72e-06,81,237200,1,4,4,2008,1,1,pop_throwback
2bJvI42r8EF3wxjOuDav4r,Time of Our Lives,"Pitbull, Ne-Yo",Globalization,2014-11-01,pop,throwback,0.802,124.022,0.721,-5.797,0.694,0.724,0.0583,0.0921,0.0,82,229360,1,1,4,2014,11,4,pop_throwback
2tUBqZG2AbRi7Q0BIrVrEj,I Wanna Dance with Somebody (Who Loves Me),Whitney Houston,Whitney,1987-06-01,pop,throwback,0.824,118.818,0.709,-8.824,0.0888,0.867,0.0453,0.207,0.000307,81,291293,1,1,4,1987,6,2,pop_throwback
6ic8OlLUNEATToEFU3xmaH,Gimme More,Britney Spears,Blackout,2007-10-01,pop,throwback,0.844,113.324,0.788,-3.131,0.0723,0.382,0.0334,0.25,0.000678,80,251240,1,2,4,2007,10,4,pop_throwback
6b8Be6ljOzmkOmFslEb23P,24K Magic,Bruno Mars,24K Magic,2016-11-01,pop,throwback,0.803,106.97,0.818,-4.282,0.153,0.632,0.0797,0.034,0.0,80,225983,1,1,4,2016,11,4,pop_throwback
4y1LsJpmMti1PfRQV9AWWe,Girls Just Want to Have Fun,Cyndi Lauper,She's So Unusual,1983-10-01,pop,throwback,0.799,120.372,0.71,-4.897,0.349,0.725,0.0328,0.22,0.000602,80,238267,1,6,4,1983,10,4,pop_throwback
0qOnSQQF0yzuPWsXrQ9paz,Stereo Hearts (feat. Adam Levine),"Gym Class Heroes, Adam Levine",The Papercut Chronicles II,2011-11-01,pop,throwback,0.795,89.99,0.646,-3.293,0.267,0.796,0.0976,0.0319,0.0,80,210960,1,9,4,2011,11,4,pop_throwback
20I6sIOMTCkB6w7ryavxtO,Call Me Maybe,Carly Rae Jepsen,Kiss,2012-01-01,pop,throwback,0.58,120.021,0.782,-6.548,0.108,0.66,0.0407,0.0114,2.28e-06,80,193400,1,7,4,2012,1,1,pop_throwback
48QmG1dfvMuYLxMPt7KSRA,No Lie,"Sean Paul, Dua Lipa",Mad Love The Prequel,2018-06-01,pop,throwback,0.882,102.04,0.742,-2.862,0.206,0.463,0.117,0.0466,0.0,80,221176,1,7,4,2018,6,2,pop_throwback
0O45fw2L5vsWpdsOdXwNAR,SexyBack (feat. Timbaland),"Justin Timberlake, Timbaland",FutureSex/LoveSounds,2006-09-01,pop,throwback,0.583,117.0,0.967,-5.562,0.0519,0.964,0.0789,0.0584,0.0,80,242733,0,7,4,2006,9,3,pop_throwback
4kLLWz7srcuLKA7Et40PQR,I Gotta Feeling,Black Eyed Peas,THE E.N.D. (THE ENERGY NEVER DIES) [Deluxe Version],2009-01-01,pop,throwback,0.766,127.966,0.744,-6.375,0.509,0.61,0.0265,0.0873,0.0,80,289133,1,0,4,2009,1,1,pop_throwback
4B0JvthVoAAuygILe3n4Bs,What Do You Mean?,Justin Bieber,Purpose (Deluxe),2015-11-01,pop,throwback,0.567,125.02,0.845,-8.118,0.0811,0.793,0.0956,0.59,0.00142,79,205680,0,5,4,2015,11,4,pop_throwback
0ByMNEPAPpOR5H69DVrTNy,Don't Stop The Music,Rihanna,Good Girl Gone Bad: Reloaded,2008-06-01,pop,throwback,0.669,122.669,0.834,-5.582,0.0535,0.547,0.0637,0.0341,7.18e-05,79,267080,0,6,4,2008,6,2,pop_throwback
1Je1IMUlBXcx1Fz0WE7oPT,Wannabe,Spice Girls,Spice,1996-01-01,pop,throwback,0.864,110.009,0.768,-6.149,0.162,0.891,0.0324,0.101,0.0,79,173027,1,11,4,1996,1,1,pop_throwback
7pYfyrMNPn3wtoCyqcTVoI,"Moves Like Jagger - Studio Recording From ""The Voice"" Performance","Maroon 5, Christina Aguilera",Hands All Over (Revised International Standard version),2010-11-01,pop,throwback,0.761,128.046,0.722,-4.46,0.315,0.624,0.0475,0.0119,0.0,79,201493,0,11,4,2010,11,4,pop_throwback
6naxalmIoLFWR0siv8dnQQ,Oops!...I Did It Again,Britney Spears,Oops!... I Did It Again,2000-05-01,pop,throwback,0.834,95.053,0.751,-5.444,0.355,0.894,0.0437,0.3,1.77e-05,79,211160,0,1,4,2000,5,2,pop_throwback
0cGG2EouYCEEC3xfa0tDFV,Tainted Love,Soft Cell,Non-Stop Erotic Cabaret,1981-11-01,pop,throwback,0.501,144.438,0.5,-8.284,0.26,0.623,0.0376,0.462,0.0,79,153800,0,0,4,1981,11,4,pop_throwback
1dzQoRqT5ucxXVaAhTcT0J,Just Dance,"Lady Gaga, Colby O'Donis",The Fame,2008-01-01,pop,throwback,0.739,118.99,0.822,-4.541,0.181,0.745,0.0311,0.0264,4.28e-05,79,241933,0,1,4,2008,1,1,pop_throwback
5D2mYZuzcgjpchVY1pmTPh,Candy Shop,"50 Cent, Olivia",The Massacre,2005-03-01,pop,throwback,0.574,125.18,0.613,-7.961,0.38,0.755,0.467,0.0253,3.13e-05,78,209107,1,11,5,2005,3,1,pop_throwback
3vkQ5DAB1qQMYO4Mr9zJN6,Gimme! Gimme! Gimme! (A Man After Midnight),ABBA,Voulez-Vous,1979-11-01,pop,throwback,0.491,119.528,0.749,-9.655,0.159,0.536,0.0403,0.02,0.00899,78,292613,1,10,4,1979,11,4,pop_throwback
2V65y3PX4DkRhy1djlxd9p,Don't You Worry Child - Radio Edit,"Swedish House Mafia, John Martin",Don't You Worry Child,2012-09-01,pop,throwback,0.84,129.042,0.612,-3.145,0.116,0.438,0.0509,0.112,0.0,78,212862,0,11,4,2012,9,3,pop_throwback
1AWQoqb9bSvzTjaLralEkT,Rock Your Body,Justin Timberlake,Justified,2002-11-01,pop,throwback,0.714,100.972,0.892,-6.055,0.0521,0.817,0.141,0.201,0.000234,78,267267,0,4,4,2002,11,4,pop_throwback
2VOomzT6VavJOGBeySqaMc,Disturbia,Rihanna,Good Girl Gone Bad: Reloaded,2008-06-01,pop,throwback,0.814,124.921,0.707,-4.509,0.168,0.717,0.0577,0.0861,0.0,78,238627,0,11,4,2008,6,2,pop_throwback
2goLsvvODILDzeeiT4dAoR,Believe,Cher,Believe,1998-01-01,pop,throwback,0.917,132.975,0.652,-6.72,0.0509,0.459,0.0548,0.0082,0.0,78,239027,1,6,4,1998,1,1,pop_throwback
7HW5WIw7ZgZORCzUxv5gW5,Don't Go Breaking My Heart,"Elton John, Kiki Dee",Rock Of The Westies,1975-10-01,pop,throwback,0.844,131.459,0.729,-8.824,0.0604,0.777,0.0344,0.149,2.87e-06,78,275440,1,5,4,1975,10,4,pop_throwback
3E7ZwUMJFqpsDOJzEkBrQ7,Can't Get You out of My Head,Kylie Minogue,Fever,2001-10-01,pop,throwback,0.563,126.007,0.766,-7.516,0.115,0.964,0.0339,0.0263,0.683,78,230640,0,9,4,2001,10,4,pop_throwback
0k2GOhqsrxDTAbFFSdNJjT,Temperature,Sean Paul,The Trinity,2005-09-01,pop,throwback,0.6,125.04,0.951,-4.675,0.0712,0.822,0.0685,0.106,0.0,78,218573,0,0,4,2005,9,3,pop_throwback
51ODNNDZm21HU7wI7cccRr,Latch,"Disclosure, Sam Smith",Settle (Special Edition),2013-06-01,pop,throwback,0.726,121.981,0.503,-5.456,0.0895,0.529,0.167,0.0159,7.98e-05,78,255632,1,1,4,2013,6,2,pop_throwback
4w3tQBXhn5345eUXDGBWZG,9 to 5,Dolly Parton,9 To 5 And Odd Jobs,1980-07-01,pop,throwback,0.783,105.39,0.554,-5.852,0.631,0.813,0.0457,0.416,1.54e-06,78,162467,1,6,4,1980,7,3,pop_throwback
0cqRj7pUJDkTCEsJkx8snD,Shake It Off,Taylor Swift,1989 (Deluxe),2014-01-01,pop,throwback,0.8,160.078,0.647,-5.384,0.334,0.942,0.165,0.0647,0.0,78,219200,1,7,4,2014,1,1,pop_throwback
4TsmezEQVSZNNPv5RJ65Ov,Pon de Replay,Rihanna,Music Of The Sun,2005-08-01,pop,throwback,0.64,99.017,0.779,-8.415,0.101,0.499,0.159,0.000155,0.000766,78,246960,1,7,4,2005,8,3,pop_throwback
49X0LAl6faAusYq02PRAY6,Lady - Hear Me Tonight,Modjo,Modjo (Remastered),2001-08-01,pop,throwback,0.808,126.041,0.72,-5.627,0.0634,0.869,0.0379,0.00793,0.0293,77,307154,1,6,4,2001,8,3,pop_throwback
6kWJvPfC4DgUpRsXKNa9z9,All That She Wants,Ace of Base,The Sign,1993-12-01,pop,throwback,0.625,93.764,0.798,-9.689,0.103,0.858,0.0548,0.00547,7.98e-05,77,211213,1,11,4,1993,12,4,pop_throwback
5UqCQaDshqbIk3pkhy4Pjg,Levels - Radio Edit,Avicii,Levels,2011-10-01,pop,throwback,0.889,126.04,0.584,-5.941,0.309,0.464,0.0343,0.0462,0.828,77,199907,0,1,4,2011,10,4,pop_throwback
5ChkMS8OtdzJeqyybCc9R5,Billie Jean,Michael Jackson,Thriller 25 Super Deluxe Edition,2008-02-01,pop,throwback,0.654,117.046,0.92,-3.051,0.036,0.847,0.0401,0.0236,0.0153,77,293827,0,11,4,2008,2,1,pop_throwback
0Hf4aIJpsN4Os2f0y0VqWl,Feel This Moment (feat. Christina Aguilera),"Pitbull, Christina Aguilera",Global Warming: Meltdown (Deluxe Version),2012-12-01,pop,throwback,0.758,135.956,0.673,-3.632,0.341,0.542,0.158,0.039,0.0,77,229507,1,7,4,2012,12,4,pop_throwback
5IVuqXILoxVWvWEPm82Jxr,Crazy In Love (feat. Jay-Z),"Beyoncé, JAY-Z",Dangerously In Love,2003-06-01,pop,throwback,0.77,99.165,0.646,-6.596,0.0715,0.681,0.226,0.00249,0.0,77,236133,0,2,4,2003,6,2,pop_throwback
3bidbhpOYeV4knp8AIu8Xn,Can't Hold Us (feat. Ray Dalton),"Macklemore, Ryan Lewis, Macklemore & Ryan Lewis, Ray Dalton",The Heist,2012-10-01,pop,throwback,0.922,146.078,0.641,-4.457,0.0862,0.847,0.0786,0.0291,0.0,76,258343,1,2,4,2012,10,4,pop_throwback
2EBCVPNAG46nbgs6jXPGvv,Starships,Nicki Minaj,Pink Friday: Roman Reloaded The Re-Up (Explicit Version),2012-01-01,pop,throwback,0.716,125.006,0.747,-2.457,0.251,0.751,0.0751,0.135,0.0,76,210627,0,11,4,2012,1,1,pop_throwback
6MdqqkQ8sSC0WB4i8PyRuQ,No Diggity,"Blackstreet, Dr. Dre, Queen Pen",Another Level,1996-09-01,pop,throwback,0.646,88.634,0.867,-4.674,0.279,0.67,0.288,0.303,0.0,76,304600,0,1,4,1996,9,3,pop_throwback
05wIrZSwuaVWhcv5FfqeH0,Walking On Sunshine,Katrina & The Waves,Katrina & The Waves,1985-02-01,pop,throwback,0.87,109.901,0.597,-11.97,0.0678,0.944,0.0371,0.0119,0.166,76,238733,1,10,4,1985,2,1,pop_throwback
62zFEHfAYl5kdHYOivj4BC,International Love (feat. Chris Brown),"Pitbull, Chris Brown",Planet Pit (Deluxe Version),2011-06-01,pop,throwback,0.855,120.05,0.67,-3.035,0.335,0.648,0.0499,0.0124,0.0,77,227280,0,0,4,2011,6,2,pop_throwback
2TxCwUlqaOH3TIyJqGgR91,Mamma Mia,ABBA,Abba,1975-09-01,pop,throwback,0.748,137.547,0.749,-7.011,0.469,0.827,0.0323,0.295,0.000443,76,213267,1,2,4,1975,9,3,pop_throwback
3L7RtEcu1Hw3OXrpnthngx,Don't You Want Me,The Human League,Dare!,1981-11-01,pop,throwback,0.738,117.656,0.731,-8.125,0.214,0.958,0.0377,0.184,0.0,76,236920,0,9,4,1981,11,4,pop_throwback
6JV2JOEocMgcZxYSZelKcc,"CAN'T STOP THE FEELING! (from DreamWorks Animation's ""TROLLS"")",Justin Timberlake,"CAN'T STOP THE FEELING! (from DreamWorks Animation's ""TROLLS"")",2016-05-01,pop,throwback,0.83,113.03,0.666,-5.715,0.191,0.702,0.0751,0.0123,0.0,76,236002,1,0,4,2016,5,2,pop_throwback
6ztstiyZL6FXzh4aG46ZPD,Boogie Wonderland,"Earth, Wind & Fire, The Emotions",I Am,1979-06-01,pop,throwback,0.756,131.715,0.802,-10.791,0.0521,0.963,0.0349,0.0843,0.00765,76,288293,0,2,4,1979,6,2,pop_throwback
5w9c2J52mkdntKOmRLeM2m,Con Calma,"Daddy Yankee, Snow",Con Calma,2019-01-01,latin,throwback,0.86,93.989,0.737,-2.652,0.0574,0.656,0.0593,0.11,1.94e-06,76,193227,0,8,4,2019,1,1,latin_throwback
5yDL13y5giogKs2fSNf7sj,Glad You Came,The Wanted,Battleground (Deluxe Edition),2011-01-01,pop,throwback,0.851,126.885,0.722,-3.873,0.108,0.452,0.0639,0.0319,0.0,76,197936,0,7,4,2011,1,1,pop_throwback
2YWjW3wwQIBLNhxWKBQd16,Lean On (feat. MØ & DJ Snake),"Major Lazer, MØ, DJ Snake",Peace Is The Mission : Extended,2015-11-01,pop,throwback,0.809,98.007,0.723,-3.081,0.565,0.274,0.0625,0.00346,0.00123,76,176561,0,7,4,2015,11,4,pop_throwback
2LEF1A8DOZ9wRYikWgVlZ8,Good Feeling,Flo Rida,Wild Ones,2012-06-01,pop,throwback,0.89,128.011,0.706,-4.444,0.306,0.684,0.0688,0.0588,0.00286,76,248133,0,1,4,2012,6,2,pop_throwback
1kPpge9JDLpcj15qgrPbYX,Good Time,"Owl City, Carly Rae Jepsen",The Midsummer Station,2012-08-01,pop,throwback,0.872,126.05,0.56,-4.269,0.371,0.682,0.14,0.0239,6.98e-06,75,205933,1,3,4,2012,8,3,pop_throwback
4E5P1XyAFtrjpiIxkydly4,Replay,Iyaz,Replay,2009-08-01,pop,throwback,0.751,91.031,0.706,-6.323,0.168,0.195,0.0708,0.173,0.0,75,182307,1,9,4,2009,8,3,pop_throwback
12KUFSHFgT0XCoiSlvdQi4,Break Free,"Ariana Grande, Zedd",My Everything (Deluxe),2014-08-01,pop,throwback,0.702,129.948,0.686,-5.325,0.204,0.29,0.0455,0.00637,4.46e-05,75,214840,0,7,4,2014,8,3,pop_throwback
3u5N55tHf7hXATSQrjBh2q,"Freed From Desire - prod. Molella, Phil Jay","Gala, Molella, Phil Jay",Come Into My Life (The Album),1997-11-01,pop,throwback,0.861,128.99,0.704,-4.221,0.0992,0.636,0.0493,0.587,0.0615,75,213394,0,2,4,1997,11,4,pop_throwback
3cbV252akVZInSvJk7jAYX,Flashdance...What a Feeling - Radio Edit,Irene Cara,What a Feelin',1983-11-01,pop,throwback,0.655,122.49,0.572,-7.027,0.0901,0.392,0.0344,0.00579,3.41e-06,75,237053,0,7,4,1983,11,4,pop_throwback
3Gf5nttwcX9aaSQXRWidEZ,Ride Wit Me,"Nelly, City Spud",Country Grammar,2000-06-01,pop,throwback,0.7,101.875,0.85,-6.49,0.244,0.724,0.0478,0.0607,1.66e-06,75,291782,1,7,4,2000,6,2,pop_throwback
6x4tKaOzfNJpEJHySoiJcs,Mambo No. 5 (a Little Bit of...),Lou Bega,A Little Bit of Mambo,1999-07-01,pop,throwback,0.807,174.06,0.622,-6.752,0.306,0.892,0.408,0.103,0.0,75,220293,0,5,4,1999,7,3,pop_throwback
3koCCeSaVUyrRo3N2gHrd8,Let's Groove,"Earth, Wind & Fire",Raise!,1981-11-01,pop,throwback,0.648,125.035,0.869,-8.698,0.126,0.9,0.0633,0.121,2.17e-05,75,339320,0,11,4,1981,11,4,pop_throwback
2lnzGkdtDj5mtlcOW2yRtG,"Whenever, Wherever",Shakira,Laundry Service,2001-11-01,pop,throwback,0.832,107.657,0.794,-4.862,0.203,0.871,0.0407,0.237,1.14e-05,74,196160,0,1,4,2001,11,4,pop_throwback
5TmFTHZp7HjBXjjsFvCY6h,Destination Calabria - Radio Edit,"Alex Gaudino, Crystal Waters",Destination Calabria,2007-02-01,pop,throwback,0.954,128.016,0.627,-4.804,0.292,0.312,0.0425,0.0015,0.000814,74,223112,1,2,4,2007,2,1,pop_throwback
1di1BEgJYzPvXUuinsYJGP,Everybody (Backstreet's Back) - Radio Edit,Backstreet Boys,Backstreet's Back,1997-08-01,pop,throwback,0.853,108.016,0.731,-4.219,0.268,0.605,0.0363,0.0352,0.0,74,225360,0,10,4,1997,8,3,pop_throwback
1z3ugFmUKoCzGsI6jdY4Ci,Like a Prayer,Madonna,Celebration (double disc version),2009-09-01,pop,throwback,0.842,111.038,0.625,-5.285,0.181,0.26,0.0376,0.264,2.12e-05,74,342680,1,5,4,2009,9,3,pop_throwback
0iGckQFyv6svOfAbAY9aWJ,Hot N Cold,Katy Perry,One Of The Boys,2008-06-01,pop,throwback,0.842,132.032,0.706,-3.956,0.0688,0.861,0.0417,7.73e-05,0.0,74,220227,1,7,4,2008,6,2,pop_throwback
4r8lRYnoOGdEi6YyI5OC1o,Bye Bye Bye,*NSYNC,No Strings Attached,2000-03-01,pop,throwback,0.928,172.656,0.614,-4.806,0.0845,0.879,0.0516,0.0408,0.00104,74,200560,0,8,4,2000,3,1,pop_throwback
04KTF78FFg8sOHC1BADqbY,Hot In Herre,Nelly,Nellyville,2002-06-01,pop,throwback,0.741,107.075,0.956,-4.753,0.0615,0.911,0.124,0.204,0.0,74,228240,0,11,4,2002,6,2,pop_throwback
5BckPAYcKEJuYs1eV1BHHe,Take A Chance On Me,ABBA,The Album,1977-02-01,pop,throwback,0.675,107.064,0.684,-8.123,0.242,0.924,0.0257,0.163,0.0,74,243933,1,11,4,1977,2,1,pop_throwback
5ZrDlcxIDZyjOzHdYW1ydr,Barbie Girl,Aqua,Aquarium (Special Edition),1997-01-01,pop,throwback,0.879,129.991,0.812,-10.998,0.365,0.962,0.0397,0.017,0.224,74,197960,0,1,4,1997,1,1,pop_throwback
0wbDgMuAoy7O7pL3a69uZx,Give It To Me,"Timbaland, Justin Timberlake, Nelly Furtado",Shock Value,2007-04-01,pop,throwback,0.711,110.621,0.975,-3.904,0.0799,0.815,0.0632,0.168,0.000552,74,234027,1,8,4,2007,4,2,pop_throwback
0qi4b1l0eT3jpzeNHeFXDT,Just Can't Get Enough,Depeche Mode,Speak and Spell (Deluxe),1981-11-01,pop,throwback,0.772,128.168,0.766,-9.362,0.183,0.919,0.0353,0.403,0.0584,74,220893,1,0,4,1981,11,4,pop_throwback
4UDmDIqJIbrW0hMBQMFOsM,Stayin' Alive,Bee Gees,Staying Alive (Original Motion Picture Soundtrack),1977-12-01,pop,throwback,0.535,103.644,0.707,-19.793,0.0884,0.641,0.0436,0.113,0.00615,74,92867,0,10,4,1977,12,4,pop_throwback
3jDdpx9PMlfMBS5tOBHFm9,Return of the Mack,Mark Morrison,Return of the Mack,1996-04-01,pop,throwback,0.833,95.487,0.715,-5.379,0.164,0.612,0.108,0.00631,0.0,73,213093,1,2,4,1996,4,2,pop_throwback
46eu3SBuFCXWsPT39Yg3tJ,Don't Stop 'Til You Get Enough,Michael Jackson,Off the Wall,1979-08-01,pop,throwback,0.821,118.881,0.878,-9.875,0.183,0.947,0.089,0.126,0.0461,73,365467,1,11,4,1979,8,3,pop_throwback
1hQFF33xi8ruavZNyovtUN,"December, 1963 (Oh What a Night!)",Frankie Valli & The Four Seasons,Who Loves You,1975-09-01,pop,throwback,0.495,104.409,0.737,-13.489,0.0542,0.967,0.027,0.0588,9.12e-06,73,197147,1,1,4,1975,9,3,pop_throwback
63CSozvYUEudPp12679UVF,Don't Worry (with Ray Dalton) - Radio Edit,"Madcon, Ray Dalton",Don't Worry (feat. Ray Dalton),2015-04-01,pop,throwback,0.699,122.987,0.811,-5.211,0.148,0.733,0.114,0.0726,1.38e-06,73,214789,1,7,4,2015,4,2,pop_throwback
0Ph6L4l8dYUuXFmb71Ajnd,Livin' la Vida Loca,Ricky Martin,Ricky Martin,1999-06-01,pop,throwback,0.954,178.043,0.425,-3.756,0.0555,0.933,0.0476,0.00414,0.0,73,243160,0,1,4,1999,6,2,pop_throwback
0n4bITAu0Y0nigrz3MFJMb,Blurred Lines,"Robin Thicke, T.I., Pharrell Williams",Blurred Lines (Deluxe),2013-01-01,pop,throwback,0.599,119.993,0.853,-4.756,0.0759,0.843,0.0411,0.00334,7.93e-06,73,263827,1,7,4,2013,1,1,pop_throwback
1oHClQEgDmmbcEx12Kc5nZ,4 Minutes (feat. Justin Timberlake & Timbaland),"Madonna, Justin Timberlake, Timbaland",Celebration (double disc version),2009-09-01,pop,throwback,0.931,113.026,0.753,-4.922,0.234,0.767,0.0653,0.00994,0.00696,73,189693,1,2,4,2009,9,3,pop_throwback
1xNcBAoUw8Hz6LqK2jt4Ff,Call on Me - Radio Mix,Eric Prydz,Call on Me (Radio Mix),2004-09-01,pop,throwback,0.837,126.342,0.597,-6.518,0.839,0.447,0.375,0.00427,0.00115,73,171360,1,10,4,2004,9,3,pop_throwback
2M2WJ7gBlcKNxdhyfPp9zY,Best of My Love,The Emotions,Rejoice,1977-06-01,pop,throwback,0.713,115.443,0.784,-6.865,0.0904,0.97,0.0339,0.447,0.14,73,220560,1,0,4,1977,6,2,pop_throwback
3wLPRjw2XQpmowqXUXb3UF,Get Up (Rattle) [feat. Far East Movement] - Vocal Edit,"Bingo Players, Far East Movement",Get Up (Rattle) [feat. Far East Movement],2012-12-01,pop,throwback,0.985,127.99,0.801,-2.69,0.297,0.72,0.0647,0.0205,6.86e-06,72,166933,1,7,4,2012,12,4,pop_throwback
62LJFaYihsdVrrkgUOJC05,Kiss,Prince,Parade - Music from the Motion Picture Under the Cherry Moon,1986-03-01,pop,throwback,0.271,111.485,0.898,-12.238,0.0461,0.742,0.091,0.0135,0.00138,73,226240,1,7,4,1986,3,1,pop_throwback
7ks6AZmFcm3Y6PGGxGSmlB,Where Them Girls At (feat. Nicki Minaj & Flo Rida),"David Guetta, Flo Rida, Nicki Minaj",Nothing but the Beat (Ultimate Edition),2012-12-01,pop,throwback,0.876,129.884,0.666,-3.078,0.259,0.552,0.0414,0.055,0.0,72,194840,1,3,4,2012,12,4,pop_throwback
14iN3o8ptQ8cFVZTEmyQRV,I Kissed A Girl,Katy Perry,One Of The Boys,2008-06-01,pop,throwback,0.76,129.996,0.702,-3.174,0.132,0.696,0.0684,0.00226,0.0,72,179640,1,5,4,2008,6,2,pop_throwback
6e8Ou0wiqAzIpWb2eSxll8,Miami,Will Smith,Big Willie Style,1997-10-01,pop,throwback,0.534,108.17,0.877,-6.178,0.0441,0.89,0.15,0.0339,1.67e-05,72,197560,1,1,4,1997,10,4,pop_throwback
5fRvePkRGdpn2nKacG7I6d,Coco Jamboo,Mr. President,We See The Same Sun,1996-05-01,pop,throwback,0.838,100.021,0.832,-5.414,0.152,0.965,0.0421,0.0791,0.0,72,218733,0,1,4,1996,5,2,pop_throwback
3XIEWK1V9n25PS9Vb6axj5,Born to Be Alive - The Original,Patrick Hernandez,Born to Be Alive (The Original),1978-11-01,pop,throwback,0.868,131.468,0.704,-5.808,0.206,0.808,0.0315,0.0834,0.0,72,188133,1,2,4,1978,11,4,pop_throwback
1mv4lh1rW1K6xhxhJmEezy,Music Sounds Better With You - Radio Edit,"Stardust, Benjamin Diamond, Alan Braxe, Thomas Bangalter",Music Sounds Better With You,1998-07-01,pop,throwback,0.662,124.149,0.729,-7.191,0.305,0.359,0.337,0.00128,0.208,72,260907,0,5,4,1998,7,3,pop_throwback
03UrZgTINDqvnUMbbIMhql,Gangnam Style (강남스타일),PSY,Gangnam Style (강남스타일),2012-01-01,pop,throwback,0.937,132.067,0.727,-2.871,0.091,0.749,0.286,0.00417,0.0,72,219493,0,11,4,2012,1,1,pop_throwback
02itaCXOdC54J0ISjqqFAp,All Around The World (La La La),"R3HAB, A Touch Of Class",All Around The World (La La La),2019-04-01,pop,throwback,0.859,124.948,0.733,-5.03,0.105,0.52,0.033,0.479,0.0645,71,147840,0,9,4,2019,4,2,pop_throwback
0hrBpAOgrt8RXigk83LLNE,The Sign,Ace of Base,The Sign,1993-12-01,pop,throwback,0.786,96.987,0.808,-6.897,0.0574,0.899,0.0447,0.00928,0.0701,71,191240,0,4,4,1993,12,4,pop_throwback
0BxfFnk0YzONqvmrkO0QrB,Don't Cha,"The Pussycat Dolls, Busta Rhymes",PCD,2005-01-01,pop,throwback,0.63,120.016,0.875,-3.475,0.127,0.548,0.0994,0.00546,2.47e-06,71,272080,1,1,4,2005,1,1,pop_throwback
1B75hgRqe7A4fwee3g3Wmu,U Can't Touch This,MC Hammer,Please Hammer Don't Hurt 'Em,1990-02-01,pop,throwback,0.517,133.149,0.867,-13.22,0.0864,0.862,0.088,0.00449,0.000343,71,257360,0,11,4,1990,2,1,pop_throwback
4GhtDORJiSRYxj6M1bv0vX,Love Really Hurts Without You,Billy Ocean,Billy Ocean (Expanded Edition),1976-01-01,pop,throwback,0.907,140.982,0.518,-3.732,0.0838,0.961,0.0343,0.00221,1.15e-05,71,179013,1,5,4,1976,1,1,pop_throwback
06hsdMbBxWGqBO0TV0Zrkf,Cotton Eye Joe,Rednex,Sex & Violins,1994-08-01,pop,throwback,0.936,131.986,0.729,-7.536,0.0367,0.598,0.0776,0.0129,0.000892,71,194000,1,9,4,1994,8,3,pop_throwback
30XU4suKzCeoCK9YFzdufg,Born This Way,Lady Gaga,Born This Way (International Special Edition Version),2011-05-01,pop,throwback,0.828,123.907,0.587,-5.108,0.331,0.493,0.161,0.00327,0.0,71,260253,1,11,4,2011,5,2,pop_throwback
5knuzwU65gJK7IF5yJsuaW,Rockabye (feat. Sean Paul & Anne-Marie),"Clean Bandit, Sean Paul, Anne-Marie",Rockabye (feat. Sean Paul & Anne-Marie),2016-10-01,pop,throwback,0.763,101.965,0.72,-4.068,0.18,0.742,0.0523,0.406,0.0,70,251088,0,9,4,2016,10,4,pop_throwback
273uCXd7NPrInaiNqtkOrA,Tarzan Boy,Baltimora,Living In The Background,1985-01-01,pop,throwback,0.573,107.363,0.684,-12.3,0.306,0.716,0.0261,0.318,0.028,70,378947,1,5,4,1985,1,1,pop_throwback
0ofMkI3jzmGCElAOgOLeo3,The Rhythm of the Night,Corona,The Rhythm of the Night,1994-10-01,pop,throwback,0.805,127.808,0.69,-11.522,0.095,0.799,0.0336,0.000232,0.739,70,264280,0,5,4,1994,10,4,pop_throwback
6hmhG1b4LEyNuashVvuIAo,Never Forget You,"Zara Larsson, MNEK",So Good,2017-03-01,pop,throwback,0.732,146.005,0.583,-5.729,0.269,0.277,0.0459,0.00315,9.57e-06,70,213428,0,11,4,2017,3,1,pop_throwback
3XVozq1aeqsJwpXrEZrDJ9,Ice Ice Baby,Vanilla Ice,Vanilla Ice Is Back! - Hip Hop Classics,2008-11-01,pop,throwback,0.792,116.012,0.979,-2.784,0.102,0.583,0.0388,0.0025,7.71e-06,70,254467,1,2,4,2008,11,4,pop_throwback
5e0b9LgOfi3aJSKXFcOWRe,Beanie,Chezile,Beanie,2023-11-01,pop,bedroom,0.556,138.978,0.531,-6.245,0.318,0.156,0.0252,0.407,0.00915,82,132160,1,5,3,2023,11,4,pop_bedroom
41P6Tnd8KIHqON0QIydx6a,the perfect pair,beabadoobee,Beatopia,2022-07-01,pop,bedroom,0.663,146.053,0.634,-6.818,0.102,0.6,0.0331,0.433,0.124,80,177533,1,11,4,2022,7,3,pop_bedroom
0EF1EE8zusg3Y869e56JFd,Nothing's New,Rio Romeo,Good God!,2022-09-01,ambient,bedroom,0.394,96.192,0.421,-8.312,0.0984,0.399,0.0277,0.863,4.74e-06,78,211000,1,11,3,2022,9,3,ambient_bedroom
6UFivO2zqqPFPoQYsEMuCc,Bags,Clairo,Immunity,2019-08-01,pop,bedroom,0.546,104.996,0.742,-7.694,0.115,0.868,0.0315,0.172,0.38,78,260520,1,1,4,2019,8,3,pop_bedroom
0MJ5wKsPEeihONNfugHGy7,Tip Toe,HYBS,Tip Toe,2023-06-01,pop,bedroom,0.486,163.9,0.687,-8.673,0.115,0.792,0.0579,0.587,0.126,76,224726,1,11,4,2023,6,2,pop_bedroom
2R4AlwtrrkMaRKojcTIzmL,For the First Time,Mac DeMarco,This Old Dog,2017-05-01,pop,bedroom,0.529,75.515,0.551,-10.469,0.178,0.521,0.0517,0.296,0.0093,80,182307,0,5,4,2017,5,2,pop_bedroom
0Z94dtWElamDwU4NrcGoUR,Better,sign crushes motorist,i'll be okay,2022-08-01,pop,bedroom,0.0867,129.989,0.696,-25.203,0.108,0.349,0.0418,0.988,0.922,73,98750,1,7,4,2022,8,3,pop_bedroom
5mIOsPuQdXchVY0jB5NO9Q,4EVER,Clairo,4EVER,2018-04-01,pop,bedroom,0.585,102.331,0.75,-7.576,0.155,0.584,0.0285,0.049,0.00552,73,159595,0,9,4,2018,4,2,pop_bedroom
2VYnlKxB8jpbCeLUjQsebc,In A Good Way,Faye Webster,I Know I'm Funny haha,2021-06-01,pop,bedroom,0.286,71.123,0.587,-8.839,0.214,0.302,0.0315,0.185,0.0288,71,224680,1,9,4,2021,6,2,pop_bedroom
5PjdC2gMATetx5xdnwGUu7,i wanna be your girlfriend,girl in red,i wanna be your girlfriend,2018-03-01,pop,bedroom,0.382,155.901,0.541,-14.323,0.304,0.343,0.035,0.0215,0.000836,73,204991,1,7,4,2018,3,1,pop_bedroom
3YuaBvuZqcwN3CEAyyoaei,Like a Stone,Audioslave,Audioslave,2002-11-01,rock,alternative,0.568,107.849,0.614,-5.477,0.0997,0.516,0.0276,0.00797,0.0,77,293960,0,7,4,2002,11,4,rock_alternative
5FVd6KXrgO9B3JPmC8OPst,Do I Wanna Know?,Arctic Monkeys,AM,2013-09-01,rock,alternative,0.532,85.03,0.548,-7.596,0.217,0.405,0.0323,0.186,0.000263,84,272394,1,5,4,2013,9,3,rock_alternative
2Z8WuEywRWYTKe1NybPQEW,Ride,Twenty One Pilots,Blurryface,2015-05-01,rock,alternative,0.713,74.989,0.645,-5.355,0.113,0.566,0.0393,0.00835,0.0,80,214507,1,6,4,2015,5,2,rock_alternative
64BbK9SFKH2jk86U3dGj2P,Otherside,Red Hot Chili Peppers,Californication (Deluxe Edition),1999-06-01,rock,alternative,0.795,123.229,0.458,-3.265,0.0756,0.513,0.0574,0.00316,0.000202,81,255373,1,0,4,1999,6,2,rock_alternative
18lR4BzEs7e3qzc0KVkTpU,What I've Done,Linkin Park,Minutes to Midnight,2007-05-01,rock,alternative,0.935,120.092,0.627,-4.882,0.147,0.287,0.0324,0.0092,0.0,81,205227,1,5,4,2007,5,2,rock_alternative
1ZLtE9tSJdaUiIJ9YoKHQe,Decode,Paramore,Decode,2008-11-01,punk,alternative,0.87,164.057,0.28,-4.219,0.101,0.284,0.0592,0.000686,0.00608,71,261960,0,10,4,2008,11,4,punk_alternative
3dxiWIBVJRlqh9xk144rf4,Breaking the Habit,Linkin Park,Meteora (Bonus Edition),2003-09-01,rock,alternative,0.865,100.016,0.58,-4.359,0.106,0.587,0.0313,0.105,0.0,74,196133,0,4,4,2003,9,3,rock_alternative
0hDQV9X1Da5JrwhK8gu86p,Maps,Yeah Yeah Yeahs,Fever To Tell (Deluxe Remastered),2003-04-01,rock,alternative,0.941,119.783,0.502,-5.194,0.553,0.124,0.0716,0.000346,0.319,75,219987,1,7,4,2003,4,2,rock_alternative
7oVEtyuv9NBmnytsCIsY5I,BURN IT DOWN,Linkin Park,LIVING THINGS,2012-06-01,rock,alternative,0.972,110.006,0.585,-4.45,0.0707,0.585,0.0534,0.0143,0.0,76,230253,0,9,4,2012,6,2,rock_alternative
6Wx88Mv6b9ofjKMKkdwOJd,New Divide,Linkin Park,Transformers: Revenge Of The Fallen The Album,2009-06-01,rock,alternative,0.808,117.971,0.493,-3.365,0.0983,0.38,0.0362,0.000235,0.0,70,268613,0,5,4,2009,6,2,rock_alternative
64yrDBpcdwEdNY9loyEGbX,21 Guns,Green Day,21st Century Breakdown,2009-05-01,rock,alternative,0.742,159.779,0.268,-4.939,0.626,0.416,0.0355,0.0518,0.0,74,321093,1,5,4,2009,5,2,rock_alternative
0yac0FPhLRH9i9lOng3f81,Everybody's Changing,Keane,Hopes And Fears,2004-05-01,rock,alternative,0.839,94.015,0.517,-3.521,0.108,0.416,0.0287,0.0014,0.000365,73,215880,1,0,4,2004,5,2,rock_alternative
0sp00HSXkQyqTa6QqM0O8V,Leave Out All The Rest,Linkin Park,Minutes to Midnight,2007-05-01,rock,alternative,0.637,80.401,0.514,-6.418,0.389,0.18,0.0363,0.213,2.27e-06,71,209307,1,0,4,2007,5,2,rock_alternative
4RAOI1etsgbh5NP3T5R8rN,I Don't Love You,My Chemical Romance,The Black Parade,2006-10-01,punk,alternative,0.796,169.835,0.289,-4.22,0.202,0.33,0.0494,0.00837,2.61e-05,74,238680,1,0,4,2006,10,4,punk_alternative
1G391cbiT3v3Cywg8T7DM1,Scar Tissue,Red Hot Chili Peppers,Californication (Deluxe Edition),1999-06-01,rock,alternative,0.717,88.969,0.595,-4.803,0.108,0.547,0.0295,0.0779,0.00274,82,215907,1,0,4,1999,6,2,rock_alternative
0KzAbK6nItSqNh8q70tb0K,Where Is My Mind?,Pixies,Death to the Pixies,1997-10-01,rock,alternative,0.442,81.201,0.513,-13.529,0.0878,0.243,0.0343,0.00731,0.000838,72,229227,1,4,4,1997,10,4,rock_alternative
1r1fPuhj9H4VdXr7OK6FL5,CASTLE OF GLASS,Linkin Park,LIVING THINGS,2012-06-01,rock,alternative,0.911,108.0,0.615,-3.584,0.0908,0.685,0.0278,0.0686,0.00188,74,205400,0,1,4,2012,6,2,rock_alternative
3ZOEytgrvLwQaqXreDs2Jx,Can't Stop,Red Hot Chili Peppers,By the Way (Deluxe Edition),2002-07-01,rock,alternative,0.938,91.455,0.618,-3.442,0.167,0.875,0.0456,0.0179,0.0,81,269000,1,9,4,2002,7,3,rock_alternative
5Xak5fmy089t0FYmh3VJiY,Black,Pearl Jam,Ten,1991-08-01,rock,alternative,0.684,77.15,0.36,-6.457,0.34,0.2,0.0308,0.323,0.0,73,342653,0,4,4,1991,8,3,rock_alternative
1Ame8XTX6QHY0l0ahqUhgv,THE LONELIEST,Måneskin,THE LONELIEST,2022-10-01,rock,alternative,0.595,129.786,0.519,-5.001,0.0762,0.237,0.0283,0.00151,0.0,68,247067,1,2,4,2022,10,4,rock_alternative
3Pzh926pXggbMe2ZpXyMV7,Ain't No Rest for the Wicked,Cage The Elephant,Cage The Elephant (Expanded Edition),2009-03-01,rock,alternative,0.849,156.036,0.636,-7.075,0.372,0.917,0.106,0.0438,0.0,76,175493,1,0,4,2009,3,1,rock_alternative
2aibwv5hGXSgw7Yru8IYTO,Snow (Hey Oh),Red Hot Chili Peppers,Stadium Arcadium,2006-05-01,rock,alternative,0.9,104.655,0.427,-3.674,0.119,0.599,0.0499,0.116,1.75e-05,77,334667,1,11,4,2006,5,2,rock_alternative
3lPr8ghNDBLc2uZovNyLs9,Supermassive Black Hole,Muse,Black Holes and Revelations,2006-06-01,rock,alternative,0.921,120.0,0.668,-3.727,0.0877,0.782,0.0439,0.0492,0.00517,78,212440,1,7,4,2006,6,2,rock_alternative
3Xfg7AegXaDLoD5GOUMf2e,My Demons,STARSET,Transmissions (Deluxe Version),2014-10-01,rock,alternative,0.652,173.008,0.274,-6.196,0.108,0.1,0.0625,0.00768,6.42e-05,70,288036,0,5,4,2014,10,4,rock_alternative
5VGlqQANWDKJFl0MBG3sg2,Use Somebody,Kings of Leon,Only By The Night,2008-09-01,rock,alternative,0.715,137.028,0.276,-5.356,0.201,0.173,0.0432,0.00552,0.000417,76,230760,1,0,4,2008,9,3,rock_alternative
10Nmj3JCNoMeBQ87uw5j8k,Dani California,Red Hot Chili Peppers,Stadium Arcadium,2006-05-01,rock,alternative,0.913,96.184,0.556,-2.36,0.346,0.73,0.0437,0.0193,8.59e-06,77,282160,1,0,4,2006,5,2,rock_alternative
7DbdUf8aHSYoliSjO6LZv6,"Sex, Drugs, Etc.",Beach Weather,Chit Chat,2016-11-01,rock,alternative,0.839,143.969,0.572,-5.083,0.522,0.465,0.0377,0.013,0.00976,73,196784,0,4,4,2016,11,4,rock_alternative
2nvC4i2aMo4CzRjRflysah,In My Place,Coldplay,A Rush of Blood to the Head,2002-08-01,rock,alternative,0.588,144.636,0.424,-5.455,0.298,0.193,0.0278,0.0553,4.95e-06,74,226680,1,9,4,2002,8,3,rock_alternative
28IEbk5a7twNTbUEvWslUb,Paralyzer,Finger Eleven,Them Vs. You Vs. Me (Deluxe Edition),2007-01-01,rock,alternative,0.939,106.031,0.644,-3.486,0.233,0.861,0.0456,0.157,0.0,74,208107,0,11,4,2007,1,1,rock_alternative
5TpPSTItCwtZ8Sltr3vdzm,Last Night on Earth,Green Day,21st Century Breakdown,2009-05-01,rock,alternative,0.486,119.955,0.556,-7.139,0.164,0.243,0.0329,0.0371,1.45e-06,68,236533,1,2,4,2009,5,2,rock_alternative
1fr92Vupmcs2vgLMFVQ7rd,In the Shadows,The Rasmus,Dead Letters,2003-03-01,rock,alternative,0.796,105.991,0.6,-4.481,0.484,0.75,0.0275,0.000109,5.2e-05,71,257920,1,2,4,2003,3,1,rock_alternative
20I8RduZC2PWMWTDCZuuAN,Take Me Out,Franz Ferdinand,Franz Ferdinand,2004-02-01,rock,alternative,0.663,104.561,0.277,-8.821,0.136,0.527,0.0377,0.000409,0.00051,80,237027,0,4,4,2004,2,1,rock_alternative
3mhOmh4tRKsMfnRmgZfeBm,Far Behind,Candlebox,Candlebox,1993-07-01,rock,alternative,0.645,89.518,0.552,-6.595,0.0424,0.588,0.0268,0.00187,1.38e-06,68,299733,1,7,4,1993,7,3,rock_alternative
4NnWuGQujzWUEg0uZokO5M,Just Like Heaven,The Cure,"Kiss Me, Kiss Me, Kiss Me",1987-01-01,rock,alternative,0.94,151.417,0.437,-6.946,0.222,0.48,0.0426,0.0524,0.000573,73,212013,1,9,4,1987,1,1,rock_alternative
1f2V8U1BiWaC9aJWmpOARe,By the Way,Red Hot Chili Peppers,By the Way (Deluxe Edition),2002-07-01,rock,alternative,0.97,122.444,0.451,-4.938,0.102,0.198,0.107,0.0264,0.00355,74,216933,1,0,4,2002,7,3,rock_alternative
6i5qhmmF9UNUBRyrPSGn4m,Two Faced,Linkin Park,From Zero,2024-11-01,rock,modern,0.945,91.906,0.51,-5.405,0.0413,0.323,0.0804,0.000658,4.8e-06,79,183584,1,1,4,2024,11,4,rock_modern
09ttHg3ZNVgDlYBZa1ZBw0,Starburster,Fontaines D.C.,Romance,2024-08-01,rock,modern,0.862,98.021,0.511,-5.677,0.0939,0.361,0.0659,0.0656,1.86e-06,69,221451,1,10,4,2024,8,3,rock_modern
1a19jsjG2DvbN1fVJonKUU,Beaches,beabadoobee,This Is How Tomorrow Moves,2024-08-01,rock,modern,0.812,82.002,0.417,-3.979,0.189,0.419,0.0332,0.0154,2.11e-05,69,230053,1,10,4,2024,8,3,rock_modern
6p8eFfPw3nQkf37aT3AkmK,Fear of the Dark - 2015 Remaster,Iron Maiden,Fear of the Dark (2015 Remaster),1992-09-01,metal,heavy,0.866,109.825,0.308,-5.671,0.232,0.227,0.059,0.000739,0.00141,69,438120,0,2,4,1992,9,3,metal_heavy
28WmNsclKsrVmdv3tDmoYU,Seek & Destroy - Remastered,Metallica,Kill 'Em All (Remastered),1983-07-01,metal,heavy,0.964,140.817,0.445,-5.493,0.0773,0.448,0.282,0.037,0.0132,68,414720,1,9,4,1983,7,3,metal_heavy
5lDriBxJd22IhOH9zTcFrV,Dirty Little Secret,The All-American Rejects,Move Along,2005-01-01,punk,pop punk,0.954,143.85,0.465,-4.251,0.573,0.458,0.044,0.000346,5.38e-06,70,193653,1,10,4,2005,1,1,punk_pop punk
6GG73Jik4jUlQCkKg9JuGO,The Middle,Jimmy Eat World,Bleed American,2001-07-01,punk,pop punk,0.849,162.152,0.643,-5.428,0.058,0.903,0.0526,0.0371,0.0,80,165853,1,2,4,2001,7,3,punk_pop punk
6ihL9TjfRjadfEePzXXyVF,Gives You Hell,The All-American Rejects,When The World Comes Down,2008-01-01,punk,pop punk,0.691,100.008,0.718,-6.44,0.0627,0.552,0.0387,0.0159,0.0,69,213107,1,4,4,2008,1,1,punk_pop punk
5oQcOu1omDykbIPSdSQQNJ,1985,Bowling For Soup,A Hangover You Don't Deserve,2004-03-01,punk,pop punk,0.887,119.974,0.606,-4.404,0.337,0.903,0.0598,0.000242,0.0,69,193000,1,4,4,2004,3,1,punk_pop punk
27L8sESb3KR79asDUBu8nW,Stacy's Mom,Fountains Of Wayne,Welcome Interstate Managers,2003-01-01,punk,pop punk,0.75,118.015,0.774,-4.927,0.0808,0.927,0.0412,0.00207,1.78e-05,72,197987,0,11,4,2003,1,1,punk_pop punk
6SpLc7EXZIPpy0sVko0aoU,Misery Business,Paramore,Riot!,2007-06-01,punk,pop punk,0.906,172.977,0.517,-3.677,0.113,0.731,0.0735,0.00272,9.26e-06,73,211520,1,1,4,2007,6,2,punk_pop punk
663Karu2rvKLdnY0eo1n3M,Call Me When You're Sober,Evanescence,The Open Door,2006-01-01,punk,pop punk,0.883,93.41,0.45,-4.094,0.293,0.328,0.0524,0.00193,0.0,69,214707,1,7,4,2006,1,1,punk_pop punk
00Mb3DuaIH1kjrwOku9CGU,Sk8er Boi,Avril Lavigne,Let Go,2002-06-01,punk,pop punk,0.9,149.937,0.487,-4.417,0.358,0.484,0.0482,6.79e-05,0.0,77,204000,1,0,4,2002,6,2,punk_pop punk
1jlG3KJ3gdYmhfuySFfpO1,I'm with You,Avril Lavigne,Let Go,2002-06-01,punk,pop punk,0.406,151.95,0.457,-7.462,0.117,0.208,0.0291,0.08,0.0,73,223067,1,9,3,2002,6,2,punk_pop punk
6sqNctd7MlJoKDOxPVCAvU,My Happy Ending,Avril Lavigne,Under My Skin,2004-03-01,punk,pop punk,0.936,170.229,0.414,-2.407,0.369,0.74,0.0758,0.00136,0.0,70,242413,1,2,4,2004,3,1,punk_pop punk
0BRHnOFm6sjxN1i9LJrUDu,The Anthem,Good Charlotte,The Young and The Hopeless,2002-10-01,punk,pop punk,0.939,177.751,0.494,-3.127,0.139,0.893,0.126,0.00666,0.0,75,175093,1,1,4,2002,10,4,punk_pop punk
1j8z4TTjJ1YOdoFEDwJTQa,Ain't It Fun,Paramore,Paramore,2013-04-01,punk,pop punk,0.893,104.031,0.61,-3.681,0.021,0.673,0.0921,0.154,4.41e-05,71,296520,1,9,4,2013,4,2,punk_pop punk
1yjY7rpaAQvKwpdUliHx0d,Still into You,Paramore,Paramore,2013-04-01,punk,pop punk,0.923,136.01,0.602,-3.763,0.0561,0.765,0.044,0.0098,0.0,78,216013,1,5,4,2013,4,2,punk_pop punk
4bPQs0PHn4xbipzdPfn6du,I Write Sins Not Tragedies,Panic! At The Disco,A Fever You Can't Sweat Out,2005-09-01,punk,pop punk,0.83,170.094,0.569,-4.106,0.114,0.609,0.14,0.0807,0.0,72,186635,0,9,4,2005,9,3,punk_pop punk
2m1hi0nfMR9vdGC8UcrnwU,All The Small Things,blink-182,Enema Of The State,1999-06-01,punk,pop punk,0.897,148.708,0.434,-4.918,0.612,0.685,0.0488,0.0103,0.0,81,167067,1,0,4,1999,6,2,punk_pop punk
3ZffCQKLFLUvYM59XKLbVm,Wake Me up When September Ends,Green Day,American Idiot,2004-09-01,punk,pop punk,0.814,104.98,0.546,-5.146,0.0972,0.146,0.0314,0.023,0.0,77,285653,1,7,4,2004,9,3,punk_pop punk
0COqiPhxzoWICwFCS4eZcp,Bring Me To Life,Evanescence,Fallen,2003-03-01,punk,pop punk,0.943,94.612,0.331,-3.188,0.242,0.296,0.0698,0.00721,2.06e-06,83,235893,0,4,4,2003,3,1,punk_pop punk
2z4U9d5OAA4YLNXoCgioxo,What the Hell,Avril Lavigne,Goodbye Lullaby (Expanded Edition),2011-03-01,punk,pop punk,0.926,149.976,0.578,-3.689,0.14,0.877,0.0548,0.00472,0.0127,71,220707,0,6,4,2011,3,1,punk_pop punk
1oTo3ijRbaDAtrjJrGAPSw,I Miss You,blink-182,blink-182,2003-01-01,punk,pop punk,0.781,110.024,0.655,-6.547,0.0867,0.584,0.034,0.00103,5.33e-06,75,227240,1,11,4,2003,1,1,punk_pop punk
5GorCbAP4aL0EJ16frG2hd,Boulevard of Broken Dreams,Green Day,Greatest Hits: God's Favorite Band,2017-11-01,punk,pop punk,0.682,167.06,0.496,-4.095,0.0589,0.474,0.0294,0.00552,2.94e-05,70,262333,1,8,4,2017,11,4,punk_pop punk
6nTiIhLmQ3FWhvrGafw2zj,American Idiot,Green Day,American Idiot,2004-09-01,punk,pop punk,0.988,186.113,0.38,-2.042,0.368,0.769,0.0639,2.64e-05,7.86e-05,79,176346,1,1,4,2004,9,3,punk_pop punk
1yKu2MhpwzDXXH2tzG6xoa,Beverly Hills,Weezer,Make Believe,2005-05-01,punk,pop punk,0.823,87.904,0.693,-3.761,0.328,0.741,0.0726,0.0932,0.0,68,196093,1,5,4,2005,5,2,punk_pop punk
7JIuqL4ZqkpfGKQhYlrirs,The Only Exception,Paramore,Brand New Eyes,2009-09-01,punk,pop punk,0.563,137.715,0.452,-6.607,0.143,0.209,0.0272,0.144,0.0,74,267653,1,4,3,2009,9,3,punk_pop punk
2gTdDMpNxIRFSiu7HutMCg,I Think I'm OKAY (with YUNGBLUD & Travis Barker),"mgk, YUNGBLUD, Travis Barker",Hotel Diablo,2019-07-01,punk,pop punk,0.744,119.921,0.628,-4.718,0.313,0.277,0.0379,0.0257,0.0,68,169397,1,7,4,2019,7,3,punk_pop punk
33iv3wnGMrrDugd7GBso1z,My Own Worst Enemy,Lit,A Place In The Sun,1999-02-01,punk,pop punk,0.946,103.408,0.494,-2.757,0.398,0.741,0.0637,0.00129,0.0,74,169027,1,4,4,1999,2,1,punk_pop punk
23oxJmDc1V9uLUSmN2LIvx,Ocean Avenue,Yellowcard,Ocean Avenue,2003-01-01,punk,pop punk,0.904,173.734,0.486,-3.751,0.0947,0.786,0.0638,3.43e-05,2.83e-05,71,198267,0,6,4,2003,1,1,punk_pop punk
4wzjNqjKAKDU82e8uMhzmr,Face Down,The Red Jumpsuit Apparatus,Don't You Fake It,2006-01-01,punk,pop punk,0.932,92.956,0.545,-2.189,0.127,0.464,0.0399,0.000665,0.0,75,192000,0,7,4,2006,1,1,punk_pop punk
0Ti2dlF2xLjXblvdU5fCxM,Miss Murder,AFI,DECEMBERUNDERGROUND,2006-06-01,punk,pop punk,0.873,143.519,0.308,-4.542,0.0974,0.686,0.0533,0.00022,0.000729,68,206587,1,8,4,2006,6,2,punk_pop punk
3Zwu2K0Qa5sT6teCCHPShP,Thnks fr th Mmrs,Fall Out Boy,Infinity On High,2007-01-01,punk,pop punk,0.892,154.844,0.46,-5.046,0.106,0.59,0.0619,0.0051,0.0,77,203507,0,10,4,2007,1,1,punk_pop punk
7j31rVgGX9Q2blT92VBEA0,Teenagers,My Chemical Romance,The Black Parade,2006-10-01,punk,pop punk,0.857,111.647,0.463,-3.063,0.184,0.856,0.0632,0.0506,0.0,79,161920,1,4,4,2006,10,4,punk_pop punk
4KacUpvbA3Mfo05gttTjhN,Fat Lip,Sum 41,"All Killer, No Filler",2001-01-01,punk,pop punk,0.914,196.482,0.403,-5.215,0.065,0.626,0.142,0.000579,0.0,73,178267,1,9,4,2001,1,1,punk_pop punk
4LJhJ6DQS7NwE7UKtvcM52,What's My Age Again?,blink-182,Enema Of The State,1999-06-01,punk,pop punk,0.951,157.663,0.391,-7.419,0.0878,0.468,0.0688,0.012,0.000446,77,148360,1,6,4,1999,6,2,punk_pop punk
0d28khcov6AiegSCpG5TuT,Feel Good Inc.,Gorillaz,Demon Days,2005-05-01,punk,pop punk,0.705,138.559,0.818,-6.679,0.613,0.772,0.177,0.00836,0.00233,84,222640,1,6,4,2005,5,2,punk_pop punk
7lRlq939cDG4SzWOF4VAnd,I'm Not Okay (I Promise),My Chemical Romance,Three Cheers for Sweet Revenge,2004-06-01,punk,pop punk,0.94,179.722,0.21,-3.427,0.269,0.255,0.123,0.00602,0.0,74,186480,1,9,4,2004,6,2,punk_pop punk
0w5Bdu51Ka25Pf3hojsKHh,Hard Times,Paramore,After Laughter,2017-05-01,punk,pop punk,0.818,119.965,0.695,-5.379,0.0219,0.916,0.0334,0.00647,4.87e-06,73,182693,0,5,4,2017,5,2,punk_pop punk
5dTHtzHFPyi8TlTtzoz1J9,Helena,My Chemical Romance,Three Cheers for Sweet Revenge,2004-06-01,punk,pop punk,0.96,125.921,0.356,-3.487,0.209,0.0857,0.104,0.0142,0.0,76,204733,1,4,4,2004,6,2,punk_pop punk
2d6m2F4I7wCuAKtSsdhh83,Famous Last Words,My Chemical Romance,The Black Parade,2006-10-01,punk,pop punk,0.883,122.252,0.467,-3.679,0.125,0.309,0.106,0.000321,0.000152,72,299227,0,2,4,2006,10,4,punk_pop punk
5BB0Jzw60KyfSTyjJqtely,Na Na Na (Na Na Na Na Na Na Na Na Na),My Chemical Romance,Danger Days: The True Lives of the Fabulous Killjoys,2010-11-01,punk,pop punk,0.986,165.981,0.411,-2.522,0.371,0.649,0.0583,0.000264,0.00148,68,205960,0,8,4,2010,11,4,punk_pop punk
1yKAqZoi8xWGLCf5vajroL,The Ghost of You,My Chemical Romance,Three Cheers for Sweet Revenge,2004-06-01,punk,pop punk,0.886,145.781,0.202,-3.805,0.643,0.192,0.0816,0.0286,0.0,70,194253,0,11,4,2004,6,2,punk_pop punk
1fJFuvU2ldmeAm5nFIHcPP,First Date,blink-182,Take Off Your Pants And Jacket,2001-08-01,punk,pop punk,0.928,95.594,0.579,-4.344,0.18,0.882,0.0411,0.000715,0.0,74,171533,1,0,4,2001,8,3,punk_pop punk
2TfSHkHiFO4gRztVIkggkE,"Sugar, We're Goin Down",Fall Out Boy,From Under The Cork Tree,2005-05-01,punk,pop punk,0.842,162.011,0.494,-4.784,0.122,0.574,0.0843,0.00579,0.0,76,229093,1,7,4,2005,5,2,punk_pop punk
0a7BloCiNzLDD9qSQHh5m7,"Dance, Dance",Fall Out Boy,From Under The Cork Tree,2005-05-01,punk,pop punk,0.961,114.451,0.621,-3.198,0.0854,0.449,0.154,0.00523,0.0,75,180267,0,11,4,2005,5,2,punk_pop punk
2ydUT1pFhuLDnouelIv4WH,The Rock Show,blink-182,Take Off Your Pants And Jacket,2001-08-01,punk,pop punk,0.959,193.144,0.409,-4.563,0.0766,0.83,0.0869,0.000324,0.0,69,171600,1,9,4,2001,8,3,punk_pop punk
0MsrWnxQZxPAcov7c74sSo,Holiday / Boulevard of Broken Dreams,Green Day,American Idiot,2004-09-01,punk,pop punk,0.827,167.086,0.29,-3.451,0.301,0.45,0.0362,0.000659,2.55e-06,69,493400,1,8,4,2004,9,3,punk_pop punk
6xpDh0dXrkVp0Po1qrHUd8,Adam's Song,blink-182,Enema Of The State,1999-06-01,punk,pop punk,0.775,136.02,0.52,-5.803,0.364,0.383,0.0348,0.034,0.0,71,249627,1,0,4,1999,6,2,punk_pop punk
1IT0WQk5J8NsaeII8ktdlZ,King For A Day,"Pierce The Veil, Kellin Quinn",Collide With The Sky,2012-07-01,punk,pop punk,0.965,112.363,0.403,-2.238,0.341,0.431,0.0964,3.81e-05,0.000276,75,236293,1,6,4,2012,7,3,punk_pop punk
23UoI3jlFiWdo5jadUYo69,Bulls In The Bronx,Pierce The Veil,Collide With The Sky,2012-07-01,punk,pop punk,0.925,159.989,0.472,-3.545,0.0826,0.338,0.15,0.000394,0.000528,68,267867,0,6,4,2012,7,3,punk_pop punk
0e3yhVeNaTfKIWQRw9U9sY,Sacrifice,Elton John,Sleeping With The Past (Remastered with bonus tracks),1989-08-01,blues,classic,0.422,112.751,0.756,-12.967,0.0368,0.487,0.0292,0.0165,0.00183,72,304133,0,11,4,1989,8,3,blues_classic
4eHbdreAnSOrDDsFfc4Fpm,I Will Always Love You,Whitney Houston,The Bodyguard - Original Soundtrack Album,1992-11-01,blues,classic,0.214,67.531,0.332,-12.518,0.0839,0.11,0.0349,0.845,5.62e-06,75,271093,1,4,4,1992,11,4,blues_classic
63CHa6rmamv9OsehkRD8oz,Against All Odds (Take a Look at Me Now) - 2016 Remaster,Phil Collins,The Singles (Expanded),2016-10-01,blues,classic,0.498,116.262,0.581,-6.9,0.132,0.111,0.0276,0.198,0.0,74,206360,1,1,4,2016,10,4,blues_classic
3l3xTXsUXeWlkPqzMs7mPD,End Of The Road,Boyz II Men,Cooleyhighharmony (Bonus Tracks Version),1991-04-01,blues,classic,0.428,149.705,0.641,-9.29,0.0579,0.53,0.024,0.0666,0.0,70,351467,0,5,3,1991,4,2,blues_classic
5kK1Iru9ogP3Iy1zsANU1n,The Power of Love,Céline Dion,The Colour Of My Love,1993-11-01,blues,classic,0.519,140.054,0.546,-9.072,0.24,0.247,0.0291,0.36,0.00046,71,342400,1,8,4,1993,11,4,blues_classic
6kvoHl80mfCVTv7XnZkjQn,"It Must Have Been Love - From the Film ""Pretty Woman""",Roxette,It Must Have Been Love,1990-05-01,blues,classic,0.652,80.61,0.52,-6.655,0.256,0.722,0.0274,0.339,6.14e-05,77,258787,1,5,4,1990,5,2,blues_classic
3AoeaZs8dFemFJr3JdzOL0,You Are Not Alone,Michael Jackson,"HIStory - PAST, PRESENT AND FUTURE - BOOK I",1995-06-01,blues,classic,0.402,119.873,0.651,-9.303,0.0765,0.258,0.028,0.639,7.73e-05,68,345600,1,11,4,1995,6,2,blues_classic
6HPLeKiNm92RbykX2BDTUB,Stuck On You,Lionel Richie,Can't Slow Down,1983-01-01,blues,classic,0.317,131.783,0.509,-16.063,0.0878,0.247,0.0305,0.621,5.28e-05,69,192067,1,5,4,1983,1,1,blues_classic
3gsCAGsWr6pUm1Vy7CPPob,Killing Me Softly With His Song,Roberta Flack,Killing Me Softly,1973-01-01,blues,classic,0.381,121.948,0.476,-10.238,0.0614,0.33,0.0342,0.727,0.0,70,286920,0,5,4,1973,1,1,blues_classic
1lx8ddGT5wCD6W2xmLeRKG,Saving All My Love for You,Whitney Houston,Whitney Houston,1985-02-01,blues,classic,0.264,99.304,0.636,-14.567,0.275,0.264,0.0263,0.593,4.22e-05,68,238467,0,6,3,1985,2,1,blues_classic
6FLwmdmW77N1Pxb1aWsZmO,Only Time,Enya,A Day Without Rain,2000-11-01,blues,classic,0.249,82.803,0.418,-13.744,0.112,0.213,0.0301,0.841,0.661,71,218547,1,3,4,2000,11,4,blues_classic
3UhXPxLDFKCj1ZO6mmtV0a,Apologize,OneRepublic,Dreaming Out Loud,2007-11-01,blues,classic,0.74,118.01,0.593,-6.12,0.102,0.501,0.0339,0.364,2.14e-05,69,208107,1,8,4,2007,11,4,blues_classic
2FTZeRHQ4gRPViPMpWL9uX,I'm Alive,Céline Dion,A New Day Has Come,2002-03-01,blues,classic,0.64,101.991,0.691,-5.087,0.2,0.452,0.0384,0.0247,5.24e-06,69,210227,1,8,4,2002,3,1,blues_classic
3YKptz29AsOlm7WAVnztBh,Kiss from a Rose,Seal,Seal,1994-05-01,blues,classic,0.533,131.745,0.584,-7.11,0.306,0.224,0.0305,0.684,0.0,71,288427,0,10,3,1994,5,2,blues_classic
6Hn9Uc1mMNfqChXU3txNke,Mad,Ne-Yo,Year Of The Gentleman (Bonus Track Edition),2008-01-01,blues,classic,0.65,129.993,0.727,-5.357,0.111,0.668,0.0337,0.662,0.0,70,254533,1,0,4,2008,1,1,blues_classic
5EQzuYfTZt7B2LqlvTF49l,It's All Coming Back to Me Now,Céline Dion,Falling into You,1996-03-01,blues,classic,0.438,87.903,0.384,-9.149,0.101,0.287,0.0362,0.753,0.0,72,456867,1,0,4,1996,3,1,blues_classic
28UMiBhn383n9S7GL4tsxD,"Because You Loved Me (Theme from ""Up Close and Personal"")",Céline Dion,Falling into You,1996-03-01,blues,classic,0.467,119.919,0.615,-9.883,0.099,0.177,0.0327,0.314,0.0,74,273667,1,1,4,1996,3,1,blues_classic
3VZmChrnVW8JK6ano4gSED,Sexual Healing,Marvin Gaye,Midnight Love,1982-10-01,blues,classic,0.602,94.382,0.805,-9.7,0.0581,0.744,0.0579,0.119,0.000122,73,238600,0,0,4,1982,10,4,blues_classic
5GorFaKkP2mLREQvhSblIg,All My Life,K-Ci & JoJo,Love Always,1997-01-01,blues,classic,0.512,128.019,0.634,-8.651,0.0588,0.193,0.0285,0.114,3.91e-06,68,331240,1,1,4,1997,1,1,blues_classic
0vg4WnUWvze6pBOJDTq99k,You're Beautiful,James Blunt,Back to Bedlam,2005-08-01,blues,classic,0.479,81.998,0.675,-9.87,0.088,0.454,0.0278,0.633,1.76e-05,75,209493,0,0,4,2005,8,3,blues_classic
7H6ev70Weq6DdpZyyTmUXk,Say My Name,Destiny's Child,The Writing's On The Wall,1999-07-01,blues,classic,0.678,138.009,0.713,-3.525,0.149,0.734,0.102,0.273,0.0,78,271333,0,5,4,1999,7,3,blues_classic
6epn3r7S14KUqlReYr77hA,Baby,"Justin Bieber, Ludacris",My World 2.0,2010-01-01,blues,classic,0.859,65.043,0.728,-5.237,0.111,0.535,0.137,0.0401,0.0,81,214240,0,5,4,2010,1,1,blues_classic
6jG2YzhxptolDzLHTGLt7S,Drunk in Love (feat. Jay-Z),"Beyoncé, JAY-Z",BEYONCÉ [Platinum Edition],2014-11-01,blues,classic,0.621,140.036,0.583,-6.902,0.181,0.399,0.0479,0.00972,0.00106,70,323480,0,5,4,2014,11,4,blues_classic
6cmm1LMvZdB5zsCwX5BjqE,Down,"Jay Sean, Lil Wayne",All Or Nothing,2009-01-01,blues,classic,0.68,132.012,0.727,-4.498,0.0821,0.728,0.0286,0.0101,0.0,77,212507,1,2,4,2009,1,1,blues_classic
15JINEqzVMv3SvJTAXAKED,Love The Way You Lie,"Eminem, Rihanna",Recovery,2010-06-01,blues,classic,0.925,86.989,0.749,-5.034,0.52,0.641,0.227,0.241,0.0,83,263373,1,10,4,2010,6,2,blues_classic
7iu0WYLdo4yksKf3seaxzI,Hate That I Love You,"Rihanna, Ne-Yo",Good Girl Gone Bad: Reloaded,2008-06-01,blues,classic,0.73,93.867,0.637,-5.38,0.0981,0.731,0.0877,0.322,0.0,69,218947,0,5,4,2008,6,2,blues_classic
7bHT9osSq1rwT2yaImzqCi,No Love,"Eminem, Lil Wayne",Recovery,2010-06-01,blues,classic,0.932,129.473,0.522,-2.87,0.177,0.33,0.255,0.119,0.0,68,299507,1,11,4,2010,6,2,blues_classic
5hUYsaOyMY32yjRXeuQwGj,Mirror,"Lil Wayne, Bruno Mars",Tha Carter IV (Complete Edition),2011-08-01,blues,classic,0.622,74.267,0.328,-7.291,0.104,0.401,0.0866,0.858,0.0,74,228093,0,5,4,2011,8,3,blues_classic
2DjWsDGgL1xNbhnr7f6t5F,Baby Can I Hold You,Tracy Chapman,Tracy Chapman,1988-04-01,blues,classic,0.422,74.375,0.692,-10.533,0.0848,0.468,0.0333,0.0811,0.0,72,193120,1,2,4,1988,4,2,blues_classic
3c6afiysmB7OnxQzzSqRfD,So Into You,Tamia,Tamia,1998-01-01,blues,classic,0.479,184.374,0.656,-7.055,0.168,0.708,0.0348,0.0665,0.00272,69,261867,0,7,4,1998,1,1,blues_classic
3UmaczJpikHgJFyBTAJVoz,Stan,"Eminem, Dido",The Marshall Mathers LP,2000-05-01,blues,classic,0.768,80.063,0.78,-4.325,0.518,0.507,0.238,0.0371,2.34e-06,79,404107,0,6,4,2000,5,2,blues_classic
4EI8VuxUuIHKfafU72emqz,We Belong Together,Mariah Carey,The Emancipation of Mimi,2005-01-01,blues,classic,0.476,139.987,0.84,-7.918,0.0865,0.767,0.0629,0.0264,0.0,74,201400,1,0,4,2005,1,1,blues_classic
0vB4Vd6PtkJSEnWsmqATnZ,Nothing's Gonna Change My Love for You,George Benson,20/20,1985-01-01,blues,classic,0.614,136.628,0.553,-5.098,0.0811,0.345,0.0306,0.764,0.0,71,242679,1,1,4,1985,1,1,blues_classic
4iuNZTcvT9diFySSzVsnVS,When I See U,Fantasia,Fantasia,2006-12-01,blues,classic,0.596,93.135,0.569,-6.486,0.205,0.754,0.172,0.452,7.92e-05,69,217347,1,8,4,2006,12,4,blues_classic
1NCuYqMc8hKMb4cpNTcJbD,Another Day in Paradise - 2016 Remaster,Phil Collins,...But Seriously (Deluxe Edition),1989-11-01,blues,classic,0.565,101.967,0.78,-7.32,0.063,0.365,0.0306,0.736,0.00269,77,322133,0,3,4,1989,11,4,blues_classic
3SdTKo2uVsxFblQjpScoHy,Stand By Me,Ben E. King,Don't Play That Song (Mono),1962-08-01,blues,classic,0.306,118.068,0.65,-9.443,0.0707,0.605,0.0393,0.57,7.07e-06,75,180056,1,9,4,1962,8,3,blues_classic
1hGy2eLcmC8eKx7qr1tOqx,Beautiful Girls,Sean Kingston,Beautiful Girls,2007-07-01,blues,classic,0.661,130.009,0.762,-6.075,0.256,0.769,0.0687,0.15,0.0,78,225373,0,1,4,2007,7,3,blues_classic
7e89621JPkKaeDSTQ3avtg,Sweet Home Alabama,Lynyrd Skynyrd,Second Helping (Expanded Edition),1974-04-01,rock,southern,0.606,97.785,0.596,-12.145,0.0863,0.886,0.0255,0.181,0.000327,78,283800,1,7,4,1974,4,2,rock_southern
5EWPGh7jbTNO2wakv8LjUI,Free Bird,Lynyrd Skynyrd,Pronounced' Leh-'Nerd 'Skin-'Nerd,1973-01-01,rock,southern,0.834,118.222,0.249,-8.21,0.0924,0.337,0.0574,0.0742,9.69e-05,75,547107,1,0,4,1973,1,1,rock_southern
1ju7EsSGvRybSNEsRvc7qY,Simple Man,Lynyrd Skynyrd,Pronounced' Leh-'Nerd 'Skin-'Nerd,1973-01-01,rock,southern,0.752,120.47,0.422,-8.682,0.129,0.404,0.0449,0.0366,0.000119,73,356627,1,6,4,1973,1,1,rock_southern
6khKJVbTxzfhbGfHMtyOM8,S P E Y S I D E,Bon Iver,S P E Y S I D E,2024-09-01,folk,indie,0.247,140.232,0.467,-14.161,0.157,0.258,0.0314,0.906,0.0157,72,209078,1,7,4,2024,9,3,folk_indie
13xVnZKZDEGbmXkzBFpJDD,Silver Lining,Mt. Joy,Mt. Joy,2018-03-01,folk,indie,0.638,144.458,0.486,-6.231,0.078,0.178,0.0323,0.000921,0.0,74,199827,1,0,4,2018,3,1,folk_indie
54KFQB6N4pn926IUUYZGzK,To Build A Home,"The Cinematic Orchestra, Patrick Watson",Ma Fleur,2007-05-01,folk,indie,0.122,148.658,0.264,-15.399,0.094,0.0735,0.0349,0.885,0.349,72,371320,1,9,4,2007,5,2,folk_indie
4ZEw5uS9RY6M6lEjsu7w8Q,My Home,Myles Smith,My Home,2023-10-01,folk,indie,0.485,95.968,0.753,-9.431,0.192,0.547,0.035,0.345,0.00104,73,206250,1,11,4,2023,10,4,folk_indie
4wG82w1L31yQhgGiWt6gIb,Stubborn Love,The Lumineers,The Lumineers,2012-04-01,folk,indie,0.561,115.011,0.598,-11.676,0.196,0.231,0.0376,0.611,0.0417,74,279000,1,0,4,2012,4,2,folk_indie
42UaitnwvuKqNcD5Oa2HlD,Thinking 'Bout Love,Wild Rivers,Songs to Break Up To,2020-05-01,folk,indie,0.324,141.8,0.733,-8.122,0.067,0.388,0.033,0.479,0.0,71,199391,1,5,4,2020,5,2,folk_indie
70eyG7pqKozUvKPKXLXmpI,i am not who i was,Chance Peña,"Ever-Shifting, Continual Blossoming",2024-09-01,folk,indie,0.22,129.9,0.702,-13.696,0.0891,0.197,0.0403,0.698,0.0,79,145438,1,0,4,2024,9,3,folk_indie
2kyL1eP0mluFHYlAwKySzj,THINGS BEHIND THINGS BEHIND THINGS,Bon Iver,"SABLE,",2024-10-01,folk,indie,0.467,157.338,0.413,-9.282,0.0711,0.377,0.0292,0.732,0.0111,69,200589,1,9,4,2024,10,4,folk_indie
07UFnnK3uPIuKv5Rs9TmXl,Orange Juice,Noah Kahan,Stick Season,2022-10-01,folk,indie,0.378,120.133,0.662,-10.908,0.121,0.207,0.0361,0.475,6.84e-06,73,297103,1,9,4,2022,10,4,folk_indie
6me7F0aaZjwDo6RJ5MrfBD,Evergreen,Richy Mitch & The Coal Miners,RMCM,2017-05-01,folk,indie,0.216,79.109,0.555,-11.661,0.109,0.504,0.0721,0.557,0.00416,84,87000,1,3,3,2017,5,2,folk_indie
4PwWESSlTwzvw9B7bmtTLS,anything,Adrianne Lenker,songs,2020-10-01,folk,indie,0.291,83.943,0.388,-12.952,0.0874,0.51,0.0421,0.774,1.93e-05,77,202047,1,3,4,2020,10,4,folk_indie
5TgEJ62DOzBpGxZ7WRsrqb,Work Song,Hozier,Hozier (Expanded Edition),2014-09-01,ambient,indie,0.363,121.412,0.531,-7.672,0.112,0.259,0.0608,0.749,0.0,77,229720,1,10,4,2014,9,3,ambient_indie
44A0o4jA8F2ZF03Zacwlwx,Je te laisserai des mots,Patrick Watson,Je te laisserai des mots,2010-09-01,folk,indie,0.187,132.679,0.303,-16.757,0.102,0.212,0.0356,0.989,0.499,83,160853,1,2,4,2010,9,3,folk_indie
3Pbp7cUCx4d3OAkZSCoNvn,Scared To Start,Michael Marcagi,Scared To Start,2024-01-01,folk,indie,0.551,148.035,0.527,-11.258,0.403,0.443,0.0345,0.384,2.75e-06,84,159636,1,7,4,2024,1,1,folk_indie
3Kj2EWpIBnvETsYq4cq0IH,Big Black Car,Gregory Alan Isakov,This Empty Northern Hemisphere,2009-01-01,folk,indie,0.186,110.044,0.6,-15.926,0.104,0.468,0.0317,0.909,0.00102,76,217467,1,3,4,2009,1,1,folk_indie
4Skkx52Dh8yo4G1ijAEGs3,Solo,Myles Smith,Solo,2023-11-01,folk,indie,0.439,122.877,0.586,-7.993,0.117,0.365,0.0346,0.715,0.0,73,199756,1,0,4,2023,11,4,folk_indie
4gdDN4A202OO2u7UDhoMjM,Turn out fine,Henrik,Turn out fine,2023-10-01,folk,indie,0.417,87.003,0.654,-9.226,0.831,0.649,0.0387,0.446,0.0,68,147608,1,11,4,2023,10,4,folk_indie
2tnSBYJyGGYD0Gbn07tTHZ,Good To Be,Mark Ambor,Rockwood,2024-08-01,folk,indie,0.731,94.009,0.656,-5.861,0.397,0.376,0.0278,0.575,0.00111,71,147167,1,4,4,2024,8,3,folk_indie
0jkzxxDG8z3Y5OmfNl1VM0,Homesick,Noah Kahan,Stick Season,2022-10-01,folk,indie,0.624,170.076,0.505,-6.526,0.314,0.413,0.0373,0.0253,1.06e-05,70,194417,1,6,4,2022,10,4,folk_indie
3UN5BBwxoHbwFGxWNvaEj7,The Mountain Is You,Chance Peña,"Ever-Shifting, Continual Blossoming",2024-09-01,folk,indie,0.452,108.953,0.413,-10.232,0.332,0.102,0.0308,0.588,0.0413,69,196211,1,0,4,2024,9,3,folk_indie
2RiBogNRfulkNf7fVbPOrJ,Saturday Sun,Vance Joy,Nation of Two,2018-02-01,folk,indie,0.864,99.995,0.637,-4.381,0.222,0.706,0.0468,0.484,0.0,69,214720,1,8,4,2018,2,1,folk_indie
4Vutl1Y7OJOBwIqVISNmzL,Down by the Water,Ocie Elliott,EP,2018-10-01,folk,indie,0.331,95.015,0.611,-12.493,0.117,0.559,0.028,0.93,0.000276,73,178293,1,4,4,2018,10,4,folk_indie
1y4fbtHSJLqpaQXduQw88e,Walkin’ Back to Georgia,Jim Croce,You Don't Mess Around With Jim,1972-04-01,folk,american,0.312,128.094,0.681,-16.173,0.0935,0.789,0.0452,0.816,0.000619,69,171853,0,6,4,1972,4,2,folk_american
43UV5Uk0ntzH6MP8Rx1RKh,The Devil Wears a Suit and Tie,Colter Wall,Imaginary Appalachia,2015-06-01,folk,american,0.316,127.823,0.625,-12.124,0.194,0.452,0.0815,0.777,0.238,70,236027,0,6,4,2015,6,2,folk_american
26QKxvjlCo2fSd3T4c8Zpb,Heart of Gold,Neil Young,Harvest (50th Anniversary Edition),1972-02-01,folk,american,0.399,171.402,0.537,-13.547,0.109,0.832,0.0269,0.202,0.0546,71,187110,0,4,4,1972,2,1,folk_american
4mQtXW0vrHC3oTkA1mQsb0,Operator (That's Not the Way It Feels),Jim Croce,You Don't Mess Around With Jim,1972-04-01,folk,american,0.533,130.398,0.687,-8.853,0.0844,0.814,0.0314,0.573,6.43e-05,71,229707,1,7,4,1972,4,2,folk_american
54eZmuggBFJbV7k248bTTt,A Horse with No Name,"America, George Martin",America,1972-04-01,folk,american,0.507,123.188,0.653,-17.18,0.155,0.831,0.0534,0.687,0.0147,76,252240,0,11,4,1972,4,2,folk_american
6fhgO6p9DsTyHqPctyzDkV,Sleeping on the Blacktop,Colter Wall,Imaginary Appalachia,2015-06-01,folk,american,0.309,82.789,0.583,-14.509,0.11,0.473,0.045,0.824,0.207,74,192480,0,2,4,2015,6,2,folk_american
3nKQrVVlwbAQSnFbgZWdN0,White Brown Black,"Avvy Sra, Karan Aujla, Jaani",White Brown Black,2022-12-01,indian,bhangra,0.748,119.965,0.868,-3.492,0.252,0.829,0.0951,0.29,3.93e-06,73,176000,0,1,4,2022,12,4,indian_bhangra
58f4twRnbZOOVUhMUpplJ4,Brown Munde,"AP Dhillon, Gminxr, Gurinder Gill, Shinda Kahlon",Brown Munde,2020-09-01,indian,bhangra,0.611,100.024,0.854,-6.26,0.119,0.417,0.0864,0.223,0.0,68,254400,0,8,4,2020,9,3,indian_bhangra
58wyJLv6yH1La9NIZPl3ne,Can We Kiss Forever?,"Kina, Adriana Proenza",Can We Kiss Forever?,2018-08-01,lofi,hip-hop,0.128,109.986,0.522,-18.717,0.0941,0.124,0.0357,0.894,0.026,70,187932,1,4,4,2018,8,3,lofi_hip-hop
4ZLzoOkj0MPWrTLvooIuaa,Get You The Moon (feat. Snøw),"Kina, Snøw",Get You The Moon (feat. Snøw),2018-10-01,lofi,hip-hop,0.235,118.917,0.498,-16.541,0.144,0.0895,0.188,0.72,0.0,73,179080,0,1,4,2018,10,4,lofi_hip-hop
2kbruQXVXFmxxm4l75zuwy,Behind Every Decision,Yehezkel Raz,"Preludes, Book 2 - Torrents",2019-12-01,classical,modern,0.00362,69.677,0.235,-37.822,0.0956,0.0885,0.0441,0.995,0.79,70,105941,0,3,4,2019,12,4,classical_modern
0h3Xy4V4apMraB5NuM8U7Z,Stumblin' In,CYRIL,Stumblin' In,2023-11-01,electronic,tropical,0.518,126.089,0.875,-8.388,0.125,0.37,0.0551,0.0638,0.00995,84,213364,1,2,4,2023,11,4,electronic_tropical
4QfikoJtCEiOj7G5R9m3sP,For Life (feat. Nile Rodgers),"Kygo, Zak Abel, Nile Rodgers",For Life (feat. Nile Rodgers),2024-04-01,electronic,tropical,0.791,122.085,0.571,-5.935,0.0612,0.585,0.0741,0.0494,0.0,70,175803,1,1,4,2024,4,2,electronic_tropical
4SnuG111QPmgwRmlwhJ4Mg,Hold Me,Lavern,Hold Me,2023-03-01,electronic,tropical,0.942,120.0,0.762,-6.432,0.115,0.038,0.038,0.586,0.764,72,140000,0,9,4,2023,3,1,electronic_tropical
6yv0ZjBlZy2oRFq7jAis2C,Riptide,TWOPILOTS,Riptide,2022-04-01,electronic,tropical,0.836,113.998,0.729,-4.312,0.336,0.288,0.0462,0.156,3.27e-05,71,154731,1,8,4,2022,4,2,electronic_tropical
5ZduaRci3iNUiDfJbBfAaf,Give It To Me - Full Vocal Mix,Matt Sassari,Give It To Me (Full Vocal Mix),2021-10-01,electronic,techno,0.869,126.027,0.874,-5.996,0.164,0.726,0.0315,0.00116,0.00238,80,102861,0,1,4,2021,10,4,electronic_techno
39glDGcpBhLVMSsQhvtqHR,I Only Smoke When I Drink,nimino,I Only Smoke When I Drink,2024-08-01,electronic,techno,0.729,127.028,0.88,-6.378,0.185,0.246,0.176,0.334,0.0113,79,198425,0,11,4,2024,8,3,electronic_techno
5OFVzqSeFxGpvDGyHvVeLj,It's Not Right But It's Okay,Mr. Belt & Wezol,It's Not Right But It's Okay,2024-02-01,electronic,techno,0.86,128.004,0.755,-4.811,0.344,0.618,0.0523,0.0144,7.47e-06,77,152305,0,5,4,2024,2,1,electronic_techno
7K1BLb6MpvKuGEPpHw35mO,Never Going Home Tonight (feat. Madison Love),"David Guetta, Alesso, Madison Love",Never Going Home Tonight (feat. Madison Love),2024-09-01,electronic,techno,0.813,125.91,0.513,-2.744,0.258,0.355,0.0335,0.28,0.0,77,164285,1,5,4,2024,9,3,electronic_techno
7fZBQnc0zXwVybgCIrQQil,Belly Dancer,"Imanbek, BYOR",Belly Dancer,2022-02-01,electronic,techno,0.797,121.985,0.845,-4.984,0.167,0.422,0.139,0.0582,5.57e-06,77,151475,1,1,4,2022,2,1,electronic_techno
4zN21mbAuaD0WqtmaTZZeP,Ferrari,"James Hype, Miggy Dela Rosa",Ferrari,2022-04-01,electronic,techno,0.69,125.004,0.847,-7.877,0.0526,0.692,0.0493,0.0127,6e-05,76,186662,0,1,4,2022,4,2,electronic_techno
2USlegnFJLrVLpoVfPimKB,Thunder,"Gabry Ponte, LUM!X, Prezioso",Thunder,2021-05-01,electronic,techno,0.896,101.216,0.67,-4.673,0.344,0.403,0.058,0.0342,3.21e-05,75,160000,1,1,3,2021,5,2,electronic_techno
23RoR84KodL5HWvUTneQ1w,(It Goes Like) Nanana - Edit,Peggy Gou,(It Goes Like) Nanana [Edit],2023-06-01,electronic,techno,0.876,129.998,0.671,-5.681,0.0823,0.964,0.0352,0.12,0.188,75,231545,0,7,4,2023,6,2,electronic_techno
780be5fB7823aHG06mwTat,Baianá,Bakermat,The Ringmaster,2020-10-01,electronic,techno,0.722,121.964,0.587,-6.983,0.543,0.466,0.0709,0.000754,0.668,75,180843,0,2,4,2020,10,4,electronic_techno
5sTLGx6c7YRwnrWm6O091n,Supernova Love,"IVE, David Guetta",Supernova Love,2024-11-01,electronic,techno,0.886,120.032,0.655,-5.227,0.277,0.778,0.0502,0.066,0.0,74,199505,0,10,4,2024,11,4,electronic_techno
3bg2qahpZmsg5wV2EMPXIk,Forever Young,"David Guetta, Alphaville, Ava Max",Forever Young,2024-10-01,electronic,techno,0.655,129.89,0.558,-5.476,0.0854,0.39,0.0379,0.208,0.0,77,156923,1,0,4,2024,10,4,electronic_techno
5KTZgG84bKFGm53lhLtTqc,Mwaki,"Zerb, Sofiya Nzau",SURRENDER,2023-10-01,electronic,techno,0.637,120.033,0.847,-8.751,0.121,0.0509,0.0587,0.201,0.201,74,208135,0,7,4,2023,10,4,electronic_techno
5Jpz4nv8nA6FIYO5gEyQa2,Alibi (feat. Rudimental),"Ella Henderson, Rudimental",Alibi (feat. Rudimental),2024-01-01,electronic,techno,0.793,87.024,0.545,-3.615,0.335,0.411,0.0371,0.191,0.00281,74,184852,0,0,4,2024,1,1,electronic_techno
0GT2hQQ6mdHeW0AZDl5NlJ,Gatluak - Bakermat Remix,"Kronan, Nyaruach, Bakermat",Gatluak (Bakermat Remix),2021-07-01,electronic,techno,0.647,117.737,0.581,-7.335,0.304,0.257,0.0614,0.0778,0.0502,73,139384,0,11,4,2021,7,3,electronic_techno
1RF02Cf80mTaeNXG2P2boR,21 Reasons (feat. Ella Henderson),"Nathan Dawe, Ella Henderson",21 Reasons (feat. Ella Henderson),2022-04-01,electronic,techno,0.785,123.96,0.621,-4.499,0.0512,0.779,0.11,0.0165,5.92e-06,73,155253,1,6,4,2022,4,2,electronic_techno
7r2cCbhAbGUE4Izor1ZnlZ,K.O.,"LAVINIA, Ely Oaks",K.O.,2024-08-01,electronic,techno,0.841,129.973,0.714,-5.942,0.596,0.865,0.0641,0.0622,0.366,72,137223,0,5,4,2024,8,3,electronic_techno
6GomT970rCOkKAyyrwJeZi,Move Your Body,"Öwnboss, Sevek",Move Your Body,2021-10-01,electronic,techno,0.821,125.051,0.848,-5.408,0.0962,0.249,0.0527,0.0169,0.000403,72,157445,0,2,4,2021,10,4,electronic_techno
47KhhDku9RLDsWIJjYaXDs,Around The World,"Niklas Dee, René Miller",Around The World,2024-08-01,electronic,techno,0.855,75.031,0.605,-4.414,0.098,0.302,0.329,0.473,0.000709,72,140987,0,10,4,2024,8,3,electronic_techno
3sa06xVNmLLYIxdNNmVQN8,Where Did You Go? (feat. MNEK),"Jax Jones, MNEK",Where Did You Go (feat. MNEK),2022-02-01,electronic,techno,0.782,127.034,0.763,-4.541,0.293,0.502,0.0346,0.182,7.08e-06,71,177689,0,7,4,2022,2,1,electronic_techno
0ZVjgfaC2Ptrod9v6p9KFP,Good Love,"Hannah Laing, RoRo",Good Love,2023-05-01,electronic,techno,0.821,140.039,0.777,-4.963,0.218,0.439,0.0595,0.14,0.0042,71,169535,1,1,4,2023,5,2,electronic_techno
4HB7ECLzrbgapiZyLlFbxz,Never Walk Alone,"BLOND:ISH, Stevie Appleton",Never Walk Alone,2024-08-01,electronic,techno,0.594,129.995,0.853,-6.823,0.0469,0.83,0.0371,0.052,0.134,71,188360,0,6,4,2024,8,3,electronic_techno
3YgtkOxZsTuaZdL8McA1FQ,adore u,"Fred again.., Obongjayar",adore u,2023-08-01,electronic,techno,0.867,124.015,0.747,-7.311,0.114,0.684,0.088,0.582,0.00413,70,220653,1,0,4,2023,8,3,electronic_techno
4aPX3IT9cskOWmeZvOYc5s,Hold On Me,"Kygo, Sandro Cavazza",Hold On Me,2024-11-01,electronic,techno,0.606,123.006,0.567,-6.543,0.0686,0.314,0.0438,0.0801,0.0,68,171785,0,10,4,2024,11,4,electronic_techno
67eYAnkdTu8BMcIx29z26L,Makeba - Ian Asher Remix,"Jain, Ian Asher",Makeba (Ian Asher Remix),2023-01-01,electronic,techno,0.937,123.993,0.651,-4.078,0.119,0.666,0.0468,0.236,0.0975,69,125179,1,7,4,2023,1,1,electronic_techno
799db91cR00On6N158VLHS,Tantalizing,"Tiësto, Soaky Siren",Tantalizing,2024-11-01,electronic,techno,0.888,123.031,0.671,-4.285,0.0951,0.412,0.0412,0.0022,0.0106,69,146341,0,10,4,2024,11,4,electronic_techno
4arNFfHtD5FPYcpUUiUOM1,World Gone Wild (feat. Sam Martin),"Robin Schulz, CYRIL, Sam Martin",World Gone Wild (feat. Sam Martin),2024-10-01,electronic,techno,0.714,127.993,0.634,-7.529,0.374,0.409,0.104,0.00882,0.0025,69,146523,1,7,4,2024,10,4,electronic_techno
4q05KbxYZ5JdkmrletgPjF,Whistle (feat. Calum Scott),"Jax Jones, Calum Scott",Whistle (feat. Calum Scott),2023-02-01,electronic,techno,0.897,124.025,0.689,-4.487,0.0676,0.582,0.034,0.145,4.6e-06,69,181957,0,10,4,2023,2,1,electronic_techno
5Nwh8kghoqebxmco5ZWbDt,Born To Love Ya,"Gabry Ponte, Sean Paul, NATTI NATASHA",Born To Love Ya,2024-10-01,electronic,techno,0.863,130.02,0.652,-4.853,0.6,0.805,0.0523,0.0921,0.0,69,155077,0,7,4,2024,10,4,electronic_techno
4r6c2ClnuYLwNv4lEM7XlW,Love Is The Only Thing,Lost Frequencies,Love Is The Only Thing,2024-11-01,electronic,techno,0.688,127.938,0.608,-8.597,0.08,0.214,0.0499,0.0554,0.00736,68,171094,0,5,4,2024,11,4,electronic_techno
03xIKiQXopptD4Sv8ijvcG,2 Times,"Dimitri Vegas, Steve Aoki, Ann Lee, Sound Of Legend",2 Times,2024-10-01,electronic,techno,0.951,74.973,0.772,-3.375,0.036,0.4,0.271,0.0634,0.000738,68,152000,0,9,4,2024,10,4,electronic_techno
0sftzYE0YgPHXrvJyUyGjB,Deep In Your Love,"Alok, Bebe Rexha",Deep In Your Love,2024-01-01,electronic,techno,0.88,130.085,0.588,-5.15,0.0667,0.523,0.0354,0.0243,6.89e-05,68,144649,1,7,4,2024,1,1,electronic_techno
1TcF5F10EN17vraisG1gQv,Happier (feat. Clementine Douglas),"The Blessed Madonna, Clementine Douglas",Happier (feat. Clementine Douglas),2024-02-01,electronic,techno,0.831,126.056,0.785,-3.681,0.086,0.673,0.0444,0.0038,0.0105,68,170359,1,0,4,2024,2,1,electronic_techno
1NpIUD4KqHaMT91kw0YV40,Honey Boy (feat. Nile Rodgers & Shenseea),"Purple Disco Machine, Benjamin Ingrosso, Nile Rodgers, Shenseea",Honey Boy (feat. Nile Rodgers & Shenseea),2024-05-01,electronic,techno,0.8,119.984,0.724,-5.468,0.0823,0.925,0.0541,0.0103,9.38e-05,68,227283,0,5,4,2024,5,2,electronic_techno
3MEYFivt6bilQ9q9mFWZ4g,Alone,Marshmello,Alone,2016-05-01,electronic,future bass,0.953,141.99,0.631,-3.739,0.108,0.422,0.0343,0.0241,0.0155,68,273803,1,2,4,2016,5,2,electronic_future bass
5hrxAFrYbNTLjAYSrmbpgr,El Listón De Tu Pelo,Los Ángeles Azules,Una Lluvia De Rosas,1999-01-01,latin,cumbia,0.432,81.109,0.695,-8.195,0.296,0.765,0.0479,0.312,0.0,71,216107,0,11,4,1999,1,1,latin_cumbia
1Y372uxsCkKqNclj2ercap,17 Años,Los Ángeles Azules,Una Lluvia De Rosas,1999-01-01,latin,cumbia,0.483,90.941,0.738,-9.097,0.086,0.774,0.0526,0.467,0.0,68,181307,1,0,4,1999,1,1,latin_cumbia
1xKP7GVLY33i5jmx1bB1Kk,Piensa En Mí,Grupo Mojado,Sueño Y Realidad,1996-01-01,latin,cumbia,0.538,80.096,0.72,-8.874,0.0654,0.805,0.0455,0.348,0.0,73,177040,1,10,4,1996,1,1,latin_cumbia
0JGTfiC4Z41GEEpMYLbWwO,Gata Only (Remix),"FloyyMenor, Ozuna, Anitta",Gata Only (Remix),2024-06-01,latin,reggaeton,0.681,99.998,0.725,-5.277,0.107,0.762,0.0376,0.318,0.0,73,230526,0,8,4,2024,6,2,latin_reggaeton
42wdz3j7gstgUuhoFLCXqd,PELIGROSA,FloyyMenor,EL COMIENZO,2024-08-01,latin,reggaeton,0.519,100.025,0.763,-7.426,0.0816,0.804,0.0636,0.22,6.42e-06,83,134930,0,6,4,2024,8,3,latin_reggaeton
0LZy30mVmxqUpdQmaXKXBd,ADIVINO,"Myke Towers, Bad Bunny",ADIVINO,2024-04-01,latin,reggaeton,0.854,117.994,0.786,-2.4,0.106,0.522,0.0741,0.169,2.39e-05,77,278644,0,10,4,2024,4,2,latin_reggaeton
0QRHOAeU8JRaVVn3UoZBih,REINA,"Mora, SAIKO",ESTRELLA,2023-08-01,latin,reggaeton,0.578,167.985,0.724,-7.117,0.0943,0.757,0.0819,0.632,1.06e-06,71,211879,1,10,4,2023,8,3,latin_reggaeton
4qSEvFGCpde73gqIuq3sho,HIBIKI,"Bad Bunny, Mora",nadie sabe lo que va a pasar mañana,2023-10-01,latin,reggaeton,0.645,119.935,0.801,-5.605,0.118,0.528,0.0706,0.604,0.0,70,208000,0,6,4,2023,10,4,latin_reggaeton
4MjDJD8cW7iVeWInc2Bdyj,MONACO,Bad Bunny,nadie sabe lo que va a pasar mañana,2023-10-01,latin,reggaeton,0.621,139.056,0.787,-5.009,0.58,0.13,0.068,0.15,0.000402,77,267194,0,4,4,2023,10,4,latin_reggaeton
3nNmRE0DxHC6ZaKkrpUumS,FINA,"Bad Bunny, Young Miko",nadie sabe lo que va a pasar mañana,2023-10-01,latin,reggaeton,0.724,94.601,0.847,-5.41,0.118,0.396,0.298,0.0869,1.11e-06,73,216328,1,1,4,2023,10,4,latin_reggaeton
2kz1YOhJiNubjigR1gB1VX,DILUVIO,Rauw Alejandro,PLAYA SATURNO,2023-07-01,latin,reggaeton,0.795,94.969,0.845,-3.502,0.224,0.681,0.0681,0.343,1.78e-05,81,197053,0,9,4,2023,7,3,latin_reggaeton
5RqSsdzTNPX1uzkmlHCFvK,QLONA,"KAROL G, Peso Pluma",MAÑANA SERÁ BONITO (BICHOTA SEASON),2023-08-01,latin,reggaeton,0.738,169.918,0.841,-7.455,0.0892,0.484,0.307,0.52,0.0,83,172798,0,7,4,2023,8,3,latin_reggaeton
7ro0hRteUMfnOioTFI5TG1,WHERE SHE GOES,Bad Bunny,WHERE SHE GOES,2023-05-01,latin,reggaeton,0.8,143.978,0.652,-4.019,0.112,0.234,0.0614,0.143,0.629,74,231704,0,9,4,2023,5,2,latin_reggaeton
0PB0O24JqAuNdOAFVJljMS,Coco Chanel,"Eladio Carrion, Bad Bunny",3MEN2 KBRN,2023-03-01,latin,reggaeton,0.706,140.017,0.863,-5.555,0.0786,0.686,0.103,0.143,4.43e-05,73,208125,0,3,4,2023,3,1,latin_reggaeton
5MxFWjuqQIsbNWbMdMdbli,La Jumpa,"Arcángel, Bad Bunny",La Jumpa,2022-11-01,latin,reggaeton,0.703,123.06,0.713,-5.769,0.321,0.576,0.194,0.298,0.0,69,255693,1,8,4,2022,11,4,latin_reggaeton
6Sq7ltF9Qa7SNFBsV5Cogx,Me Porto Bonito,"Bad Bunny, Chencho Corleone",Un Verano Sin Ti,2022-05-01,latin,reggaeton,0.712,92.005,0.911,-5.105,0.0933,0.425,0.0817,0.0901,2.68e-05,81,178567,0,1,4,2022,5,2,latin_reggaeton
5Eax0qFko2dh7Rl2lYs3bx,Efecto,Bad Bunny,Un Verano Sin Ti,2022-05-01,latin,reggaeton,0.475,98.047,0.801,-8.797,0.0639,0.234,0.0516,0.141,1.73e-05,79,213061,0,7,4,2022,5,2,latin_reggaeton
1IHWl5LamUGEuP4ozKQSXZ,Tití Me Preguntó,Bad Bunny,Un Verano Sin Ti,2022-05-01,latin,reggaeton,0.715,106.672,0.65,-5.198,0.126,0.187,0.253,0.0993,0.000291,79,243717,0,5,4,2022,5,2,latin_reggaeton
41oY4WCTj5kccfesTVFnvN,Tarot,"Bad Bunny, JHAYCO",Un Verano Sin Ti,2022-05-01,latin,reggaeton,0.684,114.011,0.795,-3.971,0.658,0.419,0.0419,0.0225,0.0,76,237895,0,11,4,2022,5,2,latin_reggaeton
1797zYiX4cKosMH836X9Gt,La Corriente,"Bad Bunny, Tony Dize",Un Verano Sin Ti,2022-05-01,latin,reggaeton,0.786,196.12,0.663,-3.51,0.219,0.579,0.195,0.229,0.0,73,198367,0,11,4,2022,5,2,latin_reggaeton
2hLXUbsOU9cDb9RFva9FYr,MEMORIAS,"Mora, JHAYCO",MICRODOSIS,2022-04-01,latin,reggaeton,0.707,127.963,0.771,-6.404,0.0745,0.317,0.055,0.389,0.0,73,228750,0,2,4,2022,4,2,latin_reggaeton
5YJ4BVvTFmVCxUyhKejHfR,Pa' Que Retozen,Tego Calderón,El Abayarde,2003-07-01,latin,reggaeton,0.856,91.995,0.815,-3.825,0.244,0.872,0.122,0.4,8.34e-05,78,151667,0,1,4,2003,7,3,latin_reggaeton
2vmfvSoZBFAt9hhRoEByLi,Volví,"Aventura, Bad Bunny",Volví,2021-08-01,latin,reggaeton,0.86,175.896,0.725,-3.726,0.0674,0.791,0.182,0.422,0.000284,74,230125,1,1,4,2021,8,3,latin_reggaeton
0G2zPzWqVjR68iNPmx2TBe,Volando - Remix,"Mora, Bad Bunny, Sech",Volando (Remix),2021-07-01,latin,reggaeton,0.688,153.979,0.659,-4.649,0.113,0.632,0.0673,0.207,0.0,73,273474,1,6,4,2021,7,3,latin_reggaeton
2JPLbjOn0wPCngEot2STUS,Yonaguni,Bad Bunny,Yonaguni,2021-06-01,latin,reggaeton,0.648,179.951,0.644,-4.601,0.135,0.44,0.118,0.276,0.0,75,206710,1,1,4,2021,6,2,latin_reggaeton
5RubKOuDoPn5Kj5TLVxSxY,TE MUDASTE,Bad Bunny,EL ÚLTIMO TOUR DEL MUNDO,2020-11-01,latin,reggaeton,0.637,92.025,0.811,-4.835,0.118,0.471,0.0591,0.234,0.000572,72,130014,0,10,4,2020,11,4,latin_reggaeton
2XIc1pqjXV3Cr2BQUGNBck,LA NOCHE DE ANOCHE,"Bad Bunny, ROSALÍA",EL ÚLTIMO TOUR DEL MUNDO,2020-11-01,latin,reggaeton,0.618,81.993,0.856,-4.892,0.0866,0.391,0.286,0.0303,0.0,74,203201,1,7,4,2020,11,4,latin_reggaeton
7BlBVFwvbWvcwNcUarQmjk,"Yo x Ti, Tu x Mi","ROSALÍA, Ozuna","Yo x Ti, Tu x Mi",2019-08-01,latin,reggaeton,0.759,91.952,0.78,-3.292,0.143,0.579,0.225,0.462,0.000868,69,201040,1,1,4,2019,8,3,latin_reggaeton
4MzXwWMhyBbmu6hOcLVD49,DÁKITI,"Bad Bunny, JHAYCO",EL ÚLTIMO TOUR DEL MUNDO,2020-11-01,latin,reggaeton,0.573,109.928,0.731,-10.059,0.113,0.145,0.0544,0.401,5.22e-05,75,205090,0,4,4,2020,11,4,latin_reggaeton
06s3QtMJVXw1AJX3UfvZG1,Hasta Que Dios Diga,"Anuel AA, Bad Bunny",Emmanuel,2020-05-01,latin,reggaeton,0.765,174.021,0.691,-4.727,0.203,0.855,0.111,0.464,3.29e-06,74,246000,1,8,4,2020,5,2,latin_reggaeton
2DEZmgHKAvm41k4J3R2E9Y,Safaera,"Bad Bunny, Jowell & Randy, Ñengo Flow",YHLQMDLG,2020-02-01,latin,reggaeton,0.829,96.172,0.607,-4.074,0.107,0.685,0.379,0.0103,0.0,72,295177,1,2,4,2020,2,1,latin_reggaeton
6NfrH0ANGmgBXyxgV2PeXt,La Difícil,Bad Bunny,YHLQMDLG,2020-02-01,latin,reggaeton,0.848,179.87,0.685,-4.561,0.0783,0.761,0.0858,0.0861,7.14e-06,70,163084,0,8,4,2020,2,1,latin_reggaeton
4r9jkMEnArtWGH2rL2FZl0,A Tu Merced,Bad Bunny,YHLQMDLG,2020-02-01,latin,reggaeton,0.791,92.023,0.86,-4.784,0.106,0.887,0.0568,0.169,0.000106,73,175918,1,0,4,2020,2,1,latin_reggaeton
41wtwzCZkXwpnakmwJ239F,Si Veo a Tu Mamá,Bad Bunny,YHLQMDLG,2020-02-01,latin,reggaeton,0.603,129.928,0.9,-5.313,0.134,0.824,0.0646,0.402,4.81e-06,74,170972,1,2,4,2020,2,1,latin_reggaeton
5kqNIqFjijuzvVLhuY9B8j,La Zona,Bad Bunny,YHLQMDLG,2020-02-01,latin,reggaeton,0.801,93.992,0.762,-3.661,0.254,0.81,0.0409,0.2,7.04e-05,68,136893,0,1,4,2020,2,1,latin_reggaeton
0SqqAgdovOE24BzxIClpjw,Yo Perreo Sola,Bad Bunny,YHLQMDLG,2020-02-01,latin,reggaeton,0.758,97.014,0.86,-5.16,0.344,0.453,0.0695,0.021,6.54e-05,69,172127,1,11,4,2020,2,1,latin_reggaeton
6mAN61JH0dzyZpWslS11jy,Fantasias,"Rauw Alejandro, Farruko",Fantasias,2019-08-01,latin,reggaeton,0.703,94.004,0.879,-4.219,0.0569,0.788,0.0701,0.143,0.0,71,199711,1,1,4,2019,8,3,latin_reggaeton
7q3NthaBqFI6s0WnAlnIvq,Velitas,"Darell, Brytiago",Velitas,2019-07-01,latin,reggaeton,0.596,165.951,0.819,-7.009,0.138,0.622,0.318,0.225,1.19e-06,70,225542,1,2,4,2019,7,3,latin_reggaeton
0fea68AdmYNygeTGI4RC18,LA CANCIÓN,"J Balvin, Bad Bunny",OASIS,2019-06-01,latin,reggaeton,0.646,176.088,0.756,-5.795,0.108,0.429,0.319,0.152,1.81e-05,82,242573,1,7,4,2019,6,2,latin_reggaeton
25ZAibhr3bdlMCLmubZDVt,QUE PRETENDES,"J Balvin, Bad Bunny",OASIS,2019-06-01,latin,reggaeton,0.791,92.603,0.639,-4.443,0.362,0.933,0.254,0.0275,0.0,75,222347,0,10,4,2019,6,2,latin_reggaeton
2TH65lNHgvLxCKXM3apjxI,Callaita,"Bad Bunny, Tainy",Callaita,2019-05-01,latin,reggaeton,0.624,176.169,0.61,-4.773,0.243,0.244,0.309,0.6,2.12e-06,72,250534,1,2,4,2019,5,2,latin_reggaeton
2qG5sZ7Si6sdK74qLxedYM,Con Altura,"ROSALÍA, J Balvin, El Guincho",Con Altura,2019-03-01,latin,reggaeton,0.689,97.963,0.882,-4.027,0.0501,0.746,0.124,0.39,0.00325,69,161627,1,6,4,2019,3,1,latin_reggaeton
4lzxJ4jCuFDXXGkE1LmpKR,Verte Ir,"DJ Luian, Mambo Kingz, Anuel AA, Nicky Jam, Darell, Brytiago",Verte Ir,2019-03-01,latin,reggaeton,0.647,95.982,0.857,-4.152,0.0842,0.553,0.0984,0.391,1.2e-06,69,267500,0,11,4,2019,3,1,latin_reggaeton
2AY1UAimvTqjJC8vDJsOyy,Mayores,"Becky G, Bad Bunny",MALA SANTA,2019-10-01,latin,reggaeton,0.836,96.993,0.746,-4.336,0.116,0.874,0.0445,0.145,0.00291,70,203187,0,5,4,2019,10,4,latin_reggaeton
5jzEwSyyymBlf1fa1o39T2,512,"Mora, JHAYCO",Primer Dia de Clases,2021-02-01,latin,reggaeton,0.673,87.961,0.818,-7.542,0.172,0.695,0.148,0.348,0.0,74,193636,0,4,4,2021,2,1,latin_reggaeton
6Ges5C2IE738iJh4HyQizQ,Ay Vamos,J Balvin,La Familia B Sides,2014-09-01,latin,reggaeton,0.711,173.916,0.718,-5.746,0.1,0.92,0.11,0.157,5.52e-05,72,226413,0,8,4,2014,9,3,latin_reggaeton
6DUdDIRgLqCGq1DwkNWQTN,Borro Cassette,Maluma,"Pretty Boy, Dirty Boy",2015-10-01,latin,reggaeton,0.701,175.95,0.73,-5.885,0.151,0.785,0.106,0.132,0.0,82,207307,0,5,4,2015,10,4,latin_reggaeton
3uvypVUsiIr1B0BccIcsEh,6 AM,"J Balvin, Farruko",La Familia,2013-09-01,latin,reggaeton,0.746,175.965,0.746,-5.046,0.274,0.733,0.102,0.152,0.0,69,243227,0,5,4,2013,9,3,latin_reggaeton
5hcisvFMidkMJlElTO9Qmw,Sensualidad,"Bad Bunny, Prince Royce, J Balvin, Mambo Kingz, DJ Luian",Sensualidad,2017-11-01,latin,reggaeton,0.681,140.006,0.807,-6.268,0.0962,0.676,0.0983,0.423,0.0,69,297485,1,11,4,2017,11,4,latin_reggaeton
0GmiGIxXDNrePrHBpijYDp,Sigue Bailandome,"Yannc, Darkiel, Eladio Carrion, Brray, Myke Towers",Sigue Bailandome,2018-10-01,latin,reggaeton,0.69,106.034,0.799,-7.252,0.143,0.682,0.1,0.282,0.001,70,352442,1,7,4,2018,10,4,latin_reggaeton
5qFeMRz4TvetPmzjre9Dq7,No Es Justo,"J Balvin, Zion & Lennox",Vibras,2018-05-01,latin,reggaeton,0.812,87.864,0.683,-4.493,0.0872,0.724,0.0711,0.161,0.000404,69,250840,1,7,4,2018,5,2,latin_reggaeton
5J7teKIJGtqVypgYI6sqXj,Una Vez,"Bad Bunny, Mora",YHLQMDLG,2020-02-01,latin,reggaeton,0.598,83.836,0.55,-5.402,0.0955,0.543,0.0831,0.132,2.58e-06,74,232496,0,11,4,2020,2,1,latin_reggaeton
5y7DaS3jAc9eZzcSOoUIwU,Una Locura,"Ozuna, J Balvin, Chencho Corleone",ENOC,2020-09-01,latin,reggaeton,0.761,168.022,0.714,-4.596,0.241,0.906,0.0427,0.139,0.00035,69,230693,0,5,4,2020,9,3,latin_reggaeton
1xK1Gg9SxG8fy2Ya373oqb,Bandido,"Myke Towers, Juhn",Bandido,2020-12-01,latin,reggaeton,0.617,168.021,0.713,-4.637,0.0962,0.682,0.0887,0.122,0.0,70,232853,1,8,4,2020,12,4,latin_reggaeton
7hynhxDoDpgMIV12JuVtNa,UN PESO,"J Balvin, Bad Bunny, Marciano Cantero",OASIS,2019-06-01,latin,reggaeton,0.675,79.31,0.627,-7.125,0.0784,0.961,0.212,0.125,0.0,75,277107,0,5,4,2019,6,2,latin_reggaeton
2FSGUA0gFgGeQdprjtGM2M,EL MAKINON,"KAROL G, Mariah Angeliq",KG0516,2021-03-01,latin,reggaeton,0.706,88.863,0.635,-3.224,0.108,0.443,0.125,0.256,0.0,70,209160,0,5,4,2021,3,1,latin_reggaeton
5fwSHlTEWpluwOM0Sxnh5k,Pepas,Farruko,Pepas,2021-06-01,latin,reggaeton,0.766,130.001,0.762,-3.955,0.128,0.442,0.0343,0.00776,6.98e-05,76,287120,1,7,4,2021,6,2,latin_reggaeton
2KcNrONbZ0hvBPjvrDO2tx,ALMAS GEMELAS,Myke Towers,ALMAS GEMELAS,2021-07-01,latin,reggaeton,0.745,94.979,0.793,-4.579,0.293,0.716,0.0571,0.182,0.000189,69,235411,1,7,4,2021,7,3,latin_reggaeton
4j4w4CXm6BSr0s25wAWrrX,Bichiyal,"Bad Bunny, Yaviah",YHLQMDLG,2020-02-01,latin,reggaeton,0.766,93.956,0.737,-4.242,0.114,0.662,0.0458,0.31,6.63e-06,70,196500,0,10,4,2020,2,1,latin_reggaeton
4gzsuuZypVbxs0Af1LSZyB,Lo Siento BB:/ (with Bad Bunny & Julieta Venegas),"Tainy, Bad Bunny, Julieta Venegas",Lo Siento BB:/ (with Bad Bunny & Julieta Venegas),2021-10-01,latin,reggaeton,0.703,169.888,0.639,-6.33,0.0865,0.138,0.0794,0.0889,1.78e-06,70,207301,0,4,4,2021,10,4,latin_reggaeton
1ri9ZUkBJVFUdgwzCnfcYs,MAMIII,"Becky G, KAROL G",MAMIII,2022-02-01,latin,reggaeton,0.7,93.991,0.843,-3.563,0.14,0.899,0.0803,0.0934,0.0,69,226088,0,4,4,2022,2,1,latin_reggaeton
6ZOcbKub95XSDESsKKuH41,Desesperados,"Rauw Alejandro, Chencho Corleone",Desesperados,2021-12-01,latin,reggaeton,0.694,90.02,0.869,-3.35,0.0878,0.511,0.0783,0.356,0.00125,68,224997,0,1,4,2021,12,4,latin_reggaeton
2rurDawMfoKP4uHyb2kJBt,Te Felicito,"Shakira, Rauw Alejandro",Te Felicito,2022-04-01,latin,reggaeton,0.636,174.14,0.695,-4.654,0.081,0.575,0.317,0.234,0.0,70,172235,1,5,4,2022,4,2,latin_reggaeton
1dm6z1fWB0cErMszU25dy2,Después de la Playa,Bad Bunny,Un Verano Sin Ti,2022-05-01,latin,reggaeton,0.903,78.293,0.564,-3.221,0.175,0.607,0.307,0.356,0.0,71,230400,1,5,4,2022,5,2,latin_reggaeton
6Xom58OOXk2SoU711L2IXO,Moscow Mule,Bad Bunny,Un Verano Sin Ti,2022-05-01,latin,reggaeton,0.674,99.968,0.804,-5.453,0.115,0.292,0.0333,0.294,1.18e-06,79,245940,0,5,4,2022,5,2,latin_reggaeton
0wihfILRNOwE2156Shezc8,Agosto,Bad Bunny,Un Verano Sin Ti,2022-05-01,latin,reggaeton,0.584,115.018,0.849,-8.195,0.492,0.724,0.115,0.0929,6.18e-06,71,139041,0,1,4,2022,5,2,latin_reggaeton
17I27VXKtqXJHL6ReaG0eS,Hola - Remix,"Dalex, Lenny Tavárez, Chencho Corleone, Juhn, Dímelo Flow",Yo Te Quiero Pa Mi,2022-02-01,latin,reggaeton,0.673,181.891,0.655,-5.98,0.0753,0.342,0.308,0.473,0.0,70,249520,0,0,4,2022,2,1,latin_reggaeton
1ga4PztXOIw1yBbdUt2X8v,GATÚBELA,"KAROL G, Maldy",GATÚBELA,2022-08-01,latin,reggaeton,0.858,92.523,0.627,-2.824,0.21,0.342,0.386,0.263,0.0,68,209160,0,11,4,2022,8,3,latin_reggaeton
7k3qWn8D43a5ISa3x8lJux,¿Qué Nos Pasó?,Anuel AA,¿Qué Nos Pasó?,2022-05-01,latin,reggaeton,0.694,95.0,0.703,-4.808,0.12,0.298,0.0607,0.436,5.8e-06,71,245739,0,3,4,2022,5,2,latin_reggaeton
1lV3QHHMAQt0Kc1ioZq2MP,Sexo Virtual,Rauw Alejandro,VICE VERSA,2021-12-01,latin,reggaeton,0.739,179.879,0.704,-3.286,0.0856,0.425,0.112,0.328,1.93e-05,70,208292,1,8,4,2021,12,4,latin_reggaeton
2BEcap3xJtmiPaHKyfQi4e,Nostálgico,"Rvssian, Rauw Alejandro, Chris Brown",Nostálgico,2021-09-01,latin,reggaeton,0.846,98.026,0.734,-3.425,0.235,0.604,0.0489,0.166,1.74e-06,70,209884,0,9,4,2021,9,3,latin_reggaeton
2UW7JaomAMuX9pZrjVpHAU,La Bebe - Remix,"Yng Lvcas, Peso Pluma",La Bebe (Remix),2023-03-01,latin,reggaeton,0.479,169.922,0.812,-5.678,0.0756,0.559,0.333,0.213,1.21e-06,79,234353,0,2,4,2023,3,1,latin_reggaeton
2hn2zOA2XFlv6DSmesylrL,QUEMA,"Ryan Castro, Peso Pluma, SOG",QUEMA,2023-07-01,latin,reggaeton,0.892,97.008,0.791,-2.58,0.0609,0.916,0.0521,0.0509,0.000355,74,150619,1,0,4,2023,7,3,latin_reggaeton
7ABLbnD53cQK00mhcaOUVG,LALA,Myke Towers,LA VIDA ES UNA,2023-03-01,latin,reggaeton,0.737,91.986,0.708,-4.045,0.0955,0.607,0.0436,0.0739,0.00162,82,197920,1,1,4,2023,3,1,latin_reggaeton
3cDyocF0Ibdfs1SFQk5cLZ,Lollipop,Darell,EVERYBODY GO TO THE DISCOTEK,2023-07-01,latin,reggaeton,0.711,102.984,0.822,-4.943,0.083,0.934,0.0668,0.179,1.46e-05,71,199947,1,6,4,2023,7,3,latin_reggaeton
3j5zNcb0aSk7dx3W3mAKzw,Pa Ti Estoy,"Ozuna, Anuel AA, Chris Jedi",Cosmo,2023-11-01,latin,reggaeton,0.812,162.087,0.785,-3.174,0.107,0.903,0.0644,0.147,0.0,72,206103,1,3,4,2023,11,4,latin_reggaeton
6k5wiT5l9DK8iZmhvEvoqo,Corazón Roto - Remix,"Brray, JHAYCO, Ryan Castro",Corazón Roto (Remix),2023-04-01,latin,reggaeton,0.794,92.998,0.843,-4.686,0.25,0.796,0.0426,0.226,1.22e-06,69,275040,0,1,4,2023,4,2,latin_reggaeton
74j34STf8L6uADnTN69ohv,El Efecto - Remix,"Rauw Alejandro, Chencho Corleone, KEVVO, Bryant Myers, Lyanno, Dalex",El Efecto (Remix),2019-12-01,latin,reggaeton,0.769,167.969,0.771,-3.504,0.345,0.931,0.0694,0.18,1.57e-05,68,289899,0,0,4,2019,12,4,latin_reggaeton
05WVKTdZhlIMX4qqMLuo0f,BELLAKEO,"Peso Pluma, Anitta",BELLAKEO,2023-12-01,latin,reggaeton,0.88,180.011,0.72,-2.834,0.153,0.463,0.101,0.0562,0.06,75,197333,1,9,4,2023,12,4,latin_reggaeton
6K5BsR04ijf3FHNzjbaagD,Si Se Da - Remix,"Myke Towers, Farruko, Arcángel, Sech, Zion",Si Se da Remix,2019-08-01,latin,reggaeton,0.672,93.999,0.817,-5.612,0.13,0.774,0.299,0.441,0.0,72,332240,0,11,4,2019,8,3,latin_reggaeton
7DOh0tBGnyMt6C5OO7o8Yq,Nada,"Cazzu, Lyanno, Rauw Alejandro, Dalex",Error 93,2019-06-01,latin,reggaeton,0.543,98.992,0.898,-8.317,0.338,0.359,0.121,0.343,0.000623,71,305114,0,6,4,2019,6,2,latin_reggaeton
5bi0gh89wRuH2OgjdAKFsb,Santa,"Rvssian, Rauw Alejandro, Ayra Starr",Santa,2024-04-01,latin,reggaeton,0.709,99.993,0.725,-5.017,0.114,0.648,0.129,0.321,0.000189,79,193039,0,3,4,2024,4,2,latin_reggaeton
1S3SAFqLBWk3HaR5UyXp43,Guay,"Ozuna, Bad Gyal",Guay,2024-04-01,latin,reggaeton,0.766,96.037,0.88,-2.906,0.382,0.594,0.0505,0.0881,1.79e-05,69,210788,0,1,4,2024,4,2,latin_reggaeton
4PEfJZpVjdclfzZ9XO8uDw,HASTA ABAJO,"KEVIN ROLDAN, Bryant Myers, Lyanno",KrING,2019-10-01,latin,reggaeton,0.671,169.727,0.714,-5.119,0.325,0.641,0.362,0.292,0.0,69,229827,1,5,4,2019,10,4,latin_reggaeton
43PiEypaceH339CSNiggyj,BBY BOO - REMIX,"iZaak, JHAYCO, Anuel AA",BBY BOO (REMIX),2024-03-01,latin,reggaeton,0.617,173.97,0.703,-5.696,0.433,0.486,0.151,0.215,6.11e-06,75,275862,1,5,4,2024,3,1,latin_reggaeton
5Uptvz6j1sjDKxidAcnH2L,SI NO ES CONTIGO,Cris Mj,SI NO ES CONTIGO,2024-05-01,latin,reggaeton,0.626,100.02,0.763,-5.637,0.205,0.78,0.0433,0.0859,0.225,85,156171,0,5,4,2024,5,2,latin_reggaeton
6XjDF6nds4DE2BBbagZol6,Gata Only,"FloyyMenor, Cris Mj",Gata Only,2024-02-01,latin,reggaeton,0.499,99.986,0.791,-8.472,0.0899,0.669,0.0509,0.446,2.41e-05,87,222000,0,8,4,2024,2,1,latin_reggaeton
2TJKY0WSFufZOzbRNgl6zE,ELOVRGA,"Alex Favela, Grupo Marca Registrada, Joaquin Medina",ELOVRGA,2023-08-01,latin,reggaeton,0.476,129.992,0.793,-10.515,0.115,0.578,0.0406,0.132,0.0,75,194769,0,5,4,2023,8,3,latin_reggaeton
34ZngZgo8xicbt1EE8Ob8Z,Porno,"Rich Music LTD, Sech, Dalex, Justin Quiles, Lenny Tavárez, Feid",The Academy,2019-10-01,latin,reggaeton,0.71,92.009,0.535,-2.978,0.141,0.523,0.324,0.428,0.0,70,212653,0,1,4,2019,10,4,latin_reggaeton
22jhscHs2DoVqKG5vKJytQ,Que Se Cuide,"Luis R Conriquez, Joel De La P, Chimbala",Que Se Cuide,2024-05-01,latin,reggaeton,0.779,128.028,0.937,-3.539,0.0408,0.95,0.329,0.22,6.85e-05,71,155625,0,4,4,2024,5,2,latin_reggaeton
1cZHUhGz7xJ8c4szDipipd,Mejores Jordans,"Victor Mendivil, Oscar Maydon",Mejores Jordans,2024-07-01,latin,reggaeton,0.583,115.221,0.669,-8.949,0.1,0.271,0.269,0.603,2.54e-06,83,234716,1,1,4,2024,7,3,latin_reggaeton
0ZS96pPRLyGUViVi5PWCAR,APAGA EL CEL,"FloyyMenor, Lewis Somes",EL COMIENZO,2024-08-01,latin,reggaeton,0.496,100.025,0.696,-7.532,0.0626,0.476,0.0365,0.273,0.000397,76,184806,0,9,4,2024,8,3,latin_reggaeton
7bywjHOc0wSjGGbj04XbVi,LUNA,"Feid, ATL Jacob",FERXXOCALIPSIS,2023-12-01,latin,reggaeton,0.86,100.019,0.774,-2.888,0.116,0.446,0.13,0.131,0.0,88,196800,0,7,4,2023,12,4,latin_reggaeton
27bcRgu0wnDteieWlLCxc8,TU TA RICA,"FloyyMenor, Lewis Somes",EL COMIENZO,2024-08-01,latin,reggaeton,0.507,99.994,0.755,-6.76,0.18,0.606,0.0684,0.293,1.82e-05,76,124806,0,3,4,2024,8,3,latin_reggaeton
3Hb9kUdm4yf839Fle4RIdT,Parado no Bailão,"MC L da Vinte, MC Gury",Parado no Bailão,2018-07-01,brazilian,funk,0.599,86.533,0.828,-1.624,0.0775,0.478,0.149,0.381,0.0,73,171692,1,11,5,2018,7,3,brazilian_funk
7snnTlaWaN39nfN1PhUaT8,Se Voce Nao Quer Passa a Vez,"Mc Delux, DJ Guih Da ZO",Se Voce Nao Quer Passa a Vez,2022-03-01,brazilian,funk,0.827,129.949,0.956,1.295,0.423,0.614,0.222,0.136,0.000259,70,133846,1,9,4,2022,3,1,brazilian_funk
6yVjjQA31SLM1kc4j5jPwF,BRAZILIAN DANÇA PHONK,"6YNTHMANE, RXDXVIL",BRAZILIAN DANÇA PHONK,2023-05-01,brazilian,funk,0.99,126.015,0.748,-2.39,0.267,0.386,0.151,0.303,0.132,72,118194,1,1,4,2023,5,2,brazilian_funk
64CovjRwInpOJW4PiGMprY,Faz um Vuk Vuk (Teto Espelhado),"MC Kevin o Chris, Dj Nk Da Serra, Mc Magrinho",Faz um Vuk Vuk (Teto Espelhado),2023-07-01,brazilian,funk,0.413,130.078,0.92,-7.901,0.133,0.679,0.0752,0.504,0.0514,72,138462,0,7,4,2023,7,3,brazilian_funk
448158cOtdLyR59DJnzpON,Te Maceto Depois Do Baile,"DJ Zigão, DJ Lafon Do Md, Mc Rodrigo do CN, Mc Rf",Te Maceto Depois Do Baile,2024-05-01,brazilian,funk,0.789,130.053,0.89,-1.826,0.192,0.758,0.428,0.147,0.0,69,199615,1,11,4,2024,5,2,brazilian_funk
6RjSXi9cPGroetXeNsWFGL,MTG QUEM NÃO QUER SOU EU,"DJ TOPO, Seu Jorge, Mc Leozin, MC G15",MTG QUEM NÃO QUER SOU EU,2024-05-01,brazilian,funk,0.427,80.492,0.492,-6.37,0.53,0.443,0.372,0.364,0.00482,77,123692,0,9,5,2024,5,2,brazilian_funk
6hZGsChumRhWG24OEh698c,Ela Joga na Hora,"Mc Pogba, DJ Guih Da ZO",Ela Joga na Hora,2024-03-01,brazilian,funk,0.669,130.05,0.949,-3.922,0.169,0.843,0.222,0.36,0.000592,78,132923,0,2,4,2024,3,1,brazilian_funk
7IFsTX5H1sWcEl8joV0IdD,THE BOX MEDLEY FUNK 2,"THE BOX, Mc Brinquedo, MC Cebezinho, MC Tuto, Mc Laranjinha, DJ Oreia",THE BOX MEDLEY FUNK 2,2024-04-01,brazilian,funk,0.687,117.008,0.778,-8.568,0.356,0.839,0.105,0.578,0.0105,78,266667,0,11,4,2024,4,2,brazilian_funk
5pvVt1ak0vsGRE0Hl4kudu,Louca Encubada,"Dj Samir, Rodricci, Launch13",Louca Encubada,2023-10-01,brazilian,funk,0.955,130.068,0.679,-3.715,0.125,0.713,0.0437,0.000737,0.235,71,119221,1,6,4,2023,10,4,brazilian_funk
6zdL0aLZs6g61SPGrlMvrM,DANÇA PRA ME PROVOCAR,"DJ JOÃO PEREIRA, MC Koringa",DANÇA PRA ME PROVOCAR,2023-09-01,brazilian,funk,0.582,84.917,0.615,-0.93,0.0791,0.892,0.364,0.269,6.55e-05,68,157216,1,6,5,2023,9,3,brazilian_funk
0fABszUFNbNq9IW503Gj8v,Tá OK,"DENNIS, MC Kevin o Chris",Tá OK,2023-05-01,brazilian,funk,0.96,130.118,0.863,-1.458,0.0853,0.586,0.0492,0.497,0.00526,71,92093,1,11,4,2023,5,2,brazilian_funk
1Xvs6IKi0O1PWYzzIwxR2Q,WHINE IN BRAZIL FUNK,Ichiss,WHINE IN BRAZIL FUNK,2024-07-01,brazilian,funk,0.907,117.054,0.863,-5.077,0.182,0.304,0.295,0.0683,0.000813,72,107971,0,4,4,2024,7,3,brazilian_funk
24R0oyjvhV4HIFFvoK3XkP,TUMBÁTUM,"Tropa do Bruxo, SMU, Dj Vitin do Pc, MC JF, MC NAHARA",Baile do Bruxo (DELUXE),2023-12-01,brazilian,funk,0.59,86.429,0.711,-5.967,0.0798,0.702,0.271,0.26,1.83e-06,70,121384,0,6,5,2023,12,4,brazilian_funk
38d47UiHhyu4wdbPYz0ZUB,Onlar Anlamaz Halden,Semicenk,Geçiyor Zaman,2024-08-01,turkish,pop,0.327,90.025,0.707,-17.176,0.155,0.181,0.0687,0.185,0.0148,75,176000,0,0,4,2024,8,3,turkish_pop
3ma4Ef3Bnl3UBOV4ShiMLX,Geçiyor Zaman,Semicenk,Geçiyor Zaman,2024-08-01,turkish,pop,0.729,98.022,0.629,-5.235,0.253,0.427,0.0379,0.431,7.75e-05,75,154286,0,7,4,2024,8,3,turkish_pop
2crO2eSwgjOoAanagD2sFc,Kader Sağ Olsun,Semicenk,Geçiyor Zaman,2024-08-01,turkish,pop,0.656,120.001,0.685,-8.028,0.318,0.556,0.0411,0.702,0.0,70,172000,0,7,4,2024,8,3,turkish_pop
2CZzw0He9fzyi2FkBkn4Bk,Küle Dönmüşsün,"Semicenk, Doğu Swag",Küle Dönmüşsün,2024-06-01,turkish,pop,0.606,95.056,0.831,-4.84,0.0973,0.883,0.0626,0.684,1.04e-06,72,146526,0,8,4,2024,6,2,turkish_pop
28Aau4tlztDlgKJQXrWhZR,Önümüz Yaz,Simge,Önümüz Yaz,2024-06-01,turkish,pop,0.914,108.02,0.726,-4.226,0.54,0.839,0.0802,0.0758,0.0,74,181518,1,7,4,2024,6,2,turkish_pop
30kd9r9pbMn6bs6CKyFOCu,Kafamın İçi,"Ebru Yaşar, Siyam, Zeyd",Yine Çalıyor,2024-05-01,turkish,pop,0.724,78.753,0.536,-6.84,0.116,0.587,0.152,0.748,0.0,68,142000,0,9,4,2024,5,2,turkish_pop
1whKKdtCiFjN7MW7DrIRUH,Lan,Zeynep Bastık,Lan,2024-03-01,turkish,pop,0.622,204.028,0.406,-7.647,0.309,0.567,0.0648,0.497,1.35e-05,69,196075,0,3,4,2024,3,1,turkish_pop
5bJ1DrEM4hNCafcDd1oxHx,Self Care,Mac Miller,Swimming,2018-08-01,hip-hop,chill,0.538,141.894,0.52,-8.109,0.119,0.177,0.206,0.367,0.00187,73,345133,1,1,4,2018,8,3,hip-hop_chill
3RKLJPyyMZfwebsePAzqjL,"I'm Good Luv, Enjoy.",Aaron May,CHASE,2019-02-01,hip-hop,chill,0.586,130.012,0.891,-4.665,0.213,0.954,0.121,0.0833,0.0,75,134548,1,11,4,2019,2,1,hip-hop_chill
7EQvdUJqZ2i7SWvSB2VqGA,Doomsday,"MF DOOM, Pebbles The Invisible Girl",Operation: Doomsday (Complete),1999-10-01,hip-hop,chill,0.84,95.416,0.856,-7.736,0.0773,0.792,0.334,0.0973,0.0,72,298053,0,6,4,1999,10,4,hip-hop_chill
0VaeksJaXy5R1nvcTMh3Xk,"Darling, I (feat. Teezo Touchdown)","Tyler TheCreator|, Teezo Touchdown",CHROMAKOPIA,2024-10-01,hip-hop,chill,0.818,97.571,0.373,-3.19,0.434,0.361,0.102,0.36,0.0,87,253834,0,3,4,2024,10,4,hip-hop_chill
2gAGWaK4wvt2xrFUlR4mK8,Jukebox Joints (feat. Joe Fox & Kanye West),"A$AP Rocky, Joe Fox, Kanye West",AT.LONG.LAST.A$AP,2015-05-01,hip-hop,chill,0.803,67.536,0.284,-5.293,0.242,0.553,0.173,0.302,0.0,72,323960,0,2,4,2015,5,2,hip-hop_chill
1Y1jtaZOJYgXBl7lKdLc9o,A Cold Sunday,Lil Yachty,A Cold Sunday,2024-02-01,hip-hop,chill,0.86,76.54,0.575,-3.165,0.0973,0.834,0.23,0.298,0.0,72,107314,0,9,1,2024,2,1,hip-hop_chill
7J2gyNghNTzl4EsLhXp01Q,infinity (888) - feat. Joey Bada$$,"XXXTENTACION, Joey Bada$$",?,2018-03-01,hip-hop,chill,0.579,84.143,0.562,-6.788,0.102,0.577,0.484,0.274,0.0,70,176591,0,10,4,2018,3,1,hip-hop_chill
4kjI1gwQZRKNDkw1nI475M,MY EYES,Travis Scott,UTOPIA,2023-07-01,hip-hop,chill,0.621,119.043,0.455,-7.694,0.123,0.28,0.0517,0.651,2.59e-06,82,251250,0,0,4,2023,7,3,hip-hop_chill
1UGD3lW3tDmgZfAVDh6w7r,Devil In A New Dress,"Kanye West, Rick Ross",My Beautiful Dark Twisted Fantasy,2010-11-01,hip-hop,chill,0.76,80.082,0.435,-4.935,0.158,0.206,0.0721,0.0175,0.0,76,351947,0,8,4,2010,11,4,hip-hop_chill
2e3Ea0o24lReQFR4FA7yXH,Love Yourz,J. Cole,2014 Forest Hills Drive,2014-12-01,hip-hop,chill,0.638,82.81,0.677,-8.631,0.193,0.435,0.333,0.589,0.0,73,211497,1,8,4,2014,12,4,hip-hop_chill
5yuShbu70mtHXY0yLzCQLQ,Go Flex,Post Malone,Stoney (Deluxe),2016-12-01,hip-hop,chill,0.498,81.958,0.665,-8.185,0.0757,0.127,0.083,0.23,0.0,72,179613,1,5,4,2016,12,4,hip-hop_chill
7dbyaRWWFvB9UG2vcwTd3J,Champagne Shots,Sainté,Local Mvp,2021-01-01,hip-hop,chill,0.441,135.028,0.942,-11.448,0.138,0.925,0.469,0.493,0.0,68,144000,1,11,4,2021,1,1,hip-hop_chill
1QPreu0BNOrUfEb8HTd2qG,Rich Spirit,Kendrick Lamar,Mr. Morale & The Big Steppers,2022-05-01,hip-hop,chill,0.421,95.977,0.852,-9.153,0.106,0.457,0.208,0.428,2.28e-06,73,202285,0,10,4,2022,5,2,hip-hop_chill
3ZaEs1O8BG581qYPHpQ8d6,I Smoked Away My Brain (I'm God x Demons Mashup) (feat. Imogen Heap & Clams Casino),"A$AP Rocky, Imogen Heap, Clams Casino",I Smoked Away My Brain (I'm God x Demons Mashup) (feat. Imogen Heap & Clams Casino),2023-08-01,hip-hop,chill,0.652,141.981,0.47,-9.629,0.175,0.104,0.0561,0.0831,4.08e-05,84,190286,1,2,4,2023,8,3,hip-hop_chill
4jvjzW7Hm0yK4LvvE0Paz9,Falling Down - Bonus Track,"Lil Peep, XXXTENTACION","Come Over When You're Sober, Pt. 2",2018-11-01,hip-hop,chill,0.574,120.013,0.669,-6.442,0.146,0.273,0.0286,0.0175,0.00294,84,196400,0,4,4,2018,11,4,hip-hop_chill
7dFGkZbmm6cVlI28bfMaWE,Righteous Minds,Joey Bada$$,1999,2012-06-01,hip-hop,chill,0.638,94.893,0.809,-5.646,0.453,0.608,0.28,0.262,0.0,68,224043,0,8,4,2012,6,2,hip-hop_chill
3GVkPk8mqxz0itaAriG1L7,Everybody Dies In Their Nightmares,XXXTENTACION,17,2017-08-01,hip-hop,chill,0.57,129.953,0.734,-7.066,0.112,0.689,0.133,0.847,2.14e-05,81,95467,0,7,4,2017,8,3,hip-hop_chill
2qOm7ukLyHUXWyR4ZWLwxA,It Was A Good Day,Ice Cube,The Predator,1992-11-01,hip-hop,chill,0.744,82.356,0.798,-5.328,0.292,0.794,0.136,0.33,0.000106,78,260000,0,7,4,1992,11,4,hip-hop_chill
5B0kgjHULYJhAQkK5XsMoC,WUSYANAME (feat. Youngboy Never Broke Again & Ty Dolla $ign),"Tyler TheCreator|, YoungBoy Never Broke Again, Ty Dolla $ign",CALL ME IF YOU GET LOST,2021-06-01,hip-hop,chill,0.653,142.347,0.493,-5.666,0.511,0.852,0.0466,0.269,0.0,73,121573,0,0,4,2021,6,2,hip-hop_chill
6GnhWMhgJb7uyiiPEiEkDA,Weekend (feat. Miguel),"Mac Miller, Miguel",GO:OD AM,2015-09-01,hip-hop,chill,0.435,120.058,0.843,-8.442,0.147,0.19,0.178,0.47,0.0,72,208080,1,8,4,2015,9,3,hip-hop_chill
2t8yVaLvJ0RenpXUIAC52d,a lot,21 Savage,i am > i was,2018-12-01,hip-hop,chill,0.636,145.972,0.837,-7.643,0.342,0.274,0.086,0.0395,0.00125,77,288624,1,1,4,2018,12,4,hip-hop_chill
5TRPicyLGbAF2LGBFbHGvO,Flashing Lights,"Kanye West, Dwele",Graduation,2007-09-01,hip-hop,chill,0.628,90.482,0.639,-7.578,0.386,0.43,0.0398,0.0381,0.0,83,237507,0,6,4,2007,9,3,hip-hop_chill
3vQ4T78TTMOjQXGfXVKQJo,Redbone,Childish Gambino,"""Awaken, My Love!""",2016-12-01,hip-hop,chill,0.354,160.037,0.741,-10.603,0.118,0.583,0.0837,0.181,0.00577,78,326933,1,1,4,2016,12,4,hip-hop_chill
5mCPDVBb16L4XQwDdbRUpz,Passionfruit,Drake,More Life,2017-03-01,hip-hop,chill,0.463,111.98,0.809,-11.377,0.109,0.364,0.0396,0.256,0.085,80,298941,1,11,4,2017,3,1,hip-hop_chill
5467KZaTToEB680WvOd9w5,Ocean Prime (feat. Boldy James),"The Alchemist, Boldy James",Yacht Rock 2,2019-08-01,hip-hop,chill,0.604,49.305,0.583,-8.437,0.724,0.691,0.456,0.735,0.0,68,99907,1,2,5,2019,8,3,hip-hop_chill
2uuJs2nltcYFh9pkKP7bW4,Show Me,Joey Bada$$,2000,2022-07-01,hip-hop,chill,0.646,176.153,0.599,-6.326,0.128,0.638,0.337,0.222,4.36e-06,68,220387,1,6,4,2022,7,3,hip-hop_chill
5TXDeTFVRVY7Cvt0Dw4vWW,Revenge,XXXTENTACION,17,2017-08-01,hip-hop,chill,0.251,139.999,0.746,-16.169,0.106,0.18,0.259,0.782,0.00203,84,120027,0,11,4,2017,8,3,hip-hop_chill
6w9GrSUaQQIaMBYtabge7p,Embarrassed (feat. Travis Scott),"Don Toliver, Travis Scott",Love Sick (Deluxe),2023-02-01,hip-hop,chill,0.506,115.994,0.848,-5.105,0.102,0.593,0.0336,0.376,0.0,69,192693,0,4,4,2023,2,1,hip-hop_chill
4iz9lGMjU1lXS51oPmUmTe,Homecoming,"Kanye West, Chris Martin",Graduation,2007-09-01,hip-hop,chill,0.747,86.918,0.67,-7.059,0.115,0.918,0.189,0.337,0.0,79,203493,1,1,4,2007,9,3,hip-hop_chill
5fEB6ZmVkg63GZg9qO86jh,Break from Toronto,PARTYNEXTDOOR,PARTYNEXTDOOR,2013-07-01,hip-hop,chill,0.678,117.067,0.595,-5.18,0.418,0.259,0.0335,0.0199,0.00389,83,99213,1,9,4,2013,7,3,hip-hop_chill
2Ih217RCGAmyQR68Nn7Cqo,You Know How We Do It,Ice Cube,Lethal Injection,1993-12-01,hip-hop,chill,0.52,92.869,0.747,-10.523,0.142,0.601,0.0357,0.0977,0.0537,76,232773,0,10,4,1993,12,4,hip-hop_chill
7AQim7LbvFVZJE3O8TYgf2,Fuck Love,"XXXTENTACION, Trippie Redd",17,2017-08-01,hip-hop,chill,0.533,131.036,0.797,-9.74,0.103,0.329,0.0412,0.0172,0.000152,84,146520,0,0,4,2017,8,3,hip-hop_chill
0y9uTzK9cNKSAEHnpeRG8C,DUCKWORTH.,Kendrick Lamar,DAMN.,2017-04-01,hip-hop,chill,0.731,174.516,0.552,-6.873,0.258,0.632,0.615,0.0536,0.0,72,248613,1,7,4,2017,4,2,hip-hop_chill
6MXXY2eiWkpDCezVCc0cMH,Good Morning,Kanye West,Graduation,2007-09-01,hip-hop,chill,0.631,84.166,0.48,-5.488,0.149,0.515,0.116,0.0791,0.000105,70,195093,1,7,4,2007,9,3,hip-hop_chill
0utlOiJy2weVl9WTkcEWHy,Neighbors,J. Cole,4 Your Eyez Only,2016-12-01,hip-hop,chill,0.283,138.97,0.898,-12.335,0.11,0.469,0.356,0.319,0.000383,68,216520,0,6,4,2016,12,4,hip-hop_chill
6n3HGiq4v35D6eFOSwqYuo,Teenage Fever,Drake,More Life,2017-03-01,hip-hop,chill,0.283,97.04,0.766,-10.33,0.115,0.144,0.0846,0.111,0.0172,77,219692,0,8,4,2017,3,1,hip-hop_chill
1136eJrkWsDvReASbjLTaU,Awolowo,Fido,Awolowo,2024-08-01,ambient,meditative,0.385,106.312,0.619,-11.272,0.179,0.294,0.118,0.129,0.00369,71,135577,0,0,5,2024,8,3,ambient_meditative
0zVk3uuV9UhxAt48F3OL12,Holy Ghost,Omah Lay,Holy Ghost,2023-11-01,ambient,meditative,0.415,113.976,0.823,-10.845,0.128,0.488,0.0637,0.471,0.0316,70,186154,0,5,4,2023,11,4,ambient_meditative
25Kyv5SeEenT0EETpP2hYn,"Soweto (with Don Toliver, Rema & Tempoe)","Victony, Rema, Tempoe, Don Toliver","Soweto (with Don Toliver, Rema and Tempoe)",2023-03-01,ambient,meditative,0.756,105.024,0.719,-5.392,0.109,0.647,0.0761,0.0541,0.0,72,219500,0,5,4,2023,3,1,ambient_meditative
1rrqJ9QkOBYJlsZgqqwxgB,Rush,Ayra Starr,Rush,2022-09-01,ambient,meditative,0.503,99.97,0.792,-8.044,0.0959,0.381,0.0626,0.0369,0.00057,68,185093,1,1,4,2022,9,3,ambient_meditative
2mzM4Y0Rnx2BDZqRnhQ5Q6,Free Mind,Tems,For Broken Ears,2020-09-01,ambient,meditative,0.463,125.15,0.562,-7.478,0.157,0.416,0.0787,0.442,0.000145,72,247579,1,6,5,2020,9,3,ambient_meditative
5FG7Tl93LdH117jEKYl3Cm,Essence (feat. Tems),"Wizkid, Tems",Made In Lagos,2020-10-01,ambient,meditative,0.707,104.027,0.849,-6.002,0.618,0.602,0.113,0.0266,8.58e-06,70,248040,1,0,4,2020,10,4,ambient_meditative
6XM53PbvlzhuNtJZtpl7RP,In My Bed,"Rotimi, Wale",The Beauty of Becoming,2019-12-01,ambient,meditative,0.501,103.993,0.637,-6.148,0.099,0.431,0.187,0.229,5.91e-05,68,185461,0,0,4,2019,12,4,ambient_meditative
3z4CGd63tpUn9a6oQSG0CI,Location (feat. Burna Boy),"Dave, Burna Boy",PSYCHODRAMA,2019-03-01,ambient,meditative,0.496,109.979,0.812,-5.969,0.0955,0.55,0.297,0.271,0.0,73,241293,0,9,4,2019,3,1,ambient_meditative
2QdSb68BzZGMgCbsrFmSLc,Higher,Tems,For Broken Ears,2020-09-01,ambient,meditative,0.581,102.964,0.609,-10.854,0.283,0.528,0.277,0.509,0.0,72,196204,1,2,3,2020,9,3,ambient_meditative
2WigMwGJysIh9fRnSJvpjn,KU LO SA - A COLORS SHOW,Oxlade,KU LO SA - A COLORS SHOW,2022-06-01,ambient,meditative,0.655,92.9,0.649,-5.534,0.22,0.793,0.0652,0.307,0.0,70,147581,0,10,4,2022,6,2,ambient_meditative
2dFqK2ZkYB9Xc47gr3xXWl,Replay,Tems,If Orange Was A Place,2021-09-01,ambient,meditative,0.549,123.879,0.613,-8.187,0.116,0.78,0.231,0.097,0.0,71,180000,1,9,5,2021,9,3,ambient_meditative
6KzdWw8Hi1bz1lVw2AXDzb,Touches,Somnum Magnam,Touches,2024-01-01,ambient,chill,0.00161,140.997,0.138,-43.643,0.0951,0.155,0.0532,0.977,0.971,72,144750,1,5,1,2024,1,1,ambient_chill
4k7x3QKrc3h3U0Viqk0uop,Rosyln,"Bon Iver, St. Vincent",The Twilight Saga: New Moon (Original Motion Picture Soundtrack),2009-10-01,ambient,academic,0.277,159.719,0.329,-13.111,0.0971,0.121,0.0302,0.971,0.024,75,289560,0,10,3,2009,10,4,ambient_academic
4IhTXiZLKATmwhMZIb1GQN,Lights Are On,Tom Rosenthal,Z-Sides,2018-10-01,ambient,academic,0.04,135.965,0.44,-16.887,0.111,0.249,0.0322,0.981,0.465,77,193749,1,3,4,2018,10,4,ambient_academic
3dYD57lRAUcMHufyqn9GcI,Take Me To Church,Hozier,Hozier,2014-09-01,ambient,academic,0.664,129.071,0.575,-5.303,0.116,0.437,0.0481,0.637,0.0,81,241688,0,4,4,2014,9,3,ambient_academic
4R2kfaDFhslZEMJqAFNpdd,cardigan,Taylor Swift,folklore,2020-07-01,ambient,academic,0.581,130.033,0.613,-8.588,0.25,0.551,0.0424,0.537,0.000345,83,239560,0,0,4,2020,7,3,ambient_academic
2nMeu6UenVvwUktBCpLMK9,Young And Beautiful,Lana Del Rey,Young And Beautiful,2013-01-01,ambient,academic,0.416,113.986,0.324,-8.92,0.11,0.151,0.0368,0.262,3.69e-05,83,236053,0,11,4,2013,1,1,ambient_academic
3vkCueOmm7xQDoJ17W1Pm3,My Love Mine All Mine,Mitski,The Land Is Inhospitable and So Are We,2023-09-01,ambient,academic,0.308,113.95,0.504,-14.958,0.158,0.121,0.0321,0.868,0.135,88,137773,1,9,4,2023,9,3,ambient_academic
3SErMoIKdRELto2OspGs5L,idfc,blackbear,dead,2015-06-01,ambient,academic,0.422,144.678,0.718,-9.115,0.17,0.455,0.0621,0.0764,0.0,71,207027,0,4,4,2015,6,2,ambient_academic
3NM41PVVUr0ceootKAtkAj,As the World Caves In,Matt Maltese,Bad Contestant,2018-06-01,ambient,academic,0.449,123.969,0.327,-5.362,0.22,0.179,0.034,0.369,0.00444,68,218755,1,10,4,2018,6,2,ambient_academic
5SHpuW2qjkQtFRpE6P9Nks,The 30th,Billie Eilish,Guitar Songs,2022-07-01,ambient,academic,0.135,82.987,0.387,-14.398,0.0948,0.21,0.051,0.929,0.0,72,216448,1,7,4,2022,7,3,ambient_academic
57V4uc2b2diZ4RPHXWecb9,Like Real People Do,Hozier,Hozier (Expanded Edition),2014-09-01,ambient,academic,0.179,140.01,0.539,-14.33,0.106,0.145,0.0309,0.921,0.393,72,198027,1,7,3,2014,9,3,ambient_academic
3lG6OtGDsYAOALxEmubQQm,Happiness is a butterfly,Lana Del Rey,Norman Fucking Rockwell!,2019-08-01,ambient,academic,0.119,70.499,0.467,-10.99,0.0973,0.156,0.0401,0.969,1.4e-06,73,272485,1,2,4,2019,8,3,ambient_academic
0tMSssfxAL2oV8Vri0mFHE,listen before i go,Billie Eilish,"WHEN WE ALL FALL ASLEEP, WHERE DO WE GO?",2019-03-01,ambient,academic,0.0561,79.764,0.319,-23.023,0.388,0.082,0.045,0.935,0.00384,74,242652,1,0,3,2019,3,1,ambient_academic
2JN3ugW1cEahbYw0I5mw5U,Astronomy,Conan Gray,Superache,2022-06-01,ambient,academic,0.343,145.115,0.474,-8.571,0.305,0.152,0.027,0.578,2.65e-05,72,243907,0,4,3,2022,6,2,ambient_academic
1IF5UcqRO42D12vYwceOY6,From the Dining Table,Harry Styles,Harry Styles,2017-05-01,ambient,academic,0.156,94.08,0.671,-16.288,0.113,0.201,0.0371,0.804,0.0518,69,211960,1,8,4,2017,5,2,ambient_academic
4HOryCnbme0zBnF8LWij3f,Getting Older,Billie Eilish,Happier Than Ever,2021-07-01,ambient,academic,0.128,159.679,0.599,-17.261,0.115,0.367,0.109,0.974,0.121,70,244221,1,10,4,2021,7,3,ambient_academic
51Grh1RyUDcMBbpuyUIUHI,rises the moon,Liana Flores,recently,2019-04-01,ambient,academic,0.129,137.35,0.483,-20.149,0.106,0.203,0.0349,0.947,0.145,81,161929,0,5,3,2019,4,2,ambient_academic
2L9N0zZnd37dwF0clgxMGI,ceilings,Lizzy McAlpine,five seconds flat,2022-04-01,ambient,academic,0.322,148.005,0.516,-11.762,0.215,0.261,0.0292,0.473,0.00194,80,182888,1,9,3,2022,4,2,ambient_academic
7D0RhFcb3CrfPuTJ0obrod,Sparks,Coldplay,Parachutes,2000-07-01,ambient,academic,0.268,102.617,0.371,-10.506,0.104,0.165,0.0281,0.748,0.0517,85,227093,1,1,3,2000,7,3,ambient_academic
7CiDwKE62N6ey3LyG6s7xc,In My Room,Chance Peña,In My Room,2022-05-01,ambient,academic,0.338,133.943,0.408,-13.626,0.0732,0.1,0.0431,0.521,0.000639,76,177609,1,4,3,2022,5,2,ambient_academic
04mAOoQNsXmDJlyupJwmkO,Waiting Room,Phoebe Bridgers,"Lost Ark Studio Compilation, Vol. 8",2016-08-01,ambient,academic,0.289,129.753,0.531,-10.065,0.134,0.12,0.0286,0.339,0.000358,75,393962,1,2,4,2016,8,3,ambient_academic
7bPWdJgx8vek7S5i5yAtvG,Chemtrails Over The Country Club,Lana Del Rey,Chemtrails Over The Country Club,2021-03-01,ambient,academic,0.276,201.025,0.334,-13.125,0.113,0.429,0.0643,0.877,0.000249,79,271177,0,4,3,2021,3,1,ambient_academic
4qUtC2BwFC154Ha8YQRrkk,How to disappear,Lana Del Rey,Norman Fucking Rockwell!,2019-08-01,ambient,academic,0.304,78.997,0.538,-11.79,0.164,0.065,0.0352,0.613,0.000631,70,228071,1,9,3,2019,8,3,ambient_academic
01K4zKU104LyJ8gMb7227B,Nothing New (feat. Phoebe Bridgers) (Taylor’s Version) (From The Vault),"Taylor Swift, Phoebe Bridgers",Red (Taylor's Version),2021-11-01,ambient,academic,0.377,101.96,0.606,-9.455,0.154,0.446,0.0275,0.817,0.0,71,258813,1,0,4,2021,11,4,ambient_academic
7CoMBpPTwQi2wPT0U0Nr9b,State Lines,Novo Amor,Birthplace,2018-10-01,ambient,academic,0.31,137.474,0.509,-10.623,0.0963,0.151,0.0313,0.959,0.229,73,208653,1,9,3,2018,10,4,ambient_academic
0ElpbbncWT9aS7mgoqEHbQ,Where's My Love - Acoustic,SYML,Where's My Love,2017-07-01,ambient,academic,0.225,104.007,0.554,-11.324,0.107,0.221,0.0281,0.892,0.0321,72,239880,1,3,4,2017,7,3,ambient_academic
0yc6Gst2xkRu0eMLeRMGCX,Apocalypse,Cigarettes After Sex,Cigarettes After Sex,2017-06-01,ambient,academic,0.468,94.434,0.369,-9.013,0.109,0.18,0.0273,0.0205,0.566,87,290617,1,5,4,2017,6,2,ambient_academic
7qH9Z4dJEN0l9bidizW7fq,Anchor,Novo Amor,Bathing Beach,2017-05-01,ambient,academic,0.407,117.053,0.457,-11.475,0.126,0.126,0.0308,0.805,0.884,78,257533,1,9,4,2017,5,2,ambient_academic
1NZs6n6hl8UuMaX0UC0YTz,Brooklyn Baby,Lana Del Rey,Ultraviolence (Deluxe),2014-01-01,ambient,academic,0.664,107.747,0.404,-6.698,0.11,0.0949,0.0407,0.542,0.00402,80,351640,1,1,4,2014,1,1,ambient_academic
37zuIvk4KBkAxxLJsxJaHq,Would That I,Hozier,"Wasteland, Baby!",2019-03-01,ambient,academic,0.526,130.694,0.521,-6.032,0.108,0.502,0.0281,0.243,0.00537,74,268293,1,5,4,2019,3,1,ambient_academic
6QT6j7rKt7Vk3IuV2AUO9W,lacy,Olivia Rodrigo,GUTS,2023-09-01,ambient,academic,0.367,77.968,0.395,-7.653,0.11,0.426,0.0324,0.815,0.0,75,177212,1,3,4,2023,9,3,ambient_academic
17cia5k4BpGVlyEfqrFH50,Can’t Catch Me Now - from The Hunger Games: The Ballad of Songbirds & Snakes,Olivia Rodrigo,The Hunger Games: The Ballad of Songbirds & Snakes (Music From & Inspired By),2023-11-01,ambient,academic,0.347,141.332,0.409,-8.159,0.121,0.199,0.0359,0.834,4.55e-06,72,205484,0,11,4,2023,11,4,ambient_academic
35IcAVSMsU9qzHfpPbvC8A,Feels Like,Gracie Abrams,This Is What It Feels Like,2021-11-01,ambient,academic,0.483,144.99,0.617,-7.359,0.121,0.176,0.0458,0.702,0.000216,73,152318,1,11,4,2021,11,4,ambient_academic
0uvagCBJC0ClsR11W10T0Y,Black Friday,Tom Odell,Black Friday,2024-01-01,ambient,academic,0.199,165.476,0.48,-12.398,0.0978,0.201,0.0329,0.931,0.0563,71,221510,1,6,4,2024,1,1,ambient_academic
4ak9GGe6afmi2HbxEjvhIC,Male Fantasy,Billie Eilish,Happier Than Ever,2021-07-01,ambient,academic,0.288,110.927,0.687,-10.415,0.0986,0.308,0.045,0.863,0.0,70,194887,1,2,4,2021,7,3,ambient_academic
1C042FLYy7rP3MfnkOcnha,Cherry Wine - Live,Hozier,Hozier (Expanded Edition),2014-09-01,ambient,academic,0.11,81.876,0.415,-14.901,0.0962,0.234,0.0388,0.951,0.00236,68,240147,1,1,4,2014,9,3,ambient_academic
4Do3s3aivnqbUAvUEDEsAG,We'll Never Have Sex,Leith Ross,To Learn,2023-05-01,ambient,academic,0.0972,86.686,0.443,-16.496,0.115,0.289,0.0793,0.952,0.0102,68,100716,1,2,4,2023,5,2,ambient_academic
1o82DwNisONAd2mu1RcGE6,Margaret (feat. Bleachers),"Lana Del Rey, Bleachers",Did you know that there's a tunnel under Ocean Blvd,2023-03-01,ambient,academic,0.245,103.777,0.34,-13.352,0.0633,0.192,0.0319,0.969,0.0992,78,339891,1,9,4,2023,3,1,ambient_academic
5iu3rl4feYeRgR1DW0ydNU,Miserable Man,David Kushner,Footprints I Found,2022-09-01,ambient,academic,0.348,110.019,0.631,-10.285,0.295,0.32,0.0343,0.926,8.87e-05,68,232992,1,10,4,2022,9,3,ambient_academic
5XsAal7ZcWg1I5T4NcRjkv,Halley's Comet,Billie Eilish,Happier Than Ever,2021-07-01,ambient,academic,0.159,72.38,0.403,-16.728,0.34,0.0381,0.104,0.961,0.0121,75,234761,0,1,4,2021,7,3,ambient_academic
4guBZjUyrGoHsTahO3IHdj,Did It Again,Lil Tecca,We Love You Tecca,2019-08-01,hip-hop,melodic,0.561,148.775,0.686,-9.929,0.114,0.186,0.191,0.185,0.0,72,116240,0,10,4,2019,8,3,hip-hop_melodic
0c0YHn3DIQLl1opsQDd9kO,Wish (feat. Trippie Redd) - Trippie Mix,"Diplo, Trippie Redd",LIFE'S A TRIP,2018-08-01,hip-hop,melodic,0.819,94.011,0.565,-7.899,0.111,0.682,0.0668,0.232,0.0,71,176874,1,9,4,2018,8,3,hip-hop_melodic
7oJrVhiTPZGBXWPwhxjy9S,Lust,Lil Skies,Life of a Dark Rose,2017-12-01,hip-hop,melodic,0.767,160.084,0.718,-5.641,0.114,0.519,0.166,0.138,0.0,70,156000,1,9,4,2017,12,4,hip-hop_melodic
1gUUuh7FQ3mr7nEq0SRvGX,Conceited,Lil Uzi Vert,Eternal Atake 2,2024-11-01,hip-hop,melodic,0.55,124.13,0.629,-6.772,0.095,0.154,0.0543,0.152,0.0,68,189487,1,0,4,2024,11,4,hip-hop_melodic
2WsuSYJNXGKXVYkHPnq2yp,Ransom (with Juice WRLD) - Remix,"Lil Tecca, Juice WRLD",We Love You Tecca,2019-08-01,hip-hop,melodic,0.671,179.987,0.684,-6.424,0.0769,0.45,0.289,0.0119,0.0,73,171253,0,2,4,2019,8,3,hip-hop_melodic
7CZyCXKG6d5ALeq41sLzbw,Take What You Want (feat. Ozzy Osbourne & Travis Scott),"Post Malone, Ozzy Osbourne, Travis Scott",Hollywood's Bleeding,2019-09-01,hip-hop,melodic,0.8,139.918,0.498,-2.665,0.147,0.272,0.0503,0.0903,0.0,73,229573,0,1,4,2019,9,3,hip-hop_melodic
57NsyEzmk0NT3NcOwuQT55,witchblades,"Lil Peep, Lil Tracy",CASTLES II,2017-02-01,hip-hop,melodic,0.54,143.968,0.634,-7.002,0.302,0.543,0.0777,0.0223,0.0,71,149360,1,8,4,2017,2,1,hip-hop_melodic
3QzAOrNlsabgbMwlZt7TAY,Ballin' (with Roddy Ricch),"Mustard, Roddy Ricch",Perfect Ten,2019-06-01,hip-hop,melodic,0.545,97.008,0.809,-6.678,0.151,0.244,0.0734,0.392,0.0,73,180435,1,7,4,2019,6,2,hip-hop_melodic
1iSqfoUFnQwV0QW1EfUit8,Suicidal,YNW Melly,Melly vs. Melvin,2019-11-01,hip-hop,melodic,0.369,140.004,0.735,-9.682,0.126,0.235,0.0688,0.334,0.0,73,222997,0,9,4,2019,11,4,hip-hop_melodic
0flSGzqHO12p9fU9kqaHGE,Flaws And Sins,Juice WRLD,Death Race For Love (Bonus Track Version),2019-03-01,hip-hop,melodic,0.662,150.047,0.709,-4.55,0.108,0.439,0.0767,0.00966,0.0,70,218349,1,8,4,2019,3,1,hip-hop_melodic
00n83h3zn2IrySO4Q4aTrG,Down With Me,Lil Tecca,TEC (Bonus),2024-01-01,hip-hop,melodic,0.588,114.929,0.712,-5.332,0.21,0.471,0.0543,0.112,0.0,70,120035,0,9,4,2024,1,1,hip-hop_melodic
7xQAfvXzm3AkraOtGPWIZg,Wow.,Post Malone,Hollywood's Bleeding,2019-09-01,hip-hop,melodic,0.538,99.952,0.829,-7.359,0.103,0.389,0.212,0.137,1.88e-06,77,149547,0,11,4,2019,9,3,hip-hop_melodic
6Yqmv7XJLCrQEauMbPGZSw,Maria I'm Drunk (feat. Justin Bieber & Young Thug),"Travis Scott, Justin Bieber, Young Thug",Rodeo,2015-09-01,hip-hop,melodic,0.631,105.989,0.648,-5.662,0.12,0.142,0.104,0.38,0.0,71,349933,0,4,4,2015,9,3,hip-hop_melodic
2FTeQQ5Rg9tBpgpTF5mnhE,Still Think About You,A Boogie Wit da Hoodie,Artist,2016-09-01,hip-hop,melodic,0.646,127.978,0.946,-6.604,0.0643,0.961,0.21,0.219,0.0,73,246988,1,5,4,2016,9,3,hip-hop_melodic
2Y0wPrPQBrGhoLn14xRYCG,Come & Go (with Marshmello),"Juice WRLD, Marshmello",Legends Never Die,2020-07-01,hip-hop,melodic,0.814,144.991,0.625,-5.181,0.158,0.535,0.0657,0.0172,0.0,75,205485,1,0,4,2020,7,3,hip-hop_melodic
6rjuKpPydT2SxN15TZpV7r,500lbs,Lil Tecca,TEC,2023-09-01,hip-hop,melodic,0.779,123.013,0.724,-5.412,0.127,0.53,0.0807,0.098,0.0,78,144390,0,7,4,2023,9,3,hip-hop_melodic
1Is8hGpkGMiePASAxBluxM,16,Baby Keem,The Melodic Blue,2021-09-01,hip-hop,melodic,0.782,94.03,0.701,-4.987,0.124,0.57,0.138,0.0918,2.31e-06,77,156040,1,1,4,2021,9,3,hip-hop_melodic
5w40ZYhbBMAlHYNDaVJIUu,Chemical,Post Malone,Chemical,2023-04-01,hip-hop,melodic,0.88,169.949,0.49,-4.856,0.103,0.392,0.0435,0.00154,0.0,75,184013,1,2,4,2023,4,2,hip-hop_melodic
6RNDeRnWsRMjPdNVgupZCs,I Just Called To Say I Love You,Stevie Wonder,At The Close Of A Century,1999-11-01,korean,drama,0.551,113.535,0.748,-9.054,0.0943,0.65,0.0239,0.243,1.57e-06,74,262240,1,1,4,1999,11,4,korean_drama
1HYzRuWjmS9LXCkdVHi25K,Stay With Me,"CHANYEOL, Punch","Guardian (Original Television Soundtrack), Pt. 1",2016-12-01,korean,drama,0.526,124.709,0.558,-4.686,0.126,0.202,0.033,0.431,0.0,69,192441,0,0,4,2016,12,4,korean_drama
1OhIn0L6iofnk5bjalWfHq,Sudden Shower,ECLIPSE,"Lovely Runner, Pt. 1 (Original Soundtrack)",2024-04-01,korean,drama,0.506,133.403,0.469,-6.283,0.102,0.217,0.0291,0.587,0.0,70,233031,1,0,4,2024,4,2,korean_drama
186NCtNk1tUYS7c2DxgJ7O,Christmas Tree,V,"Our Beloved Summer (Original Television Soundtrack), Pt. 5",2021-12-01,korean,drama,0.384,139.009,0.437,-8.384,0.121,0.181,0.042,0.699,2.33e-05,69,209947,1,5,4,2021,12,4,korean_drama
7dk7jxKBun1JQ2pPPBxDYl,Boyfriend,YEONJUN,Cinderella at 2AM OST Part 4,2024-09-01,korean,drama,0.557,114.019,0.815,-7.166,0.089,0.482,0.0318,0.109,0.0,69,202516,1,5,4,2024,9,3,korean_drama
0UaaFmF3xUwMjnuAHBq7qL,Love You With All My Heart,Crush,"Queen of Tears (Original Television Soundtrack), Pt.4",2024-03-01,korean,drama,0.326,134.049,0.46,-8.226,0.0874,0.214,0.0304,0.763,0.0,69,244187,1,4,4,2024,3,1,korean_drama
7CAdT0HdiQNlt1C7xk2hep,Stay Alive (Prod. SUGA of BTS),Jung Kook,Stay Alive (Prod. SUGA of BTS),2022-02-01,korean,drama,0.76,130.096,0.512,-5.889,0.103,0.495,0.0682,0.299,0.0,68,210928,0,2,4,2022,2,1,korean_drama
28GCbKgjlVD9eDmasGbe0T,Me Fui de Vacaciones,Bad Bunny,Un Verano Sin Ti,2022-05-01,world,throat singing,0.645,85.046,0.714,-5.493,0.0942,0.434,0.0514,0.229,0.00083,70,180930,1,10,4,2022,5,2,world_throat singing
6aommJFM8i3iT4inKuDSXh,Chachachá,Jósean Log,Háblate de Mí,2016-10-01,world,throat singing,0.321,110.827,0.68,-10.944,0.125,0.416,0.0376,0.791,4.67e-06,77,215986,1,5,4,2016,10,4,world_throat singing
0HlMshB5JmZjPNbOuOgFHN,Nunca Es Suficiente,"Los Ángeles Azules, Natalia Lafourcade",Esto Sí Es Cumbia,2018-06-01,world,throat singing,0.499,93.99,0.796,-6.166,0.0867,0.798,0.0404,0.392,0.0,71,266016,0,2,4,2018,6,2,world_throat singing
3kNVYo6BJE9AENxzokM9YC,Muerte En Hawaii,Calle 13,Entren Los Que Quieran,2010-11-01,world,throat singing,0.588,79.989,0.675,-7.168,0.95,0.879,0.177,0.789,0.0,69,189867,1,3,4,2010,11,4,world_throat singing
35I2E525yJpUQ5ZJgfxizT,Harpy Hare,Yaelokre,Harpy Hare,2024-01-01,folk,nordic,0.533,130.02,0.645,-11.65,0.2,0.349,0.0351,0.644,7.08e-06,76,180923,1,2,4,2024,1,1,folk_nordic
1dFrZr9eMUsFqeag04ClqD,Russian Bandana,Dhanda Nyoliwala,Russian Bandana,2024-09-01,hip-hop,desi,0.615,84.07,0.775,-5.682,0.0595,0.918,0.368,0.304,0.0,74,197143,0,1,4,2024,9,3,hip-hop_desi
3lQPwCmD918SyoiIkw1zqx,Sifar Safar,Karan Aujla,Sifar Safar,2024-10-01,hip-hop,desi,0.798,86.638,0.509,-4.472,0.203,0.48,0.235,0.00625,0.0,70,180345,1,2,4,2024,10,4,hip-hop_desi
5nIrIdLPPXeRMl8WXnnDv1,Knife Brows,Dhanda Nyoliwala,DNW Vol. 1,2024-10-01,hip-hop,desi,0.606,175.917,0.656,-5.948,0.105,0.38,0.363,0.335,0.0,68,175909,1,9,4,2024,10,4,hip-hop_desi
42TMa2hgBNjte4uV7jNCnQ,Baller,"Shubh, Ikky",Baller,2022-09-01,hip-hop,desi,0.702,180.219,0.711,-10.048,0.0932,0.674,0.233,0.00487,0.0163,68,148188,1,5,4,2022,9,3,hip-hop_desi
3FqtduiaqnFYvBgKuc6QWQ,Winning Speech,"Karan Aujla, Mxrci",Winning Speech,2024-05-01,hip-hop,desi,0.78,171.285,0.461,-5.004,0.181,0.448,0.363,0.128,0.0,75,227442,0,11,4,2024,5,2,hip-hop_desi
6oz1L5jcqZWYuId7nxvIan,Still Rollin,Shubh,Still Rollin,2023-05-01,hip-hop,desi,0.431,94.0,0.881,-11.093,0.113,0.246,0.0914,0.182,0.0018,71,174730,0,6,4,2023,5,2,hip-hop_desi
6c4Po8zyQjB4cR5XgLhcGb,9:45,"Prabh Singh, Jay Trak, Rooh Sandhu",9:45,2023-03-01,hip-hop,desi,0.455,99.958,0.796,-7.763,0.156,0.352,0.0997,0.637,3.59e-06,73,117606,0,1,4,2023,3,1,hip-hop_desi
53QrRlALFJfZgdcGLKwy5s,Dior,Shubh,Still Rollin,2023-05-01,hip-hop,desi,0.362,115.974,0.967,-11.374,0.124,0.633,0.159,0.514,0.00637,69,139134,0,5,4,2023,5,2,hip-hop_desi
4eBvRhTJ2AcxCsbfTUjoRp,Cheques,Shubh,Still Rollin,2023-05-01,hip-hop,desi,0.627,89.998,0.742,-8.939,0.269,0.356,0.0533,0.262,1.23e-05,75,183757,0,4,4,2023,5,2,hip-hop_desi
5BQePe9rcCJozHK3oPayYk,MVP,Shubh,MVP,2024-05-01,hip-hop,desi,0.572,88.041,0.742,-8.163,0.318,0.644,0.0743,0.391,0.00428,70,196898,0,7,4,2024,5,2,hip-hop_desi
6wkHR8cU4INbp145hngbQO,8 ASLE,"Sukha, Chani Nattan, Prodgk, Gurlez Akhtar",UNDISPUTED,2023-11-01,hip-hop,desi,0.684,100.042,0.769,-6.113,0.18,0.483,0.148,0.0977,0.0,68,161000,0,10,4,2023,11,4,hip-hop_desi
1BpvuKIG7jK5EiTp2tv5z8,King Shit,Shubh,Leo,2024-01-01,hip-hop,desi,0.566,85.953,0.794,-8.35,0.151,0.68,0.0602,0.301,0.000168,72,226933,0,11,4,2024,1,1,hip-hop_desi
5ZLkihi6DVsHwDL3B8ym1t,One Love,Shubh,One Love,2023-08-01,hip-hop,desi,0.512,144.926,0.848,-7.757,0.101,0.881,0.118,0.284,0.00645,75,159222,1,7,4,2023,8,3,hip-hop_desi
4SJMuaIYcBS8ke96lDYOsw,On Top,Karan Aujla,On Top,2022-11-01,hip-hop,desi,0.75,139.979,0.831,-5.42,0.111,0.662,0.153,0.0188,0.0,70,183429,0,10,4,2022,11,4,hip-hop_desi
4WLDaQ8AgSwUgFoPzJkAYK,Old Money,AP Dhillon,Old Money,2024-08-01,hip-hop,desi,0.733,92.969,0.864,-3.292,0.166,0.183,0.0713,0.144,0.000175,71,128098,0,4,4,2024,8,3,hip-hop_desi
3zSSCPpLZ5Oc8nelhhGjKz,Tu hai kahan,AUR,Tu hai kahan,2023-10-01,hip-hop,desi,0.356,83.679,0.708,-9.738,0.112,0.569,0.075,0.437,6.54e-05,75,263185,1,1,4,2023,10,4,hip-hop_desi
7KQdgW7QzNd9oPoCzjCU76,Bandana,Shubh,Bandana,2024-03-01,hip-hop,desi,0.718,89.906,0.716,-5.348,0.192,0.91,0.148,0.0452,0.0,73,154667,0,6,4,2024,3,1,hip-hop_desi
6NIJqFHB5cHAn064JCP7Li,Move,"Adam Port, Stryv, Keinemusik, Orso, Malachiii",Move,2024-06-01,electronic,afro house,0.782,119.992,0.727,-8.529,0.225,0.655,0.042,0.0563,0.336,68,177599,0,8,4,2024,6,2,electronic_afro house
480j122Gpi252OIfy4SNzm,Yamore,"MoBlack, Salif Keita, Benja (NL), Franc Fala, Cesária Evora",Yamore,2024-06-01,electronic,afro house,0.577,119.986,0.795,-9.638,0.051,0.206,0.0648,0.00263,0.147,75,248000,0,1,4,2024,6,2,electronic_afro house
2nljjiWhzVIugb5vgEMQQk,My Love (2024),"Alex Wann, Route 94, Jess Glynne",My Love (2024),2024-08-01,electronic,afro house,0.872,122.028,0.43,-7.821,0.119,0.136,0.0522,0.118,0.879,69,184500,1,1,4,2024,8,3,electronic_afro house
0WS1qLcXKsCGt5e3dqq30S,Forever (feat. Malou & Yuna),"HUGEL, Diplo, Malou, Yuna",Forever (feat. Malou & Yuna),2024-09-01,electronic,afro house,0.946,120.036,0.542,-6.048,0.107,0.229,0.0425,0.0312,0.632,71,140500,0,9,4,2024,9,3,electronic_afro house
0r3nMF80NSIuPIxeod4aoG,Beso (Fruta Fresca),"Wakyin, Carlos Vives",Beso (Fruta Fresca),2023-12-01,electronic,afro house,0.723,123.993,0.787,-6.995,0.085,0.579,0.152,0.0509,0.00447,70,197695,0,10,4,2023,12,4,electronic_afro house
1aRd5tMVhiRyMJLmSOg2IF,The Boy Is Mine,"James Mac, Vall, Rosalie",The Boy Is Mine,2023-06-01,electronic,afro house,0.879,123.004,0.741,-6.132,0.126,0.362,0.0425,0.0841,0.0433,68,201713,0,1,4,2023,6,2,electronic_afro house
02YMpD1xbZZzpZbuZNvmD7,Sideways,"Gordo, Drake",DIAMANTE,2024-07-01,electronic,afro house,0.57,121.843,0.655,-11.475,0.105,0.487,0.0487,0.527,0.43,70,253770,0,5,4,2024,7,3,electronic_afro house
1P9ZF3ZxRWNTDgJkZOgkI9,Famax - Edit,RAFFA GUIDO,Famax,2024-02-01,electronic,afro house,0.83,120.97,0.808,-8.238,0.403,0.465,0.0356,0.00575,0.809,69,213768,1,1,4,2024,2,1,electronic_afro house
73fZnvwSUlWwt9LLRkknzs,Waltz,Fabrizio Paterlini,Transitions III,2020-06-01,classical,neo-classical,0.0516,87.587,0.27,-33.766,0.112,0.199,0.0442,0.986,0.953,71,64788,0,8,4,2020,6,2,classical_neo-classical
3weNRklVDqb4Rr5MhKBR3D,Nuvole Bianche,Ludovico Einaudi,Una Mattina,2004-01-01,classical,neo-classical,0.0582,132.614,0.191,-25.398,0.0941,0.0454,0.0578,0.961,0.89,70,357707,1,8,1,2004,1,1,classical_neo-classical
3kJACFlgn1rg0I0l4XmzLI,Idea 1,Gibran Alcocer,Idea 1,2022-08-01,classical,neo-classical,0.146,172.13,0.265,-21.134,0.104,0.416,0.0323,0.985,0.893,71,154500,0,8,5,2022,8,3,classical_neo-classical
1yqM5O07lL7R6UAdK5jvrR,Oceans Apart,Ben Crosland,The Turn,2020-06-01,classical,neo-classical,0.0559,95.217,0.396,-20.707,0.11,0.278,0.0599,0.987,0.935,70,78413,0,9,1,2020,6,2,classical_neo-classical
3TdROUy5JZz1OcBKMZjeux,Idea 9,Gibran Alcocer,Idea 9,2023-05-01,classical,neo-classical,0.138,128.563,0.34,-24.95,0.112,0.325,0.0357,0.984,0.846,72,137547,0,2,4,2023,5,2,classical_neo-classical
6ZFbXIJkuI1dVNWvzJzown,Time,Hans Zimmer,Inception (Music from the Motion Picture),2010-07-01,classical,neo-classical,0.0968,62.881,0.286,-16.806,0.0861,0.0395,0.0323,0.178,0.696,71,275556,1,7,4,2010,7,3,classical_neo-classical
0U0ldCRmgCqhVvD6ksG63j,Nightcall,Kavinsky,Nightcall,2010-11-01,electronic,vaporwave,0.874,91.038,0.532,-5.183,0.452,0.361,0.0482,0.00842,0.012,73,258413,0,9,4,2010,11,4,electronic_vaporwave
2PpYJcgJN6PzozUv7rU669,stellar,".diedlonely, énouement",stellar,2023-06-01,electronic,vaporwave,0.149,82.019,0.485,-20.394,0.102,0.112,0.0282,0.886,0.917,70,99672,0,8,4,2023,6,2,electronic_vaporwave
4VkRQSpG16JxrXaVlNyWdX,memories,leadwave,memories,2022-09-01,electronic,vaporwave,0.0823,67.238,0.252,-27.338,0.0857,0.0381,0.0344,0.951,0.928,70,86320,1,5,4,2022,9,3,electronic_vaporwave
4t9vB7wIKWE5jIhjcztmmd,Iris,Pastel Ghost,Ethereality,2015-06-01,electronic,vaporwave,0.855,117.987,0.534,-7.578,0.0996,0.601,0.0342,0.00043,0.893,69,218384,0,8,4,2015,6,2,electronic_vaporwave
0FVuyC9RP5MACjp4lgU3qZ,I'm God,"Clams Casino, Imogen Heap",Instrumental Relics,2020-04-01,electronic,vaporwave,0.641,141.931,0.529,-6.78,0.102,0.089,0.0336,0.0711,0.76,74,277711,1,2,4,2020,4,2,electronic_vaporwave
4E1Zf6j2VSoRPiVBnUCjat,Resonance,Home,Odyssey,2014-07-01,electronic,vaporwave,0.754,170.084,0.564,-8.849,0.224,0.457,0.0646,0.0424,0.84,68,212939,1,8,5,2014,7,3,electronic_vaporwave
5omLpU1N0uN51OSXL62VAM,A Bird's Last Look,Macabre Plaza,Out With the Old in With the Taboo,2022-04-01,electronic,vaporwave,0.715,113.861,0.552,-9.291,0.0669,0.858,0.0524,0.0286,0.702,72,69565,1,2,4,2022,4,2,electronic_vaporwave
2LD2gT7gwAurzdQDQtILds,Veridis Quo,Daft Punk,Discovery,2001-03-01,electronic,vaporwave,0.687,106.896,0.605,-13.928,0.104,0.12,0.045,0.479,0.949,70,345187,0,9,4,2001,3,1,electronic_vaporwave
7fqjWHXf330QwnfaAWB2Dr,Dark Beach,Pastel Ghost,Abyss,2015-03-01,electronic,vaporwave,0.91,130.032,0.528,-7.309,0.0938,0.137,0.0366,0.346,0.764,73,222000,0,9,4,2015,3,1,electronic_vaporwave
3zkyus0njMCL6phZmNNEeN,LET GO,Central Cee,LET GO,2022-12-01,hip-hop,drill,0.413,146.05,0.747,-11.197,0.17,0.481,0.488,0.848,0.0,72,174247,0,2,4,2022,12,4,hip-hop_drill
0rwOtnvfoBHa443aTwjSlu,2MS,Nemzzz,2MS,2022-02-01,hip-hop,drill,0.332,141.849,0.885,-8.62,0.119,0.423,0.848,0.0185,0.0,69,108169,1,1,4,2022,2,1,hip-hop_drill
2VjOTvl50tscmc0RDjPdr2,UK Rap,"Dave, Central Cee",Split Decision,2023-06-01,hip-hop,drill,0.674,140.065,0.922,-4.429,0.128,0.726,0.366,0.323,3.07e-06,69,198027,1,1,4,2023,6,2,hip-hop_drill
6kdCN6gTWLcLxmLXoUcwuI,Eres,Café Tacvba,Cuatro Caminos,2003-07-01,rock,spanish,0.731,149.987,0.583,-6.18,0.238,0.446,0.0271,0.0107,0.0136,74,267600,0,9,4,2003,7,3,rock_spanish
2EM9zpAc7PVeoAydmbfVIL,La Camisa Negra,Juanes,Mi Sangre,2004-01-01,rock,spanish,0.731,97.007,0.751,-4.419,0.0556,0.973,0.0308,0.0838,0.0,72,216707,0,6,4,2004,1,1,rock_spanish
129lYDVKnWtlJc2PZJviuA,A Dios Le Pido,Juanes,Un Día Normal,2002-01-01,rock,spanish,0.84,97.027,0.673,-3.564,0.0965,0.94,0.0559,0.0683,0.0,72,205373,1,7,4,2002,1,1,rock_spanish
3b1IQflSLrgzYQPGFzI9cl,Es Por Ti,Juanes,Un Día Normal,2002-01-01,rock,spanish,0.758,129.944,0.696,-6.077,0.189,0.858,0.0263,0.172,3.09e-05,77,250693,1,4,4,2002,1,1,rock_spanish
6TqXieeBcZZHyaO14hQpKx,Luz De Dia,Los Enanitos Verdes,Nectar,1999-01-01,rock,spanish,0.447,121.989,0.657,-13.148,0.0995,0.523,0.0303,0.478,0.00105,70,268867,1,0,4,1999,1,1,rock_spanish
22seP38foydqUMp5Fvkcjm,Inolvidable,Reik,Un Dia Mas (Edicion Especial),2008-01-01,rock,spanish,0.777,123.003,0.649,-3.546,0.115,0.667,0.0397,0.00738,3.43e-05,70,222987,1,7,4,2008,1,1,rock_spanish
5EhzE6HJaCcLFrf5rPqvpk,Mientes,Camila,Dejarte De Amar,2010-02-01,rock,spanish,0.592,170.391,0.332,-6.127,0.109,0.31,0.0371,0.0824,0.0,77,205160,1,1,3,2010,2,1,rock_spanish
4OyzSXRSadNQt5EMwASdap,Todo Cambió,Camila,Todo Cambio,2006-10-01,rock,spanish,0.523,173.85,0.452,-6.453,0.233,0.363,0.0625,0.563,0.0,75,193827,1,5,3,2006,10,4,rock_spanish
0dEPlb8waIqRtKpLb3l6So,Fotografía,"Juanes, Nelly Furtado",Un Día Normal,2002-01-01,rock,spanish,0.715,84.098,0.487,-4.417,0.195,0.638,0.0519,0.294,0.0,68,238133,1,7,4,2002,1,1,rock_spanish
6iRkrVOhCjgKFB2cBWnx4M,Te Lo Pido por Favor,Jaguares,El Primer Instinto,2002-10-01,rock,spanish,0.659,106.196,0.648,-6.369,0.19,0.532,0.0259,0.115,0.000307,68,206133,1,2,4,2002,10,4,rock_spanish
7vcDJCAO356RYkCfiUozmE,Maldito duende,Heroes Del Silencio,Senderos De Traición - Edición Especial,1990-07-01,rock,spanish,0.85,125.796,0.374,-5.657,0.116,0.348,0.0404,0.0904,0.0,68,253187,0,4,4,1990,7,3,rock_spanish
6QdwofpqDvvNxX88C9A0iQ,Nada Valgo Sin Tu Amor,Juanes,Mi Sangre,2004-01-01,rock,spanish,0.643,76.979,0.601,-4.581,0.283,0.387,0.0272,0.155,0.0,70,196360,1,0,4,2004,1,1,rock_spanish
5mB0MGsRfKZALHrXjnktCK,La Célula Que Explota,Caifanes,El Diablito,1990-06-01,rock,spanish,0.479,123.217,0.425,-12.22,0.378,0.279,0.0419,0.44,0.000109,72,215867,1,2,4,1990,6,2,rock_spanish
3pJfnBjO3kjudEchcPEDxS,Afuera,Caifanes,El Nervio Del Volcan,1994-10-01,rock,spanish,0.553,126.043,0.487,-11.197,0.0992,0.699,0.0425,0.209,2.81e-05,73,288600,0,6,4,1994,10,4,rock_spanish
5omgFpiMt1CGHjQGfkwzvz,Agua,Jarabe De Palo,Depende,1998-01-01,rock,spanish,0.358,145.751,0.715,-15.522,0.104,0.742,0.033,0.743,0.0133,68,254267,1,5,4,1998,1,1,rock_spanish
6hFHsQWB7HdVrSe7efRR82,Como te extraño mi amor,Café Tacvba,Avalancha de éxitos,1996-08-01,rock,spanish,0.759,124.725,0.791,-5.67,0.0993,0.917,0.037,0.0823,4.44e-05,69,214880,1,9,4,1996,8,3,rock_spanish
1Wrzhfa5bNlqvsnCztz190,Devuélveme a mi chica,Hombres G,Hombres G (Edición 30 Aniversario),1985-02-01,rock,spanish,0.936,172.547,0.594,-4.722,0.191,0.39,0.0944,0.0224,0.000351,78,194080,0,9,4,1985,2,1,rock_spanish
6Pur3hWy6Nzc27ilmsp5HA,Lamento Boliviano,Los Enanitos Verdes,Big Bang,1994-01-01,rock,spanish,0.735,123.57,0.714,-7.125,0.115,0.68,0.0306,0.176,0.000622,77,222227,0,4,4,1994,1,1,rock_spanish
6tu2FHuKL9C8pwNrityweQ,Te quiero,Hombres G,Las baladas (Los singles vol II),1996-08-01,rock,spanish,0.631,112.481,0.781,-7.615,0.0827,0.909,0.0307,0.0533,0.00285,68,225080,1,2,3,1996,8,3,rock_spanish
78DVpEWwmJFC25KGz8fJuE,Clavado en Un Bar,Maná,Sueños Líquidos,1997-10-01,rock,spanish,0.854,148.003,0.634,-3.444,0.0664,0.564,0.0369,0.00737,2.49e-06,74,310813,1,11,4,1997,10,4,rock_spanish
0EH7sgeiFqDa3eS7ieW2zs,Chammak Challo,"Akon, Hamsika Iyer",Ra-One,2011-09-01,indian,workout,0.879,133.946,0.742,-4.274,0.0981,0.936,0.0328,0.0696,7.17e-06,72,227091,0,0,4,2011,9,3,indian_workout
39ujbBjTwwqUFySaCYDMMT,Proper Patola,"Badshah, Diljit Dosanjh, Aastha Gill",Namaste England (Original Motion Picture Soundtrack),2018-10-01,indian,workout,0.824,172.006,0.77,-6.491,0.318,0.49,0.0851,0.485,0.0,70,178605,0,1,4,2018,10,4,indian_workout
34dx8DACTJsc3rsJdaEIQw,Papaoutai,Stromae,racine carrée,2013-01-01,electronic,french,0.809,116.015,0.732,-7.264,0.0642,0.253,0.0878,0.0266,0.0,70,232147,0,10,4,2013,1,1,electronic_french
7sKDftgGirHWTVFMtJoDoh,Djadja,Aya Nakamura,NAKAMURA,2018-11-01,electronic,french,0.797,97.988,0.811,-5.428,0.112,0.541,0.165,0.0617,0.0,68,171133,1,5,4,2018,11,4,electronic_french
734dz1YaFITwawPpM25fSt,Je veux,Zaz,Zaz,2010-05-01,electronic,french,0.807,155.397,0.525,-6.366,0.0504,0.741,0.0725,0.251,0.0,68,215933,0,2,4,2010,5,2,electronic_french
30D9x5LFgL2o9xidjX2wtE,Casanova,"Soolking, Gazo",Casanova,2023-07-01,electronic,french,0.831,132.029,0.798,-4.481,0.112,0.721,0.171,0.697,5.87e-05,71,189091,0,7,4,2023,7,3,electronic_french
2d8D7uk3tbAThjRkdfrx9c,Voyage voyage,Desireless,François,2001-01-01,electronic,french,0.913,123.58,0.606,-6.039,0.34,0.838,0.0351,0.246,0.00696,70,266600,0,8,4,2001,1,1,electronic_french
65uoaqX5qcjXZRheAj1qQT,Dernière danse,Indila,Mini World,2014-01-01,electronic,french,0.449,114.924,0.669,-7.658,0.0729,0.327,0.049,0.184,0.0,77,213493,0,0,4,2014,1,1,electronic_french
6nGeLlakfzlBcFdZXteDq7,Love Story,Indila,Mini World,2014-01-01,electronic,french,0.255,95.978,0.375,-12.279,0.0845,0.331,0.0377,0.815,0.0,74,316280,0,10,3,2014,1,1,electronic_french
2AMysGXOe0zzZJMtH3Nizb,Formidable,Stromae,racine carrée,2013-01-01,electronic,french,0.629,70.568,0.513,-9.055,0.146,0.498,0.19,0.0986,0.0,70,213933,0,4,4,2013,1,1,electronic_french
1eldTykrnkEBLX41bk5eMw,Petit génie,"Jungeli, Imen Es, Alonzo, Abou Debeing, Lossa",Petit génie,2023-08-01,electronic,french,0.583,126.036,0.793,-5.973,0.253,0.97,0.247,0.106,1.07e-05,71,217260,0,1,4,2023,8,3,electronic_french
5EVY9jwZDhgyLDyNGCGWYh,Seya,"SativaMusic, Morad, GIMS",Seya,2023-10-01,electronic,french,0.681,101.005,0.798,-4.818,0.137,0.434,0.0722,0.219,0.00197,73,188485,0,10,4,2023,10,4,electronic_french
6M4nkEPZMj58acftDRTuKL,Tous les mêmes,Stromae,racine carrée,2013-01-01,electronic,french,0.638,109.96,0.701,-9.061,0.279,0.646,0.165,0.223,0.00219,68,210933,0,5,4,2013,1,1,electronic_french
3a9TMd2Yrza6HXqqlfMtfy,Est-ce que tu m'aimes ? - Pilule bleue,GIMS,Mon coeur avait raison,2015-08-01,electronic,french,0.852,119.892,0.779,-3.353,0.212,0.601,0.0651,0.235,0.0,74,237093,1,2,4,2015,8,3,electronic_french
3kzXT2poHInDISrXOgT1PR,Solitaire,Werenoi,Telegram,2022-10-01,electronic,french,0.717,117.952,0.753,-8.438,0.0988,0.601,0.0384,0.151,0.00258,68,146441,0,1,4,2022,10,4,electronic_french
6IcsbETuviVu6UTiBTcxY4,Imagine,Carbonne,Imagine,2024-05-01,electronic,french,0.627,118.093,0.788,-9.072,0.232,0.909,0.0751,0.693,0.0,74,165894,0,0,4,2024,5,2,electronic_french
6C0SXfD7rR46MpWK5VJSEw,MANON B,"Tiakola, Ryflo, Oskoow",BDLM VOL.1,2024-09-01,electronic,french,0.708,130.081,0.872,-7.472,0.0998,0.308,0.176,0.336,0.0,69,169846,1,10,4,2024,9,3,electronic_french
6JCjcuo4VKAP4bHhbHj6fe,PONA NINI,"Tiakola, Genezio, Prototype",BDLM VOL.1,2024-09-01,electronic,french,0.569,115.03,0.772,-7.006,0.117,0.525,0.062,0.235,0.0,71,246979,0,6,4,2024,9,3,electronic_french
2PYlRGF5Wi5sDobsLH5gLX,MANON B,"Tiakola, Ryflo, Oskoow",MANON B,2024-08-01,electronic,french,0.709,130.081,0.872,-7.472,0.0998,0.309,0.176,0.336,0.0,71,169846,1,10,4,2024,8,3,electronic_french
66tkDkPsznE5zIHNt4QkXB,Tieduprightnow,Parcels,Tieduprightnow,2018-04-01,indie,australian,0.533,102.025,0.863,-7.986,0.0794,0.738,0.0484,0.291,0.00126,71,249957,0,5,4,2018,4,2,indie_australian
5hM5arv9KDbCHS0k9uqwjr,Borderline,Tame Impala,The Slow Rush,2020-02-01,indie,australian,0.873,97.96,0.621,-3.067,0.0824,0.873,0.0369,0.0406,9.1e-06,79,237800,0,5,4,2020,2,1,indie_australian
6RZmhpvukfyeSURhf4kZ0d,Is It True,Tame Impala,The Slow Rush,2020-02-01,indie,australian,0.664,118.018,0.731,-5.474,0.133,0.661,0.0302,0.00307,0.35,68,239267,1,0,4,2020,2,1,indie_australian
6hgoYQDUcPyCz7LcTUHKxa,Calm Down,Rema,Calm Down,2022-02-01,latin,afro-latin,0.781,107.007,0.811,-6.333,0.121,0.824,0.0428,0.376,0.001,69,219813,1,11,4,2022,2,1,latin_afro-latin
08XWh5c0BMyD1nKVxxl91z,Fountains (with Tems),"Drake, Tems",Certified Lover Boy,2021-09-01,latin,afro-latin,0.485,100.053,0.843,-8.735,0.107,0.689,0.195,0.181,0.0675,68,192418,0,10,4,2021,9,3,latin_afro-latin
2kaH2Z8ezDUKf6fNw250rZ,UNAVAILABLE (feat. Musa Keys),"Davido, Musa Keys",Timeless,2023-03-01,latin,afro-latin,0.649,113.009,0.788,-9.674,0.12,0.229,0.0532,0.253,0.0136,69,169912,1,2,4,2023,3,1,latin_afro-latin
26b3oVLrRUaaybJulow9kz,People,Libianca,People,2022-12-01,latin,afro-latin,0.422,124.357,0.573,-7.621,0.102,0.693,0.0678,0.551,1.31e-05,76,184791,0,10,5,2022,12,4,latin_afro-latin
1wADwLSkYhrSmy4vdy6BRn,soso,Omah Lay,Boy Alone,2022-07-01,latin,afro-latin,0.725,105.016,0.711,-8.315,0.11,0.53,0.0941,0.424,0.129,74,183057,0,3,4,2022,7,3,latin_afro-latin
7vKXc90NT5WBm3UTT4iTVG,KANTE (feat. Fave),"Davido, FAVE",Timeless,2023-03-01,latin,afro-latin,0.809,99.005,0.724,-5.022,0.0765,0.606,0.0929,0.182,0.0,69,194040,0,6,4,2023,3,1,latin_afro-latin
2GE3k8I0Sbh0puCjI15KGy,Barcelona,"Alan Walker, Ina Wroldsen",Barcelona,2024-06-01,pop,scandi,0.89,126.881,0.645,-4.985,0.376,0.421,0.128,0.259,9.38e-06,69,205087,1,6,4,2024,6,2,pop_scandi
